:1040000000100020355C000021A1000025A1000067
:104010000DF1020029A1000031A100000DF1020004
:104020000DF102000DF102000DF102000DF1020090
:1040300035A100002CAF03000DF102000DF10200CC
:104040000DF102000DF102000DF1020011610000FE
:104050000DF102000DF102000DF102000DF1020060
:104060000DF102000DF102009DB40000DD5B0000C7
:1040700085EF02000DF102000DF102000DF10200CA
:104080000DF102000DF102000DF102000DF1020030
:104090000DF10200396600000DF102000DF1020081
:1040A0000DF102009D5300007D5300000DF1020050
:1040B0000DF10200DF3F03000DF10200DDA401005D
:1040C000E53F0300E13F0300519C0100F13F030085
:1040D000E93F0300A1A40100ED3F0300198901009D
:1040E0001DA501000DF102000DF102000DF102000D
:1040F0000DF102000DF102000DF102000DF10200C0
:104100000DF102000DF102000DF102000DF10200AF
:104110000DF102000DF102000DF102000DF102009F
:104120000DF102000DF102000DF102000DF102008F
:104130000DF102000000000000000000000000007F
:10414000013800D0FCE770472DE9F04F93B0CDE97E
:104150000A32DDE91C530E9353EC102BCDE9080114
:10416000104619468DED060B1E9E2AF039F880B1D7
:10417000DDE906014FF0FF32C54B2AF059F840B98E
:10418000DDE906014FF0FF326FF480132AF032F8B8
:1041900070B1DDE908019DED060B0E9B1E96CDE981
:1041A0001C53DDE90A3213B0BDE8F04F00F088B9C6
:1041B0000022DDE9060100232AF01CF8002800F0A7
:1041C0003381DDE906A303F1004BCBF30A5016F46B
:1041D0008063A0F2FF3008BF06250F9329F02EFD63
:1041E0009BA3D3E9002329F093FD9BA3D3E90023EC
:1041F00029F0D8FBCBF31304894644F07F51804665
:104200000022A44B504641F4401129F0C9FB94A36D
:10421000D3E9002329F07CFD02460B46404649467F
:1042200029F0C0FB2AF00EF8044629F007FD8EA302
:10423000D3E900238046894629F06AFD0022964B87
:1042400029F0B0FB29F0FEFF89A3D3E9002307463C
:104250004946404629F05CFD80463846894629F0AB
:10426000EDFC85A3D3E9002329F052FD02460B465D
:104270004046494629F094FB02460B46CDE90C2303
:1042800029F046FDDDE90C23804689461046194693
:1042900029F088FB0022CDE91001804B40464946B9
:1042A00029F060FE00227E4B29F07CFB02460B4683
:1042B0004046494629F056FE00227A4B29F072FB0F
:1042C00002460B464046494629F04CFEDDE90C23E8
:1042D0008046894600204FF0804129F061FB02466C
:1042E0000B464046494629F05DFB02460B46DDE998
:1042F000100129F037FE07F2FF3700226A4B29F040
:1043000051FB00223B0529F003FD52465B468046E7
:10431000894629F08DFF002840F08980CDE90C897D
:1043200004F16303C72B34BF0427052731051BD5D0
:1043300053A3D3E900235046594629F06FFF0028C4
:104340007FD051A3D3E900235046594629F052FFAC
:10435000002876D00027A542C6BF2C1B04F1FF35EC
:1043600000253C4646F480660E9B9F422CBF4FF0D2
:104370000008A3EB070816F0020903D0002F18BFAE
:104380004FF000083CB1DDE90C235046594629F0B6
:10439000E9FD82468B46DDE906010022002329F073
:1043A00029FF10B10BF100439B46DDE9080126F41B
:1043B0000063CDE90183DDE90A324BEC10AB0095D7
:1043C00000F07EF802465FB3DDE9091316F0200F16
:1043D00000F10105089E0CBF65204520B047DDE9CE
:1043E00008010523002205930A23002CCDE902329F
:1043F00007F1FF374FEAD473B8BF64422A460193EE
:1044000004970A9B00942EF093FB0246B9F1000F2B
:1044100006D00B9BC41A0B9B1A190E9BA34245D8BE
:10442000104613B0BDE8F08FDDE906ABCDE6002203
:10443000404649461A4B29F095FD013CCDE90C0157
:104440006EE7002D90D00F9B002B8DD0013D8BE7A8
:10445000FB799F501344D33FB3C8608B288AC63F73
:1044600061436F63A787D23F71A379094F930A40D5
:104470001655B5BBB16B0240EF39FAFE422EE63F4E
:104480002D431CEBE2361A3F0000000080842E41D1
:10449000FFFFEF7F0000F83F0000E03F00002C40EE
:1044A00000002440000018400000F03F2020DDE91B
:1044B0000913089DA8470134ADE700BF00000000C4
:1044C0002DE9F04F5BEC10AB97B0CDE90501DDE9CC
:1044D0002057CDE90723504652465B465946229E57
:1044E00029F07EFE70B90323CDE902760193B04B2B
:1044F0000093DDE90501DDE907232EF039FA17B055
:10450000BDE8F08F4FF0FF326FF4801350465946EC
:1045100029F070FE28B10423CDE902760193A54B62
:10452000E6E74FF0FF3250465946A34B29F080FE94
:1045300068B1A24A06F00403002B08BF0322A04B77
:104540001CBF13460422CDE902760192D0E7504603
:1045500093A3D3E90023594629F06AFE38B992A300
:10456000D3E900235046594629F044FE68B1DDE9FD
:104570000723DDE905014BEC10ABCDE92176209551
:1045800017B0BDE8F04FFFF7DFBD00220023504613
:10459000594629F02FFE002800F09A805B465246CB
:1045A0000020002129F0FCF9012382468B46099363
:1045B00016F4806400F08E80092D40F28E80002475
:1045C00030210EABA5F109020134202C03F8011BA8
:1045D000A5EB040901D09442F6D15946504629F082
:1045E00031FE784B054603EBC90393ED007B8DED5F
:1045F0000A7B29F023FB02460B465046594629F018
:10460000CFF9DDE90A2329F083FB02460B46CDE909
:104610000C2329F03FFE804629F000FB02460B46A2
:10462000DDE90C0129F0BCF902460B46CDE90C236B
:104630000022654B29F0FCFD002851D008F101084B
:10464000404629F0EBFA02460B46DDE90A0129F063
:10465000DBFD10B14FF000080135B9F1000F50D16A
:10466000284629F0EBFA02460B465046594629F0F7
:1046700097F90022544B8046894629F0BBFD30B1A2
:10468000002240464946504B29F0D2FD10B1E807C0
:1046900000D501350A210EAB1A19202C0AD095FB42
:1046A000F1F001FB1055303502F8015B013405468D
:1046B0000028F2D106F00302012A57D1002F55D06D
:1046C000099A12B916F00C0F00D0013F302245E0D4
:1046D00009906DE74FF006097FE7A94600247CE7C3
:1046E0000022DDE90C01384B29F084FD0028B4D10B
:1046F000B8F1000F02D018F0010FAED008F1010898
:10470000ABE70A210EAB2344202C0ED0B8FBF1F00E
:1047100001FB1082B8F1090F02F1300209F1FF39F3
:1047200004F1010403F8012B11D83021A1440EAA91
:10473000202CAFD0A14504F101030AD11C4609F198
:1047400058030DEB03092E2309F8203CA2E780460D
:10475000DAE7A1541C46EBE71A550134A74205D904
:10476000202CF9D1CDE902760194C1E6202CF9D0B4
:10477000099A3AB12D2104F158026A4402F8201C2A
:104780000134EFE7710704D504F158022B216A4484
:10479000F4E73207E6D504F1580220216A44EDE738
:1047A0000000000065CDCD410000000065CDCDC109
:1047B000E7F40300EBF40300FFFFEF7FDEF40300F8
:1047C000E3F40300F0F403000000E03F0000000009
:1047D00070B58EB02C22002103A832F0AFFA64230A
:1047E0004FF002320893CDE905230B2301218DF808
:1047F0003430514B8DF810101B88D80700F195808C
:10480000084615F07BFF0A224C4B4D491A704FF4B5
:1048100028734C48ADF8123015F0F6FE4A4C206073
:1048200020B940F25221494805F076FB0521206865
:104830002EF0F9FE20B140F26221444805F06CFBF5
:10484000206801F0D7F9424B206819682EF062FF0A
:104850000C2516F033FE6843099016F02FFE6843CE
:104860000DEB05010790206810F08EF820B140F2A2
:104870007721364805F050FB0022364920682EF09B
:10488000D5FF20B140F27921304805F045FB40F2D8
:104890000353314D314E2B80052396F90000AB7048
:1048A0007F2801D116F088F83378EB7016F006FEF9
:1048B00000EB80008000A88016F000FE0023C000FE
:1048C0004FF0FF31E880AB604FF0FF3018A3D3E921
:1048D000002316F0CFF8224920682FF029FC206829
:1048E00002A92EF07DFF20B140F2B221174805F059
:1048F00013FB042220680DEB02012EF0F9FE0428C0
:1049000004D040F2B521114805F006FB01A90120B1
:104910002FF0C8FC05F048FC012017F06DF82AF0D4
:104920007CFD17F093F815F06DFF0EB070BD00BF61
:104930000A0020FF420300001443002087450020A6
:1049400025A701002C130020443A0020381304004E
:104950000012002095450020383A00206D160020F6
:10496000C5A801000348044B834202D0034B03B1A6
:104970001847704740180020401800200000000031
:10498000064B0749C91A891048BF0131491003D0A5
:10499000044B0BB101481847704700BF4018002076
:1049A000401800200000000010B5064C237843B9E1
:1049B000FFF7D8FF044B13B10448AFF30080012385
:1049C000237010BD8E43002000000000701C040006
:1049D00008B5054B1BB105490548AFF30080BDE89C
:1049E0000840FFF7CDBF00BF00000000701B002093
:1049F000701C0400A3F5803A704700BF174B002BD2
:104A000008BF134B9D46FFF7F5FF00218B460F466D
:104A10001348144A121A32F091F90E4B002B00D0B1
:104A200098470D4B002B00D0984700200021040030
:104A30000D000D48002802D00C48AFF300802AF08A
:104A400059F8200029002AF068FA29F0D3FD00BFA8
:104A5000000008000000000000000000001000201E
:104A600040180020E4450020000000000000000085
:104A700001480DF079BF00BF206E030037B52BF061
:104A800020FD06F07DFB4FF47A743C21B0FBF4F37B
:104A9000B3FBF1F2B2FBF1F504FB130401FB12339B
:104AA00001FB152204490094B0FBF1F103480DF01D
:104AB0005BFF03B030BD00BF80EE3600306E0300F8
:104AC00008B50A480DF050FF4FF47A7006F018FB55
:104AD000BFF34F8F0649074BCA6802F4E0621343E5
:104AE000CB60BFF34F8F00BFFDE700BF496E0300EF
:104AF00000ED00E00400FA051FB5D0E9023253F8DA
:104B0000221003EB82035A68097812788DF8081096
:104B10008DF809209A6801AC12788DF80A20DA68BD
:104B200012788DF806201A695B6912781B788DF867
:104B300005208DF804304FF480720123ADF80C206D
:104B40008DF80B308DF8073094E807002AF068F9EB
:104B500028B9064804B0BDE810400DF005BF94E840
:104B6000070000F07FFD0248F4E700BF5D6E030020
:104B70006C6E03001FB5D0E9023253F8221003EB2C
:104B800082035A689B6809781B7812788DF8043084
:104B900001238DF807304FF0807302934FF4807338
:104BA0008DF806108DF80520ADF80C3001AC94E8B6
:104BB00007002AF035F928B9054804B0BDE81040CF
:104BC0000DF0D2BE94E8070000F0DCFD0148F4E7E8
:104BD0005D6E03007A6E03001FB5D0E9023253F810
:104BE000221003EB82035A689B6809781B781278BD
:104BF0008DF80A3001238DF80B304FF48073ADF837
:104C00000C304FF080738DF808108DF80920019357
:104C100001AC94E807002AF003F928B9054804B06C
:104C2000BDE810400DF0A0BE94E8070000F0FCFDC8
:104C30000148F4E75D6E0300846E030010B5D0E90F
:104C4000023203EB820153F82230D1E901140978D2
:104C50001878003918BF0121003818BF01202278C8
:104C60002AF009F9BDE8104001480DF07DBE00BFF3
:104C70008E6E030000B589B005A800F033FE9DF8E4
:104C80001A309DF8152002939DF819309DF81610E2
:104C900001939DF81830044800939DF814300DF0EE
:104CA00063FE09B05DF804FB9E6E03001FB501A80A
:104CB00000F018FE9DF804309DF805209DF80610C0
:104CC00002480DF051FE05B05DF804FBDF6E0300F5
:104CD0001FB501A800F006FE9DF80A309DF80920D6
:104CE0009DF8081002480DF03FFE05B05DF804FB8A
:104CF000BD6E030010B52AF0E7F84400C0F3C710FA
:104D0000E4B240B105480DF02FFE2146BDE8104049
:104D100003480DF029BE0348F5E700BFFF6E03000E
:104D20001A6F03000A6F030000B591B068462AF0BD
:104D3000DBF89DF800104D480DF016FE9DF80110AF
:104D40004B480DF011FE9DF802104A480DF00CFE84
:104D50009DF8031048480DF007FE9DF804104748E1
:104D60000DF002FE9DF8051045480DF0FDFD9DF883
:104D7000061044480DF0F8FD9DF8071042480DF06C
:104D8000F3FD9DF8081041480DF0EEFD9DF8091067
:104D90003F480DF0E9FD9DF80A103E480DF0E4FD96
:104DA0009DF80B103C480DF0DFFD9DF80C103B48C2
:104DB0000DF0DAFD9DF80D1039480DF0D5FD9DF888
:104DC0000E1038480DF0D0FD9DF80F1036480DF04C
:104DD000CBFD9DF8111035480DF0C6FD9DF8121061
:104DE00033480DF0C1FD9DF8131032480DF0BCFDA5
:104DF0009DF8141030480DF0B7FD9DF815102F48A0
:104E00000DF0B2FD9DF816102D480DF0ADFD9DF88A
:104E100018102C480DF0A8FD9DF819102A480DF027
:104E2000A3FD9DF81A1029480DF09EFD9DF81B105A
:104E300027480DF099FD9DF81C1026480DF094FDB3
:104E40009DF81D1024480DF08FFD9DF81E1023487D
:104E50000DF08AFD9DF81F1021480DF085FD2148B9
:104E60000DF082FD11B05DF804FB00BF2C6F030054
:104E70003F6F0300526F0300656F0300786F0300FC
:104E80008B6F03009E6F0300B16F0300C46F0300BC
:104E9000D76F0300EA6F0300FD6F0300107003007B
:104EA0002370030036700300497003005C70030038
:104EB0006F7003008270030095700300A8700300F8
:104EC000BB700300CE700300E1700300F4700300B8
:104ED000077103001A7103002D7103004071030074
:104EE000537103008071030008B5054B1968054B29
:104EF00018682AF07AFEBDE8084003480DF034BD7A
:104F0000981000209811002066710300064A03469D
:104F1000106800B9704702789A4202D142788A42FA
:104F2000F8D0806AF5E700BF881B0020074B1B689C
:104F300003B9704703F10802904202D15A6812B9CE
:104F400070479B6AF4E7597818781047881B00204F
:104F50002DE9F04F032887B00646884617461D46C0
:104F60009DF844909DF848B000F2C680644B1B5CED
:104F7000CB40DB0740F1C0806FF00043642A9246CB
:104F800028BF4FF0640A9D4228BF1D46632A65D89A
:104F9000504628F043FE00225A4B28F0E3FFCDE9AB
:104FA0000201284628F03AFE02460B46DDE90201DE
:104FB00028F0AEFE29F06EF903462A1A52490C6811
:104FC000002C4ED14020059202932DF0A9FC0446FE
:104FD000002800F093804FF0000B109B059AC360EF
:104FE000029BC0E9052B8560036104224B464146C4
:104FF00080F801B0867080F8038080F804A080F803
:105000000090C0F83CB0304602F08CF8FF2304F169
:105010001C050093594628463C4A08F049FE3A4B85
:105020001B68002B39D1384B1C60FF2128462BF020
:1050300087FB632F48D9FF2104F11C002BF088FB6C
:105040000122E078A17882403020314B257800FBA6
:105050000133002D49D042F2100148E02B460022D6
:10506000ACE7A178B14216D1E178414513D121795D
:10507000514518D0002161701099C4E90432E160F3
:1050800084F804A0FF21A56084F8009004F11C00BE
:105090002BF056FB11E0E46B92E71A46DB6B002B1A
:1050A000FBD1D463C1E7A168A942E3D12178494586
:1050B000E0D1E16810988142DCD1BBF1000FB8D09B
:1050C000FF2104F11C00B2E797B9FF2104F11C0095
:1050D0002BF03EFB0122E078A178824030200C4B7F
:1050E000257800FB0133002DB5D041F210015A5054
:1050F000002007B0BDE8F08FF020FAE7F120F8E7D4
:105100008975030000005940901B002015510000D4
:1051100000C00350F8B503461E4A146804B9F8BD30
:1051200004F11C00834201D0E46BF7E70122302533
:10513000E378A1789A406778174B267805FB01330E
:10514000AFB166B141F210015A50E36813B1A269E0
:10515000934207D9FF2162692BF0E9FA04E042F299
:105160001001F1E70023A36100236370D7E76EB15C
:1051700042F210015A50E36813B1A3690133A361ED
:10518000FF2122692BF0D3FA0123EEE741F210014F
:10519000F0E700BF901B002000C0035070B504462C
:1051A00001250C4E04B970BD94FAA4F3B3FA83F34D
:1051B000306805FA03F224EA02040028F2D0C2782B
:1051C0009A4205D1FA22FF2108302BF0B0FAE9E724
:1051D000806AF2E7881B002003282DE9F047054686
:1051E0000F469246994631D81B4B1B5CCB40DB07E0
:1051F0002CD5DFF86880D8F80060CEB908202DF0F3
:105200008FFB044630B333464570877080F803A0A7
:1052100080F80090466001223946284601F082FF5E
:10522000D8F8003063B9C8F800400020BDE8F08726
:105230007378AB4202D1B378BB4209D07668DCE721
:105240001A465B68002BFBD15460EEE7F020EDE7D7
:10525000F220EBE7F120E9E7897503008C1B0020C1
:1052600003282DE9F74307460E46914698466FD826
:105270003B4B1B5CCB40DC076AD5B8F1000F69D013
:10528000FFF744FE002867D1192001F0B1FE28B1D4
:105290004FF00072334BC3F880211A601A2001F0DE
:1052A000A7FE28B14FF080622E4BC3F880211A6010
:1052B0002C202DF035FB04462AF02BF82A4B3546DE
:1052C000D3F8243406F0FC0223FA06F1C9070FD5FF
:1052D00000210131C9B2042901D1FF2508E0751868
:1052E00005F00305154423FA05FC1CF0010FF0D16D
:1052F0002AF015F8FF2D31D0FF2300211B4A27701B
:10530000667084F80290C4F80480E570A16204F12C
:105310000800009308F0CCFC154A136893B9146098
:105320000322A3786178207801F0FCFE012338463F
:105330002A463146CDE9003301F0AEFE002003B02D
:10534000BDE8F0831A469B6A002BFBD19462E7E725
:10535000F020F4E7F120F2E7F320F0E7F220EEE7A7
:105360008975030000E100E000C003502D4F0000EC
:10537000881B00200048704790750300064BD3F847
:105380002404D3F8202403F50053104000F05530D6
:10539000C3F82004FFF702BF00C00350064BD3F848
:1053A0002404D3F8202403F50053104000F0AA3061
:1053B000C3F82004FFF7F2BE00C00350044B10B541
:1053C0001C681CB1236898476468FAE710BD00BFE9
:1053D000941B00200F4B10B51B7804460BB9F0202E
:1053E00010BD0028FBD008202DF09AFA0028F6D036
:1053F0000023094A43601368046013B91060002059
:10540000EEE71A465B68002BFBD1136850609847A3
:10541000F5E700BF8F430020941B0020F8B5094E2C
:10542000044633780D465BB9FFF7A4FF01220769F4
:1054300029462046044BB84708B901233370F8BD0C
:10544000F020FCE78F430020BD5300002DE9F04F12
:1054500087B00D4616461C4680469DF840A00028A1
:105460005FD0324B984202D0314B98425BD14FF023
:10547000300901230A223146284601F053FE4FF03D
:10548000010B01230A225146204601F04BFE09235D
:10549000284F0BFA06FB09FB057909F5005210327B
:1054A00001936420C2F800B0009206F0F3FA41F2D2
:1054B0001001642049F801B006F0ECFA019B009A53
:1054C000013BEDD1194B98451CD1032345EA064613
:1054D00044EA0A44C7F89834C7F89C64C7F8A04463
:1054E00040F201130024ADF80830134B404602A9E6
:1054F000CDE903438DF8144001F092FE204607B039
:10550000BDE8F08F0A4B9845EAD1032345EA0645EA
:1055100044EA0A44C7F8A834C7F8AC54C7F8B04402
:10552000DEE7F020EBE7F120E9E700BF0000015AD9
:105530000080065000C00350A0860100004870475C
:10554000B075030038B5054601F0A6FF044C0128EC
:1055500001D1013C00D138BD284601F083FEF6E7B9
:10556000E19304002DE9F0430446884687B01646CF
:10557000DDE90E971022002102A81D4631F0DEFB66
:10558000082CADF80480ADF8064022D84FF48B7398
:10559000E340DB071DD5CEB12B880296ADF80C3069
:1055A000B9F1000F04D03B88CDF81090ADF814305D
:1055B000094801A9FFF7C6FFBDF80C302B80BDF8E4
:1055C00014303B80C0B207B0BDE8F0836FF0030039
:1055D000F8E7FC20F7E700BF0000015A90B589B05A
:1055E00002AF0346FB710B46BB7113467B71FFF79D
:1055F000A5FF03461C68002300930123012201211B
:105600001548A047154829F07BFBFB79002B04D0F7
:105610001249012029F009FB03E01049012029F07B
:1056200012FBBB790D49184629F01BFB7B790B490E
:10563000184629F038FB094829F094FB07F10C03C0
:105640000649184629F095FB05480DF08DF900BF75
:105650001C37BD4690BD00BF0000015A904300209A
:10566000C07503002DE9704F8AB003AC84E80700D1
:1056700094E8070029F0D4FB00287ED094E80700C6
:1056800007AB03C31A800AAB13E9070029F0C8FB74
:1056900000285FD09DF815109DF811309DF814205A
:1056A0009DF80C0001910093029229F005FB344E05
:1056B0009DF80DB096F800C09DF80EA02CF07F0C60
:1056C00040EA0C003070584629F0F6FA96F801C00E
:1056D0009DF80F902CF07F0C40EA0C007070504643
:1056E00029F0EAFA01999DF810809DF812409DF882
:1056F000135000293BD1029AA2B340F06000C0B21F
:10570000B27822F07F021043B070484629F0D4FAF4
:10571000F27822F007021043F070404629F0CCFAEC
:10572000327922F03F0210433071009829F0C4FA18
:1057300005B340F02000C0B2727922F03F0210435E
:105740006422B4FBF2F1707102FB1140C0B229F087
:10575000B3FAB0710A22002009490AB0BDE8704FBF
:1057600029F0DCBA00F0DF0040F04000C8E700F0AC
:10577000BF00C5E700F0DF00DEE70AB0BDE8708FCC
:10578000904300207FB501AB83E8070093E8070052
:1057900029F046FB00283ED09DF8040029F08CFA41
:1057A0001E4C237823F07F03184320709DF80500DA
:1057B00029F082FA63789DF80D6023F07F03184387
:1057C00060709DF806009DF80C5029F075FAFEB93E
:1057D000CDB140F06000C0B2A378012223F07F0376
:1057E0001843A0700D49002029F098FA01220020EA
:1057F0000B4929F093FA012200200A4904B0BDE8C0
:10580000704029F08BBA00F0DF0040F04000E3E781
:1058100000F0BF00E0E704B070BD00BF904300207F
:10582000914300209243002030B585B001AB83E85E
:10583000070093E8070029F0F3FA002846D09DF806
:10584000070029F039FA224CE37823F007031843C4
:10585000E0709DF8080029F02FFA23799DF80B508D
:1058600023F03F03184320719DF8090029F024FA22
:105870004DB340F02000C0B2637923F03F031843DA
:10588000642360719DF80A00B0FBF3F203FB120081
:10589000C0B229F011FA0122A0710E49002029F0AE
:1058A0003DFA012200200C4929F038FA012200209B
:1058B0000A4929F033FA01220020094905B0BDE860
:1058C000304029F02BBA00F0DF00D5E705B030BD3D
:1058D00090430020934300209443002095430020F0
:1058E0009643002037B50A230446084D0020294678
:1058F0000DF10602ADF8063029F0EBF929462046F5
:1059000003B0BDE8304029F034BA00BF9043002016
:1059100007B5064B0190009301210420044B054A72
:1059200008F0D6FC03B05DF804FB00BF6FEF030086
:10593000D8750300DD75030030B50A4C0A4B2268A8
:105940000A4D1A600A4B85B02B600A4B019303F095
:105950002FFD2B68029001A92068039329F0A3FF73
:1059600005B030BD981100209C270020982700200A
:105970008C11002071AD0300014B186829F0A7BFFE
:105980009811002038B503F013FD0446064D2B682E
:10599000D3F8B00203F000FD286829F0ABFF2046E1
:1059A000BDE8384003F0F8BC9811002010B51E4C3B
:1059B00029F093FC236F23F0070343F002032367CE
:1059C00029F092FCD4F82031002023F0070343F0A3
:1059D0000103C4F82031D4F8403123F0030343F02D
:1059E0000103C4F84031D4F8603123F0030343F0DD
:1059F0000103C4F86031D4F8403223F0030343F0CC
:105A00000103C4F84032D4F8003223F0070343F016
:105A10000103C4F80032D4F8083223F0070343F03E
:105A20000103C4F8083210BD0080005007B501A87A
:105A300001F0C0FE9DF80530012B27D1214A936D5E
:105A4000DB0313D4536B23F4FF0323F4FE4343F42B
:105A5000BC1343F4A0635363136B23F4704343F408
:105A600040431363136B43F4E06313639DF8043006
:105A700063B94FF000531B68134B1B68134B1B6833
:105A8000134B1B68134B1B68134B1B68134AD2F84C
:105A9000803043F00303C2F8803003F05FFC03F072
:105AA0001BFC03F021FCFFF781FF03F003FC00F077
:105AB000F3FA03F067FF00F0F9FD03B05DF804EBC3
:105AC00004F0BEBD00C00050004000200080002057
:105AD00000C0002000000120004001200080005094
:105AE00030B5194D95B00DAC0FCD0FC495E807003A
:105AF000164B84E80700164A0021CDE9032306234C
:105B00000E220DF12600CDE9053131F017F94FF4E1
:105B10008021104B0DAACDE907130B238DF82430FB
:105B20000C238DF825300C4B07A90A9320230B93E7
:105B300001238DF83130094B0948009303AB03F082
:105B400045FE15B030BD00BF90AD0300210005003B
:105B50000080055024800550AE430020541E0020D4
:105B6000A41E0020831E012B10B512D8012922D8B3
:105B7000114B04221B6905210020C3F3401301F0DF
:105B8000D1FA0E4B1B681868A8B1BDE81040436AF3
:105B900018478B1E012B0CD801280CD8BDE81040EB
:105BA0000022054B05211B691046C3F3401301F089
:105BB000B9BA0129E5D910BD00C003509C110020DD
:105BC00008B50449044804F0E7FDBDE80840FFF7C4
:105BD00087BF00BFA0110020C81E002001482AF086
:105BE0006ABB00BFA41E0020014B1A6A1868104748
:105BF000A41E002038B5054629F014FC044628B937
:105C000028460EF0EFFE034B1C7038BD0424022022
:105C1000F9E700BFCE4300200348044A0449121AA2
:105C2000921029F074BA00BF2C2404002C24040024
:105C3000E445002008B500F02FF8FFF7EDFF124B08
:105C400012498B4212D30020114B12498B4218D3B8
:105C5000FEF7D4FE186850F82240586840F82240F9
:105C6000013298688242F5D30C33EAE70022F8E764
:105C70001C6844F8220001325C68A242F8D3083361
:105C8000E4E70022F8E700BF781C0400841C04004D
:105C9000841C0400841C04006FF00100104B114AA6
:105CA00010B59A60D3F888200F4942F47002C3F807
:105CB000882001F50052106641F2FF705066022004
:105CC000C3F8D000BFF34F8FBFF36F8F08244FF49A
:105CD00040330648C0F88041D36004600B6110BDBA
:105CE00000ED00E0004000000080004400E100E022
:105CF000014B1868704700BFC8110020014B1860A5
:105D0000704700BFC8110020084B1B6F03F007034A
:105D1000022B04D0032B05D0012B05D0FEE7044B4A
:105D200018687047034BFBE703487047008000503A
:105D3000C8110020D0110020002D310108B5FFF757
:105D4000E3FF054B1B6FC3F301330133B0FBF3F0EB
:105D5000024B186008BD00BF00800050C411002035
:105D60000048704700B4C404014B1868704700BF76
:105D7000D0110020054B1860054B1B6F03F0070383
:105D8000032B01D1FFF7DABF704700BFD01100200D
:105D90000080005000487047002D3101174B986873
:105DA000C0F304400C280AD8DFE800F00B09090909
:105DB0000909072119091B1D1F0011487047002000
:105DC00070479B6803F04073B3F1807F11D0B3F14B
:105DD000007F10D00B4A002B08BF104670470A48BE
:105DE00070470A4870470A4870470A4870470A488F
:105DF00070470A4870470A48704700BF0040015A80
:105E0000405DC60000093D00C0EA210180BA8C0156
:105E10000048E801005A62020024F40080841E0059
:105E200040420F00014B1868704700BFCC110020A2
:105E3000BFF34F8F0549064BCA6802F4E062134373
:105E4000CB60BFF34F8F00BFFDE700BF00ED00E068
:105E50000400FA0500239B6AB3F5804F03D219684A
:105E6000064A914203D000230370836070470122E9
:105E700002709A689B694260F7E700BF07B0CD5E89
:105E800073B5494B04461A781AB102221A7002B04F
:105E900070BDCDE900220028F9D001261E7029F03E
:105EA00038FA424D424B186011F024FC2B785BB954
:105EB00000F0FCFB40B93F4808233F4A3F490068D7
:105EC0000DF0BEFF00B92E703D4B5A68E2603D4AAE
:105ED0009A601A6E22605A6E6260D3F87021A260D6
:105EE0001B6E5C0440D5384AD368D807FCD4374BC6
:105EF0001A68531C3DD04FF480139340344A136604
:105F00000423334C23664FF48063236629F02AF977
:105F100001300ED029F026F940F20113984208D042
:105F20004FF4804323664FF4004323661023C4F8E4
:105F300070311023264C4FF0804223664FF40053FB
:105F40006846236601A92266636629F0F3F8009B80
:105F50002366019B63662B78002B98D0164B1A683A
:105F600022665B68636692E71A4AD368D907FCD455
:105F7000BDE7194B1B78002BC2D1184B5A68144B44
:105F800012B94FF480121A66154A526812B94FF4CA
:105F900000121A66134B5B68002BB1D14FF48002DC
:105FA0000B4B1A66ACE700BFD0430020D143002062
:105FB000E01E0020FC110020E41E002000710800FB
:105FC0000080004455CEAC0000000440D4110020F5
:105FD0000090004400000450CF4300200080055092
:105FE00000C005500000065038B5224D04462B78FD
:105FF000012B02D001232B7038BD0028FCD029F0E2
:10600000B1F8013009D029F0ADF840F201139842FF
:1060100003D0194AD368DB07FCD42268174B1A66F1
:1060200062685A66A268C3F87021E268D40744BF68
:1060300000229A60124B1A68013213D1114A127869
:1060400082B911494968C80748BF1A600F4A5268A7
:10605000D10744BF01221A600D4A5268D20744BFDB
:1060600002221A6011F04EFB0A4B186829F057F90A
:106070000023C0E7D043002000000440008000441B
:10608000D4110020CF4300200080055000C00550EF
:1060900000000650E01E002038B500239B6AB3F5CF
:1060A000804F25D21A68144B9A4221D1134D2B7878
:1060B00013F0FD0402D00024204638BD1048FFF73D
:1060C000DFFE08214FF480330E4A0F48C2F88011DA
:1060D000C36011600D4A1361A36ADB6998470446E7
:1060E0000748FFF781FF002CE6D101232B70E2E780
:1060F0004FF48174E0E700BF07B0CD5ECF430020CE
:10610000D01E002000E100E000A000440090004408
:1061100013B5204B1B7803B9FEE700231E4CCDE9D5
:1061200000336A4608231D4920680DF089FEF0B946
:106130001B4AD2F84031D2F840211F2B4FF0010307
:1061400010D9203A9340019A1A43019208236A46D3
:10615000124920680DF02AFE4FF00053114A1A60D0
:10616000FFF766FE9340009A1A430092EEE70E4B4B
:106170009842F1D10A4AD2F84031D2F840211F2B7F
:106180004FF0010385BF203A93409340019398BF9D
:106190000093DBE7D0430020FC11002000710800D1
:1061A000008000440B020FF00BE000F070B5D0B19E
:1061B000C9B10E4E431E013913F8014F2046325D1E
:1061C00002F00302012A11F8012F08BF04F1200098
:1061D000B55C05F00305012D08BF2032801A01D1FE
:1061E000002CE9D170BD0120FCE700BFF9150400C7
:1061F0000346054A0549106803448B428CBF4FF0A3
:10620000FF301360704700BFD811002000800120CC
:106210002DE9F04F9A46564B85B01B7806460F463F
:106220001546DDF83C909DF844B0DDF85080002B19
:1062300000F09780072A00F296800E9B002B00F05A
:106240009280B9F1000F00F08E80129BB3F5006FC1
:1062500000F38980012803D1109B002B00F083807C
:10626000444B03EB05131B7B002B7ED0424C1022CA
:106270000021684630F062FD04EB45141022A7BBF4
:106280003946204630F05AFD43F210036380BBF1DB
:10629000000F03D1E37843F00303E370364A0E9B0B
:1062A00002EB451CCCE90193129B6901581E9DF835
:1062B0004C30C0F30A0003F003039B0643EA001EC0
:1062C00053582E48012E00EA03004EEA0003CDF891
:1062D00000A0535017D0B8F1000F2ED19CF8023017
:1062E00068F304138CF8023027E00021204630F0D8
:1062F00025FD4FF444736380BBF1000FCED1E378EA
:1063000043F03003C9E713230CF1100ECCF80C3026
:106310009CE80F008EE80F006FF00301DCF81C20F2
:10632000109B61F39F02012FCCF81C20CCF8143095
:1063300003D1CCF81890CCF8043000270D4A29017D
:1063400002EB051342F80180159A28465A60694607
:1063500022469F605E7301F031F9384605B0BDE812
:10636000F08F0748FAE70748F8E70748F6E700BF65
:10637000D2430020EC1F0020EC1E00200F80FFF312
:10638000028000F0018000F0078000F038B5124B69
:1063900005461B78DBB1E0B128F0BBFF0F4A0023B4
:1063A0001146147B54B92B6001251A0101EB03132C
:1063B0001D738C5028F0B3FF204638BD0133082BE5
:1063C00002F11002EDD128F0AAFF0548F5E70548D3
:1063D000F3E70548F1E700BFD2430020EC1F00209F
:1063E000048000F0028000F0018000F038B528F051
:1063F00090FF002305460B4A147B6CB90133082B30
:1064000002F11002F8D101F08DF8074B28461C70FC
:1064100028F085FF204603E0284628F080FF034847
:1064200038BD00BFEC1F0020D2430020058000F0E3
:106430000D4B10B51B78044693B1072812D828F0ED
:1064400068FF0A4B03EB04131A7B2AB100241C7368
:1064500028F065FF204610BD28F061FF0448FAE7E8
:106460000448F8E70448F6E7D2430020EC1F002078
:10647000068000F0028000F0018000F0154B13B59B
:106480001868002301908DF8043028F042FF124B69
:106490001C7824B128F043FF104802B010BD01223F
:1064A0001A7028F03CFF0E4B01A81C731C7783F870
:1064B0002C4083F83C4083F84C4083F85C4083F8E0
:1064C0006C4083F87C4008238DF8073001F04CF8CD
:1064D0002046E2E77CAF0300D2430020038000F0B7
:1064E000EC1F00200A4A08B512785AB107280BD8C9
:1064F000084A02EB00131B7B43B1002101F026F890
:10650000002008BD0448FCE70448FAE70448F8E71F
:10651000D2430020EC1F0020028000F0018000F038
:10652000078000F00A4A08B512785AB107280BD83C
:10653000084A02EB00131B7B43B1012101F006F86E
:10654000002008BD0448FCE70448FAE70448F8E7DF
:10655000D2430020EC1F0020028000F0018000F0F8
:10656000078000F00A4A08B5127852B107280AD805
:10657000084A02EB00131B7B3BB101F069F80020D5
:1065800008BD0548FCE70548FAE70548F8E700BFFD
:10659000D2430020EC1F0020028000F0018000F0B8
:1065A000078000F00D4B1B7893B1072812D889B1F2
:1065B0000B4B03EB00131B7B73B10A4B1A6D0123CA
:1065C0008340134214BF0123002300200B70704747
:1065D000054870470548704705487047D24300207A
:1065E000EC1F002000000450028000F0018000F049
:1065F000078000F00B4A10B512780C4662B10728EC
:106600000CD859B1084A02EB00131B7B43B101F0CF
:1066100031F82070002010BD0448FCE70448FAE778
:106620000448F8E7D2430020EC1F0020028000F06D
:10663000018000F0078000F0184B2DE9F0411F6D3C
:106640005B6D1F4000D5FEE701260025144CDFF8E6
:106650005880374218D02368C8F85060A3B1A168A9
:10666000284601316268A1609847637B012B0BD1FA
:1066700050B90C4B03EB45131A7B60F341021A73BC
:106680001A7F60F341021A770135082D4FEA46065A
:1066900004F11004DDD1BDE8F08100BF000004501A
:1066A000EC1F0020EC1E002000200450024B196853
:1066B000024B18680DF0A0BADC110020FC1100207C
:1066C00070B59400224605460E4630F089FB431C07
:1066D0000AD058B922463146284630F005FB00283A
:1066E000034808BF002070BD0248FCE70248FAE7F3
:1066F00010E000F021E000F024E000F010B50446C6
:1067000030F06AFB431C10D088B901F061F82346D1
:1067100020F003002044984201D1002010BD53F81E
:10672000042B0132F7D00348F8E70348F6E70348A3
:10673000F4E700BF0EE000F021E000F024E000F0FC
:1067400008B528F0DBFD014B186008BD5C27002070
:10675000014B186828F0D6BD5C27002041F6713344
:10676000124A30B5D469124DD3639368A84204F439
:10677000803423F4401306D893600E4AD2F81832BE
:1067800023F002030AE043F4801393600A4B98421B
:10679000F3D9084AD2F8183243F00203C2F818328B
:1067A00014B10022014BDA6330BD00BF000003507A
:1067B000005A620200C0075080F0FA022E4B984245
:1067C0004AD022D82D4B984240D014D82C4B984216
:1067D00039D00AD82B4B984232D02B4B98422FD02D
:1067E0002A4B98422CD000207047294B9842FAD16E
:1067F000284B186F7047284B98422AD0274B984255
:10680000F1D1244BD3F880007047254B98422BD010
:1068100009D8244B984223D0234B9842E3D11D4BF7
:10682000D3F88C007047214B984221D003F57403B4
:1068300003F510539842D6D1164BD3F89800704701
:10684000144B986D7047134B586E7047114B586F2F
:106850007047104B986F70470E4BD3F88400704709
:106860000C4BD3F8880070470A4BD3F89000704760
:10687000084BD3F8940070470048E8010024F40066
:10688000C0CF6A0080841E0000093D0040420F0016
:10689000405DC6000080E00FC0EA210180BA8C0193
:1068A000007E560380D54302006CDC020090D003CA
:1068B00038B5134B0546D3F820010C4600F007000D
:1068C00004281AD8DFE800F003090D111500012390
:1068D00005B1286004B1236038BDFFF709FA04232D
:1068E000F6E7FFF741FA0323F2E7FFF757FA05232C
:1068F000EEE7FFF74FFA0223EAE700231846E7E73F
:106900000080005037B50C460021114B0191D3F89F
:106910008031054603F00303022B0ED0032B11D068
:10692000012B03D101A8FFF7C3FF0D210DB1019B7E
:106930002B6004B1216003B030BDFFF72FFA0521B1
:106940000190F3E7FFF726FA02210190EEE700BF7E
:106950000080005038B5104B0546D3F840310C4646
:1069600003F00303022B0BD0032B0DD0012B0FD10F
:1069700028F0DAFB082305B1286004B1236038BD94
:10698000FFF750FA0723F6E728F0D1FB0923F2E7D7
:1069900001230020EFE700BF0080005038B5104B06
:1069A0000546D3F860310C4603F00303022B0BD0ED
:1069B000032B0DD0012B0FD128F0B6FB082305B116
:1069C000286004B1236038BDFFF72CFA0723F6E7EF
:1069D00028F0ADFB0923F2E701230020EFE700BF19
:1069E0000080005038B5144B0546D3F800020C4621
:1069F00000F0070004281BD8DFE800F003090D11A0
:106A00001500012305B1286004B1236038BD28F0CA
:106A10008BFB0823F6E7FFF705FA0723F2E728F0D8
:106A200086FB0923EEE7FFF789F90C23800AE9E7E3
:106A300000231846E6E700BF0080005038B5144B2D
:106A40000546D3F808020C4600F0070004281BD8BE
:106A5000DFE800F003090D111500012305B12860DE
:106A600004B1236038BD28F05FFB0823F6E7FFF789
:106A7000D9F90723F2E728F05AFB0923EEE7FFF7DD
:106A80005DF90C23800AE9E700231846E6E700BF1A
:106A90000080005038B5104B0546D3F840320C4604
:106AA00003F00303022B0BD0032B0DD0012B0FD1CE
:106AB00028F03AFB082305B1286004B1236038BDF3
:106AC000FFF7B0F90723F6E728F031FB0923F2E7D7
:106AD00000231846EFE700BF0080005038B5104B88
:106AE0000546D3F800310C4603F00303022B0BD00C
:106AF000032B0DD0012B0FD1FFF736F9032305B17E
:106B0000286004B1236038BDFFF78CF90723F6E74E
:106B100028F008FB0623F2E701230020EFE700BF7F
:106B200000800050032814D005D8012805D0022881
:106B300009D0002005E00F28FBD1084B186FC0F3E7
:106B4000013001307047054BD3F89000C0F304606A
:106B5000F7E7024B186FC0F38020F2E70080005087
:106B60001FB500230193252817D8DFE800F0131A7A
:106B70001D272C363B51565B60656A78161A401605
:106B800016561A272C27361A5127783B3B3B3B27B2
:106B900027275B60FFF7B8F80190019805B05DF812
:106BA00004FBFFF7CBF8F7E7FFF7AEF80246022049
:106BB000FFF7B8FFB2FBF0F20192EEE7FFF7BEF885
:106BC00002460320F4E7FFF7B9F802460320FFF777
:106BD000A9FFB2FBF0F25208EEE7002101A8FFF78F
:106BE00091FEDAE7002101A8FFF762FED5E70293E4
:106BF0004FF0E0231B695B0705D5FFF79FF8029074
:106C0000029B0193C9E703A902A8FFF7A3FEF7E7D8
:106C1000002101A8FFF79EFEBFE7002101A8FFF7B2
:106C2000BDFEBAE7002101A8FFF7DCFEB5E70021B1
:106C300001A8FFF703FFB0E7002101A8FFF74EFF0F
:106C4000ABE7094BD3F8803003F00303022BA8D045
:106C5000032B01D000209FE7FFF7A0F89CE700215D
:106C600001A8FFF717FF98E70080005008B5012042
:106C7000FFF776FFBDE808400349884294BF012131
:106C80000221032000F002B880F0FA02032810B5B8
:106C90000C4627D004D8012804D0022817D010BDF4
:106CA0000F28FCD128F00DFB28F013FB124A013C01
:106CB000136F23F4405343EA04331367FFF73EF89E
:106CC0000021FFF74BFDBDE81040FFF7CFBF0A4A98
:106CD0004C1ED2F8903023F0F85343EA0463C2F814
:106CE0009030DCE7044A4C1E136F23F4806343EAC0
:106CF00084231367D3E700BF008000501FB5002333
:106D00000193252821D8DFE800F013202020202A35
:106D10002F454A4F54595E7120203420204A2020AC
:106D200020202A204520712F2F2F2F2020204F5444
:106D3000314B1B6F03F00703013B032B05D8DFE842
:106D400003F00C02080A04230193019805B05DF8D2
:106D500004FB0323F8E70623F6E70223F4E7002009
:106D600001A9FFF7CFFDF0E7002001A9FFF7A0FD83
:106D7000EBE702934FF0E0231B695B0705D5FEF7B5
:106D8000DDFF0B230393039BDEE703A902A8FFF7B4
:106D9000E1FDF8E7002001A9FFF7DCFDD5E70020C1
:106DA00001A9FFF7FBFDD0E7002001A9FFF71AFEBC
:106DB000CBE7002001A9FFF741FEC6E7002001A9AB
:106DC000FFF78CFEC1E70C4BD3F8803003F00303D0
:106DD000022B03D0032B05D00023B5E7FEF7AEFF4F
:106DE0000B23B1E7FEF7DAFF0523ADE7002001A989
:106DF000FFF750FEA9E700BF0080005038B50546F8
:106E0000FFF7DCFC204B04465A68012A04D11F49D5
:106E10004A609A699207FCD10020FFF76FFF0428AF
:106E200003D128F04EFA28F054FA194A24F040739E
:106E300095421FD0174A95421FD0174AD16811F0CA
:106E4000060FFBD19068936091684B4013F4F81FD4
:106E500016D12846FEF752FF0020FFF74FFF042807
:106E600010D1FEF76BFF0021FFF778FCBDE838403A
:106E7000FFF7FCBE43F00073DFE743F08073DCE70D
:106E80009060E9E738BD00BF00C0015000E001504C
:106E900040420F0080841E0000000150F8B50446F7
:106EA0000020FFF72BFF032800F0818045F60E033A
:106EB00002213F4AC2F880303E4B9962012103F51E
:106EC00080539962936DD903FCD4D4E900131B0558
:106ED00043EA0163E17B94F820500B43217BE77E7A
:106EE00043EA0143617B6D0143EA0133A17B43EA3D
:106EF000811313619169D4E904031B0643EA80639B
:106F000001F000410B43A17E94F823000B43217E46
:106F100043EA0143617E43EA01239361136AE66910
:106F200023F00D0394F8221043EA870366BB136233
:106F3000966A94F8213045EA031326F033052B4373
:106F400043F0010393621C4D194A936D35EA030324
:106F5000FBD10225174B9D62936D5B00FCD4136936
:106F6000A56823F4700343EA055313614FF0004210
:106F7000104B9A6119B9022203F580539A6278B9CD
:106F800001220E4B9A620BE0334343F00803136275
:106F9000936A23F0330303432B4343EA4103936291
:106FA00094F824301BB1024B054AC3F88020F8BD89
:106FB00000C0005000D000500300014000E000502D
:106FC000F1A7FFFF014B93F900007047D343002066
:106FD000014B1880704700BFE0150020034B586834
:106FE000C0F30800003818BF0120704700ED00E032
:106FF000054B420953F8223000F01F0023FA00F03D
:10700000C04300F00100704700E100E00C4A10B5F9
:107010001369044643F00403136103F091FD28F063
:1070200081F9084B084AC3F8202430BF28F07BF9C7
:1070300003F0A8FD1CB9BDE81040FEF77FBE10BDEF
:1070400000ED00E000E003500000FFFF0A4A10B529
:107050001369044643F004031361084B084AC3F85C
:10706000202403F06DFD30BF03F08CFD1CB9BDE89A
:107070001040FEF763BE10BD00ED00E000E00350DD
:107080000000FFFF034A0179D36E23F030030B4366
:10709000D366704700400050072A2DE9F0410D46A5
:1070A000144698460FD803269700BE4000FA07F210
:1070B0003146154828F03AF905F0030231461348E5
:1070C000BA4028F033F9124B12499DF81800B8F174
:1070D000000F18BF1946012303FA04F40C600E4B8D
:1070E0000E49002818BF0B461C600D4B9DF81C0074
:1070F000C3F82044103103F22443002818BF0B4684
:107100001C60BDE8F08100BF00C4035008C40350F8
:1071100010D4035010E4035014E4035014D403506B
:1071200000E00350F8B504460D461F4616464AB126
:1071300001238B403021184A01FB0022F7B141F2B4
:107140001001535004EB4403072D4FF00F014FEA99
:10715000031316D8A80006FA00F281400F4818441D
:1071600028F0E4F84EB9012330210B4AAB4001FB73
:10717000042277B141F210015350F8BD42F21001E0
:10718000DFE7A5F10800800006FA00F2814004481C
:10719000E5E742F21001EFE700C0035004C00350DE
:1071A0000CC00350F8B505460E4614465AB303F01A
:1071B0000307836823F44073836028F09FF8AA686C
:1071C00082EA072303F440735340AB6028F09AF837
:1071D00036B9104B9D4217D11620FFF7C1FC064669
:1071E000AB680D4BDA5D62430DD0A2EBC403013BEB
:1071F0003344B3FBF2F3AA68013B920702D5002B9C
:1072000008BF0123AB61F8BD044B9D42E8D11720B4
:10721000E3E700BF0000015AA1AF03000080065061
:1072200038B500230E4A036400F50053DA634A7848
:1072300004460D4600F108037AB903F58053022293
:107240001A602046D5E901122B7BFFF7ABFF2046E1
:107250002978BDE8384028F078B803F50053EEE708
:10726000FFFF1F00874B70B5984219D0864B98429C
:1072700040F00581854B9968C26B12F4C06F15D040
:1072800091050FD5FD225A7009221A70002202645E
:1072900093F90110012900D15A7093F9010070BDD2
:1072A0007B4BE8E75605EFD5FE22ECE71C78082C6F
:1072B00000F2E180DFE814F009001F0045005300F0
:1072C00070007E009C00A700D6004C880A88E50666
:1072D0000AD5120A02F0060242F0F00201211970EA
:1072E0004263C1600120DAE702F0FE02A10748BF55
:1072F00042F00102F2E7160608D5802100F500529F
:10730000D1634FF608721A80022318E05506E9D5BA
:10731000402400F50052D4634A88D40604D50222E2
:107320001A700B784363DDE796076AD507221A7057
:107330001B7901EBC3031B89012BD3D10823C36045
:10734000D0E71506D9D45406CCD5402400F5005218
:10735000D4634A88920754D503221A708CE74C886C
:107360000A88E60643BF120A02F0060242F0F00263
:1073700002F0FE02650709D51C7942F0010201EB1B
:10738000C4010989012904BF0821C16004211970C1
:107390000123C3604263A5E71406AED45206A1D50B
:1073A000402400F50052D4634A88560729D50722A5
:1073B0001A7097E71A795D8801EBC2042689AE42FC
:1073C0000FD800240132D2B21A715C804C88650754
:1073D000C2D4E40702D4012A7FF64EAF08221A7005
:1073E00092E76268691C5980525D42630622DFE7BA
:1073F000160682D455067FF575AF402400F500527D
:10740000D4630522A9E794067FF56CAF456A214C49
:1074100046691A793440B4F5003F04BF466A4FF418
:10742000005601EBC20100F500540A8908BFE6636B
:107430002026E6635C88A24281BF4968661C5E80A4
:107440000D5559888A42C9D90424012AC46004D040
:10745000013A914201D10822C2601A78092A3FF408
:1074600015AF3FE7D2057FF53DAF4FF4807100F5D2
:107470000052D16308E74FF609321A8006E76FF031
:1074800003000CE70000015A008006506C27002022
:1074900060270020200002001D4B10B4984207D046
:1074A0001C4B98422FD06FF003005DF8044B7047DF
:1074B000194B0269D20744BF2022C2604A88940750
:1074C00002D50C89002CEED0520702D50A8A002A78
:1074D000E9D04FF480721A60002299601A71C023BB
:1074E000C3604369DB0510D4202200F50053DA6342
:1074F0000A4A5DF8044BDA634FF4FC6200F58053EE
:107500001A64FFF7AFBE064BD3E7436AE9E700BF53
:107510000000015A0080065060270020FFFF1F0076
:107520006C2700204FF40012064BC3F88020BFF3F5
:107530004F8FBFF36F8F0022FF21034B5A65996273
:107540005A60704700E100E000000450044A054B17
:10755000002908BF1346012282401A60704700BF0D
:10756000401004504020045010B501240178114B04
:107570000906C2785C609960447881784FF4001005
:1075800041EA04419961FF219962002199631964DC
:107590004FF0004159654FF0FF3103F50053196575
:1075A00005491301DBB2C1F8800181F81533086089
:1075B00010BD00BF0000045000E100E0F8B5012557
:1075C000C3B2DFF888C0D1F800E09D408F7ACB7A53
:1075D0000C46097BCCF850500CF5005C4CF820E0D0
:1075E0004FF0300E174E1B050EFB006094F80DC0D7
:1075F00043EA074343EA415322F00302C0F860C064
:10760000C365026727F085FE736D227A2B4373658D
:107610000D4B02B11D64627A02B19D632279A37998
:1076200043EA0243094A93616179E37943EA0143FA
:1076300005498B61034B55639D64BDE8F84027F015
:107640006EBE00BF00000450001004500020045023
:1076500010B50124C0B2844027F05BFE044B5A6D84
:1076600022EA04025A659C62BDE8104027F057BE2A
:107670000000045010B50124C0B2844027F049FE38
:10768000074BDA6A224208D15B6B9C430CBF012492
:10769000002427F044FE204610BD0024F9E700BF77
:1076A0000000045041F67132034BDA63012203F506
:1076B0000053DA60704700BF0000035041F671329A
:1076C0000121044BDA6303F50052D1600022DA6332
:1076D000704700BF00000350014BD3F8940070477F
:1076E00000400050CB784A7810B55B010C7843EA33
:1076F00082030A79234343EA02130C22424302F134
:10770000B0421363012C02BF8A78024B43F8202059
:1077100010BD00BFD080035008B54FF0B0435A6889
:107720006AB958B15B680BB127F01FFE01210D4B00
:10773000596027F01AFE4FF0B043D96008BD5B686E
:107740000BB127F012FE0028F0D127F00EFE4FF00B
:10775000B0430222DA6027F008FE0122024B5A6091
:10776000ECE700BF00100058002000584FF0B04177
:107770004B6810B50BB127F0F8FD01220B4BC47814
:107780005A608378934043EA84034478234304791E
:1077900043EA0413447943EAC4038B60044B5A6000
:1077A0000378C3F10203CB6010BD00BF0020005876
:1077B00000100058054B5B69C3F38512827003F01B
:1077C0003F021B0B42700370704700BF00C00750A0
:1077D0000120034B9B680A3303F01F039840704756
:1077E0000080E00F0D4B984208D1A3F50033C3F899
:1077F0008411802300F58050C3657047084B984280
:1078000004D1A3F51033C3F89411F2E7054B984265
:1078100004BFA3F52033C3F8A411EAE700800550A4
:1078200000C005500000065070B5054616461C46BF
:1078300019B90320FFF794F90146402C1BD003D857
:10784000DCB1202C1BD070BD602CFCD1042303FBC9
:1078500006F2530803EB4113B3FBF2F36021094A2C
:10786000203B02EAC30305F50052916005F5805202
:107870009460EB61E7E70623E9E71023E7E70823D5
:10788000E5E700BFF8FF7F00012200F580535A6052
:1078900040F6AA6341F20502436100230D4983606B
:1078A000C365C26000F500520361C361C3649164A3
:1078B00009498365884203D103650023436506E0D7
:1078C00006498842F8D001F580418842F4D001236E
:1078D00053607047FFFF01000080055000C0055055
:1078E00070B50D46FFF7D0FF012300F58056736099
:1078F000AB7C04461BB1836843F080438360EB7C20
:107900001BB12046297DFFF76DFF2A8A6B7B20463D
:107910001343EA891343E3602B7BD5E90112FFF798
:1079200083FF6B7D1BB1A36843F48033A360AB7D01
:107930001BB1A36843F40043A360EB7D2A7E1B07C1
:10794000120502F4E00203F0E0431343A365697EED
:107950001F4A8B1E012B1F4B1DD8944217D002F5D6
:107960008042944215D002F5804294420CBF02221C
:107970004FF0FF3203EB4213022041F2AC520329D5
:10798000985020D10423F3652B78636170BD0022E9
:10799000F0E70122EEE7944211D00F4A944210D052
:1079A00002F5804294420CBF02224FF0FF3203EBFB
:1079B0004213022042F2AC5201299850E1E7002222
:1079C000F5E70122F3E7042204F50053DA65DBE76B
:1079D0000080055000C0035000C0055038B5044673
:1079E000054D2BF0A8FE0FCC0FC594E80F0085E8DD
:1079F0000F00002038BD00BF7827002047F6FF7336
:107A00009A42F0B572D0022972D83A4B5B5C022BD5
:107A10006ED8394DDF0005EBC304A17815F833307B
:107A2000012938BF0121012B13D10025E078401A2C
:107A3000A84202D80844C0B2F0BD431B6668A0EB60
:107A4000530336F913609642D4BF1D4603F1FF304D
:107A5000EEE760680028EFD0B0F90040944204DB04
:107A6000B0F902409442B8BF144683883D44FF2BCE
:107A700019BFC8224FF0280CB0F90620B0F908C091
:107A8000A2EB04030CBF0126002693FBFCF3334456
:107A90006E781BB29E4201DD002B01DA731E1BB211
:107AA0004FF47A7C01339BB2071D5D1E2DB24FEA65
:107AB000C50E00EBC505EA88AD689E4214FB025274
:107AC00022EAE27202F15C02B2FBFCF204DD37F85A
:107AD000335001339542E8D200EB0E039888904270
:107AE00028BF1046884238BF0846A4E7FF20A3E716
:107AF0000020A1E7A5AF0300782700200229F0B5F8
:107B000060D8314B595C02295CD8304B13F83100F6
:107B1000012816D103EBC1039C78D878012C2146AB
:107B200038BF0121904294BFC1EB0001C1EB0201BB
:107B3000001BCAB28242C8BF00225B6833F9120040
:107B4000F0BD002A3CD003EBC1035968002939D0AD
:107B50009878904202D3B1F90200F1E7DC78B1F9EC
:107B600000009442ECD95C788B88013CA3F1FF06BD
:107B7000734201F10405E4B2734101F10C07DEB276
:107B8000B44216D805EBC3034FF47A756A43B3F9D0
:107B900002405B68D21A04EBD47302EB630292FBDF
:107BA000F4F29042CCDBB1F902009042C8DC10B292
:107BB000C6E737F833C05E1C9445E3D33346DEE7AF
:107BC0000348BDE70348BBE7A5AF030078270020C3
:107BD0000CFEFFFF0080FFFF08B50448FFF7FEFE24
:107BE000BDE8084001202BF0CCBD00BF48F50300E4
:107BF0007FB51422002101A82FF0A0F8044B01A9A1
:107C00004FF0FF3002932BF0F8FD07B05DF804FB56
:107C1000006A18002DE9F0418CB08846DDE9127643
:107C20001D460446002847D0002945D0002F43D0E8
:107C3000002E41D013F00F033ED120482049A3600D
:107C4000002A08BF0146E361C4E90013404609A9C0
:107C500027F0A0FC68BB2046099927F0A2FB294623
:107C6000204627F09EFB6946404627F041FD00BBB9
:107C70006946204627F081FB404603A927F043FDD3
:107C8000B8B9204603A927F078FB069701272046BC
:107C900045F0005506A90797089527F06EFB20468A
:107CA00009A909960A970B9527F071FB204627F042
:107CB000FFFB0CB0BDE8F0812120FAE700010004D1
:107CC000000101042DE9F04F97B0894690461F4608
:107CD0000546DDF880A0002800F0BB80002900F0F8
:107CE000B8803AB1229B002B00F0B380239B002B7D
:107CF00000F0AF80BAF1000F00F0AB80219B002BA9
:107D000000F0A78067B13C680026229B43440293A1
:107D1000464507D307B13C60002017B0BDE8F08F9F
:107D20003C46F1E75CB1229B219A9B5D125D0134D8
:107D30005340239A04F00F0493550136E8E7A8EB6B
:107D4000060BBBF10F0F58D9434B4846C5E9003429
:107D5000AC60EC6113A927F01DFC0028DDD128469A
:107D600013992BF00F0B27F01CFB5946284627F0E0
:107D700018FB484604A927F0BBFC0028CDD12846B3
:107D800004A927F0FAFA484607A927F0BCFC002806
:107D9000C3D1284607A927F0F0FA012322992F4AD8
:107DA000CDF828A00B930C928A190D9228464BF01F
:107DB00000520AA90E9303920F9227F0DEFA28468A
:107DC0000DA927F0DAFA239B039A99190123109140
:107DD00011931292214A284610A9CDF84CA0149371
:107DE000159227F0D4FA284613A927F0D0FA28468E
:107DF00027F05EFB5E4400288FD1229B03EB060B2D
:107E0000239B1E44029B5B4501D1464680E7ACB9EB
:107E1000219B2246CDE900A3494610232846FFF7BF
:107E2000F9FE00287FF479AF0AF1100212F8013D43
:107E30000133DBB213700BB95245F7D1219A1BF80D
:107E4000013B125D0134534006F8013B04F00F047E
:107E5000D8E7212061E700BF0303000410000020E1
:107E60002DE9F04F97B0894615469A460446209F63
:107E7000DDF88880DDF890B0269E002800F09D8017
:107E8000002900F09A80002E40F08A80002B00F03C
:107E90009480B8F1000F0AD0219B002B00F08D8058
:107EA000002A40F09F80F10700F1878002E0002A5D
:107EB00040F08580FB1F062B7FD8524B0BEB050251
:107EC0009A427AD20023504A4846C4E90023A3606C
:107ED000E36113A927F05EFB00285ED120461399C9
:107EE00027F05FFA204646EA074127F05AFA414652
:107EF000204627F056FA2946204627F052FA4846EF
:107F000001A927F0F5FB002847D1204601A927F059
:107F100034FA484604A927F0F6FB00283DD14FF07B
:107F20000109204604A927F028FA239B45F00055B3
:107F30000793219BCDF82090204609950DA90A931F
:107F400047F0005748F00053CDF82C900C93CDF833
:107F500034A0CDF838900F9727F00FFA20460AA9E1
:107F600027F00BFA204607A927F007FA259B2046A1
:107F700010A946F00056CDF840B0CDF844901295C7
:107F80001393CDF85090159627F001FA204613A9C7
:107F900027F0FDF9204627F08BFA17B0BDE8F08FE7
:107FA000259B53B1BAF1000F07D0B8F1000F01D0F3
:107FB000219B13B1B5B9022E20D12120EDE7239BDF
:107FC000002BFAD0BBF1000FF7D0C7F10F03DBB2E3
:107FD000032B3FF668AF0122DB0002FA03F3AB424A
:107FE000EBD9E8E7239B002BE7D0BBF1000FE4D0EF
:107FF000C7F10F03DBB2032BDDD8ECE7102E7FF6C1
:1080000052AFDAE700800120000005042DE9F04FAF
:1080100099B0884615469B460446229FDDF8989005
:10802000289E60B159B1279B4BB1BBF1000F06D020
:10803000249B0BB1239B13B11DB9022E13D1212315
:108040009AE0259B002BFAD0B9F1000FF7D0C7F1C9
:108050000F03DBB2032BF0D80122DB0002FA03F39B
:10806000AB42ECD9E9E7731E0F2BE8D816F0010AF2
:10807000E5D1FB1F062BE2D8414B09EB05029A42E2
:10808000DDD2404B4046C4E9003AC4F808A0C4F829
:108090001CA015A927F07EFA034600286CD12046C3
:1080A000159927F07EF9204646EA074127F079F92D
:1080B0002046249927F075F92946204627F071F9C2
:1080C000404603A927F014FB0346002854D120465C
:1080D00003A927F052F9404606A927F014FB0346EE
:1080E000002849D14FF00108204606A927F045F99C
:1080F000259B2046099345F00053CDF82880019335
:108100000B93239B0FA90C93249B47F0005743F03C
:108110000052CDF834800E92CDF83CB0CDF84080BE
:10812000119727F02AF920460CA927F026F92046B6
:1081300009A927F022F9019B204612A9CDF8489001
:10814000CDF84C80149327F022F9279B204615A9DF
:1081500046F000561593CDF85880179627F00DF984
:10816000204627F0A5F9034630B101902A46514632
:1081700048462EF0E3FD019B184619B0BDE8F08F8C
:1081800000800120000006047FB50E461D4604460F
:10819000F0B102B9E3B901230192029345F0005313
:1081A000039300230B4AA360C4E90023E361204644
:1081B00001A927F0E2F83146204627F0F2F82046E0
:1081C000294627F0EEF8204627F072F904B070BD7A
:1081D0002120FBE70000094330B5048804F4E043A4
:1081E000B3F5005F2ED1C4F30223042B2AD181F012
:1081F000AA6383F4807333F47E132AD081F0AA63D8
:1082000083F4007333F47E1323D00023144D21F440
:108210007E11A9421AD1B4F5105F17D1418821F01F
:108220004000802802D0B1F5807F15D1191F0C299C
:1082300012D8DB0710D4073A072A34BF00206FF0AA
:10824000860030BD42F204039C42DED16FF085000F
:10825000F7E7C1F30543D9E76FF08600F1E700BF08
:10826000000140052DE9F04F9BB08146DDE92876FD
:108270001D468B46DDF8A880DDF8BCA0099241B10F
:1082800038B1249B2BB1269B0BB9279B0BB91FB987
:108290004EB16FF086047FE02EB1B8F1000FF8D038
:1082A0002B9B002BF5D02C9B002BF2D0BAF1000FAA
:1082B000EFD02E9B002BECD02D9B002BE9D0B9F8F2
:1082C000003003F4E042B2F5005F69D1C3F302224B
:1082D000042A65D185F0AA6383F4807333F47E1396
:1082E00006D085F0AA6383F4007333F47E1360D163
:1082F000C5F3054329464846259ACAF80030FFF7DA
:108300006BFF0446002847D1014620220AA82EF020
:1083100015FD2022214612A82EF010FD0AA827F0F4
:10832000DAF8002855D159464846099A12AB27F089
:1083300053FA044600282FD12B9B9E424CD8DAF8E2
:1083400000302E9A934247D8474508D2BB1998452A
:1083500005D23946324640462EF0D6FC4746204BE1
:1083600025F47E159D4226D1DAF800303246069378
:108370002D9B0397CDE90483279B12A90293269B8B
:108380000AA80193259B0093249BFFF769FD2128F0
:1083900019D0D8B92C9B1E6020461BB0BDE8F08FC9
:1083A00042F20402934204D185F0052383F4801342
:1083B0009BE700239EE76FF0880400232C9A13604C
:1083C000CAF80030E8E76FF08604F6E76FF0920431
:1083D000F3E76FF09204DFE76FF08904DCE700BF9A
:1083E000000140052DE9F04F99B08A46DDE9266588
:1083F0009346984681462A9F28B96FF08604204606
:1084000019B0BDE8F08F0029F7D0229B002BF4D0E3
:10841000249B13B9259B002BEFD10EB9002DECD175
:1084200017B92B9B002BE8D12C9B002BE5D0289B68
:10843000002BE2D041464846239AFFF7CDFE044682
:108440000028DCD1202201460DEB02002EF076FC44
:108450002022214610A82EF071FC08A827F03BF836
:1084600010B16FF09204CAE75A465146484610AB25
:1084700027F0B2F904460028C1D12B9B9D422AD88F
:10848000BE4208D273199F4205D231462A46384669
:108490002EF03AFC3E46144B28F47E1898451DD128
:1084A000299B2A460693289B0396CDE90473259BB6
:1084B00010A90293249B08A80193239B0093229B5D
:1084C000FFF7A4FD212898D02C280AD00028C8D175
:1084D0002C9B1D6093E76FF0890490E76FF0880490
:1084E0008DE76FF094048AE700014005084B98423D
:1084F00002D0084B984207D10B88B3F5105F0CBF30
:1085000000206FF0850070476FF08500704700BF56
:10851000004440040013C0042DE9F04F99460023A5
:10852000A3B09346DDE92E74DDE93068CDE906336A
:10853000CDE90833CDE90A33CDE90C33DDF8C8A025
:108540000490059129B96FF08605284623B0BDE84F
:10855000F08F002AF7D00FB9002CF4D12C9B13B95F
:108560002D9B002BEFD116B9B8F1000FEBD1BAF16A
:10857000000FE8D048460499FFF7B8FF05460028E9
:10858000E3D10146202212A82EF0D8FB2022294652
:108590001AA82EF0D3FB12A826F09DFF002878D150
:1085A000DDE904015A461AAB27F016F90546002802
:1085B000CBD11A9827F0CDF805460028C5D114B9BB
:1085C000CAF80000C1E7B7420AD23B199E4207D25F
:1085D0004445B8D83946224630462EF095FB3746FA
:1085E0004E4B994558D003F54073994515D04C4BE7
:1085F000994540F08C804445A5D814F00F02A2D1D3
:108600002346CDE900761AA912A8FFF703FB074617
:10861000002834D1CAF8004097E700234445CDE94B
:108620000E33CDE910338ED82D9B0D2B8BD101232A
:108630008DF838302C9B0DF1390203F10C0153F801
:10864000040B8B4242F8040BF9D11B781370012301
:108650008DF8473014F00F0933D10F2CDAD906AB5F
:1086600001930EABCDE90276009324F00F020023B4
:108670001AA912A8FFF726FB0746002843D0424656
:10868000002130462EF05AFB0023012FCAF800309B
:1086900040D06FF0920558E744453FF654AF2D9B0C
:1086A000102B7FF450AF2C9B0DF1380C03F1100E02
:1086B000624618685968083303C273459446F7D177
:1086C000C8E724F00F033B440DF1280C03F1100E12
:1086D000624618685968083303C273459446F7D157
:1086E0000F2CBCD824F00F03334403930AAB02933E
:1086F00006AB01930EAB00934A4600231AA912A8B9
:10870000FFF7E0FA83E7B9F1000F83D0EAE76FF0F3
:1087100085051AE76FF08B0517E700BF0010C0044E
:10872000004440042DE9F04F994600239FB0934642
:10873000DDE92865DDE92A788A46CDE90633CDE909
:108740000833CDE90A33CDE90C33059029B96FF030
:10875000860420461FB0BDE8F08F002AF7D00EB97E
:10876000002DF4D117B9B8F1000FF0D12C9B002BDC
:10877000EDD048460599FFF7B9FE04460028E8D138
:10878000014620220EA82EF0D9FA2022214616A852
:108790002EF0D4FA0EA826F09EFE002844D15A46A8
:1087A0005146059816AB27F017F804460028D0D19B
:1087B000169826F0CEFF04460028CAD115B92C9B86
:1087C0001860C6E7BE420AD273199F4207D24545D8
:1087D000BDD831462A4638462EF096FA3E46344BEE
:1087E000994549D003F54073994520D0314B9945BF
:1087F00054D1454555D82B07A9D12B460122CDE9A7
:10880000006716A90EA8FFF705FA2C9B06461D6007
:1088100000289ED04246002138462EF08FFA0023D1
:108820002C9A012E13603FD06FF0920491E70D3D1A
:10883000454536D801238DF8283033460DF12902FD
:1088400006F10C0153F8040B8B4242F8040BF9D1EA
:108850001B780D3613704FF48073ADF8363006ABCD
:1088600001930AAB00932A460023CDE9026716A9BB
:108870000EA8FFF727FAC8E7103D454511D8334643
:108880000DF1280C06F1100E62461868596808337D
:1088900003C273459446F7D11036E0E76FF08504C4
:1088A00057E76FF0890454E76FF08B0451E700BF7E
:1088B0000010C0040044400410B54FF42F72002192
:1088C00004462EF03BFA8023C4F88C30054B04F1AB
:1088D0009C00C4F88430012384F88830BDE810403F
:1088E00026F069BCA8AF030010B5D0F8A0400A4636
:1088F00084B927F087F9044610B90024204610BD3A
:108900002D2896BF064B074953F82010064827F03C
:10891000BFFAF3E7D0F8A4101046A047EDE700BF78
:1089200050B00300ABAF030012D70300F8B590F8C6
:108930008060044616B100263046F8BD26F095FF4B
:108940000028F8D1012384F8803094F8883033B1BE
:10895000D4F88410194884F8886027F099FA4FF009
:10896000FF37D4F8B402421C1CD0C4F8B47210F023
:10897000FF0520D0204626F075FF2946204600F04E
:10898000AFFB0028EDD0204626F07AFF94F888301F
:108990006BB1D4F88410094827F07AFA002384F8E0
:1089A000883004E027F059FA431CE0D10126002367
:1089B00084F88030C0E70126D3E700BFCCD30300A2
:1089C000F8B50B780446302B0D46164604D14B788B
:1089D00003F0DF03582B11D0284F6A1E12F8011F35
:1089E000002934D128460A2226F064F8202C0346B8
:1089F0000D4631D1B1FA81F040091AE04A1C1F49F5
:108A000012F8013F8BB928462EF0CBF91C4B0238E7
:108A10002340032B12D10134A41084420AD1A87838
:108A200037288CBF0020012003E0CB5C13F044000A
:108A3000E6D1F8BDCCBF01200020FAE7002CB8BF7A
:108A40000334B0EBA40FD4BF01200020F1E77B5C1E
:108A500013F00400C2D1ECE726B1084302D0013B79
:108A600061F100050122A240013A1A40002D08BF21
:108A70009A420CBF01200020DBE700BFF91504007B
:108A800003000080F0B5037801467B2B17D1064622
:108A9000022400220B4F16F8015F7D2D05D10B5DDE
:108AA0006BB9D24302F0010008E07B5D13F0440093
:108AB00002D001320134EEE7202DFBD0F0BD0020C2
:108AC000FCE700BFF915040070B506460D462EF010
:108AD00068F90446304627F0DBF9044EAC4200D377
:108AE00070BD304627F0D4F90134F7E7E0CA03003F
:108AF0002DE9F84F044602216048FFF7E5FF1E21EB
:108B00002068FFF7E1FF6368586827F0C1F95C4807
:108B100027F0BEF967683B7BFD2B12D8D7F8088099
:108B20004FF0FF3440462EF03CF90646DFF84C91FA
:108B3000DFF8A8A1DFF864B10C3717F8013BFF2B71
:108B400001D1BDE8F88F212B14D8212B14D8DFE8F0
:108B500003F0178C8884807C787413131313131319
:108B60001313706C6864605C58541313131313135D
:108B70001313504CFE2B34D006B10134414D02E0AA
:108B800006B10134404D02214846FFF79DFF1E21EA
:108B90004846FFF799FF504627F07AF9594628468C
:108BA0002EF0E8F83949002818BF2946384827F040
:108BB0006FF93B78202B02D12B2027F05DF9354847
:108BC00027F066F94EB118F804301F2B05D018F8BD
:108BD00004001F2801D0B4424BDB294827F058F984
:108BE000ABE706B101342C4DCDE706B101342B4D76
:108BF000C9E7002EA1D001349FE706B10134284D0A
:108C0000C1E706B10134274DBDE706B10134264D59
:108C1000B9E706B10134254DB5E706B10134244D5D
:108C2000B1E706B10134234DADE706B10134224D61
:108C3000A9E706B10134214DA5E706B10134204D65
:108C4000A1E706B101341F4D9DE706B101341E4D69
:108C500099E706B101341D4D95E706B101341C4D6D
:108C600091E706B101341B4D8DE706B101341A4D71
:108C700089E727F001F90134A9E700BF7FB10300BC
:108C80008171030015B103000FB1030066B1030049
:108C9000CCD303006FC50300897103001DB103002D
:108CA00026B103002DB1030038B1030042B1030027
:108CB0004CB1030037B1030041B103004BB10300D5
:108CC00054B1030058B1030060B1030009B10300BF
:108CD00010B103005FB1030008B10300CAD703005D
:108CE0002DE9F04F9BB005468B460024009204937B
:108CF0002EF057F8249F049B05901C6028463C608A
:108D00000AAA09A927F0E5F8064658B90A982EF0EC
:108D100048F83446B146049B1860D5F89C3003935C
:108D2000039B1BB920461BB0BDE8F08F039B9B68DB
:108D30000193002B69D02E4416F8013B202B12D052
:108D400000260C237343019A02EB030AD3580293C3
:108D5000002B55D0DDF82480C84551DB9AF8083047
:108D60002BB1721C35E03B6801333B60E4E73B68A4
:108D7000D5F894200299D21A049B1A601AAB03EB1F
:108D8000890353F8403C184606932DF0DFFF079007
:108D90000028E6D102982EF004F8DAF80410034611
:108DA000087BD7F800A0FE28079A16D108F1FF38F3
:108DB000C8452ED00B680698029201932DF0F1FF62
:108DC0000AF10103029A0344E95C21B13B6009F115
:108DD00001091646B5E70133F6E7D5F89420A2EB72
:108DE0000A029A42BDDC584606932DF0DAFF069B34
:108DF00003447B2B1DD958461E4A009926F002FADF
:108E00002B46059A2A449A422AD1039B1B68039356
:108E100086E7D5F89420A2EB0A029A42E3DDD1F866
:108E2000008058F80C2B82B9059B3B60049B1A60AC
:108E3000E6E75846029A009926F0E4F958460E4AA9
:108E40000099013426F0DEF98BE75846009926F0A8
:108E5000D9F95846084A009926F0D4F90134E0E7D8
:108E600013F8011B0029CED14FF0200103F8011C9B
:108E7000C9E700BF68B10300E0CA03002DE9F0476D
:108E8000002486B01C60DDE90EA8064689468AF8F3
:108E900000401168154888F8004017461D468DF8B7
:108EA0001740FDF783F918B901242B6801332B60B3
:108EB0000020D6F89C6036B914B1012388F8003040
:108EC00006B0BDE8F087B06868B14B460021CDE937
:108ED00002A8CDE900750DF1170226F032FE9DF8CB
:108EE0001730002BE8D13668E5E700BF6DB103000D
:108EF0002DE9F04300260446ADF5457D7C22314640
:108F000005A802AF04962DF019FF80222046009795
:108F100003AB04A9FFF7E4FE01283ED104A82DF01D
:108F200040FF03993B68A0EB01080B44234428EA67
:108F3000E878054604A80144424618462DF024FF6F
:108F400000F80860D4F89060039B3968D4F890204A
:108F50001944B14212DCD4F89410E81A0244C4F85F
:108F60009020014404AAC4F89410D41825182B1B8F
:108F7000002B0DDC0DF5457DBDE8F083A05C26F0EF
:108F80007BFFD4F8903001360133C4F89030DBE732
:108F900014F8010B26F070FFE9E7EBDD24AD802229
:108FA000314628462DF0CAFE44AB4FF400723146DC
:108FB00018462DF0C3FE0DF1100903464A464FF046
:108FC0000108314612F8016B002E49D104A843F87C
:108FD00028102DF0E6FE2946334619F8016B0DF5F1
:108FE000887C5CF8042B824243D10133984501F818
:108FF000016BF2DAD4F89060039BB34242DC234663
:10900000354A04A9354826F043FF28462DF0C9FE0D
:109010000646039B3F68F61A1F44E0191D4426EAE2
:10902000E67204F198031744984204EB07014ED20C
:1090300004F1900399424AD96A1E81190B1A002B38
:1090400039DD12F8013F00F8013BD4F890300133CC
:10905000C4F89030D4F894300133C4F89430EDE77C
:10906000202E01F1010104BF43F8281008F1010886
:10907000A8E70DF1100E7244D25CB242B1D00022CA
:10908000EA54B7E7D4F890300136E05C26F0F4FEFD
:10909000D4F890300133C4F89030ADE7D4F8902084
:1090A000013B0132C4F89020D4F894200132C4F876
:1090B0009420002BF2DC00232E44E355731B002B7D
:1090C0007FF758AF15F8010B26F0D6FEF6E72946D4
:1090D0002DF05AFE3346ECE7A8AF030072B103004F
:1090E0002DE9F843D0E9245604460F46002294F8AF
:1090F0009830012B07D10A2F07D1002384F898302C
:109100000020BDE8F88300F29F801B2F01D10223CD
:10911000F4E70D2F0DD1012384F898300D2026F0AF
:10912000ABFE0A2026F0A8FE00230120C4E9243368
:10913000E7E74FF00008082F84F8988034D14545C0
:1091400030DDB5420FD1384626F096FE202026F0BD
:1091500093FE013D384626F08FFE013E04F805805F
:10916000C4E92456CCE7FBDA05F1FF39384626F08E
:1091700083FE04EB0903A6EB0902611918462DF0E2
:10918000C3FD04F806800146013E484826F080FEF3
:1091900035464D4501DC4D46E2E7082026F06CFEE1
:1091A000013DF6E7ACD0DBE77F2F1CD1002EA7DD19
:1091B000B542A5DA6319691C21441846721B2DF0CB
:1091C000A3FD04F806800146394826F061FE082018
:1091D000013E26F051FEB542F9D1D4F89430013B5E
:1091E000C4F894308CE70A2F98D0092F03D1204679
:1091F000FFF77EFE84E7D4F88C30013BB3427FF763
:109200007FAFB54204EB050805F101090CDB3846D8
:1092100088F80070D4F89430C4F890900133C4F802
:10922000943026F029FE6BE74146721B04EB0900DF
:109230002DF06AFD404626F02BFE0820013E26F068
:109240001BFEB542F9DDE2E7022B06D15B2F01D10F
:10925000032353E784F8982049E7032B7FF450AFAA
:10926000413F84F89820032F3FF64AAFDFE807F02C
:1092700002070A160121204626F0AFFD40E74FF015
:10928000FF31F8E7B542BFF63BAF605D26F0F4FD75
:10929000D4F890300133C4F8903031E7002D7FF7D7
:1092A0002FAF013D0820C4F89050BAE77BB103000E
:1092B00054C6030013B50024064A6846536F43F0B2
:1092C0000103536700948DF80440FDF7DBFE204650
:1092D00002B010BD0040005008B50248FDF78EFDF9
:1092E000002008BD00B4C40430B58BB06C46184DE6
:1092F0000FCD0FC40FCD0FC495E8030084E8030021
:10930000144BD3F84C2112031DD5A3F5FE431C8842
:109310004FF6FF739C4208BF8C248DF81940FDF76F
:1093200051FE204480F308008DF818000A48FCF72D
:1093300021FD6846FDF7B2FD4FF4FA70FDF748FED7
:1093400000200BB030BDD3F85041E4B2E5E700BFD8
:1093500080B103000080E00F00F049026FF00403C9
:10936000502110B50A480B4C13F0800F03F1010295
:1093700007D123443D2A83F800131346F4D100207B
:1093800010BD03F00F03043B034419761346EBE7CB
:1093900000ED00E000E100E010B5044625F0AEFF6E
:1093A000024B1C6025F0AEFF002010BDA02700205E
:1093B00010B525F0A3FF034B1C6825F0A3FF204642
:1093C00010BD00BFA027002038B50C461546014649
:1093D00010B9FFF7EDFF01462B462246034809F07E
:1093E000E5FA0028D4BF3720002038BD1D00030057
:1093F00030B51446054687B0104626F041FE636935
:10940000024683423CBFD4E903315B181B1A7BB18F
:109410000F49049403910021CDE901310123009308
:109420002846D4E9001325F001FF002007B030BD25
:109430000122627694F82D20002AF6D084F8353087
:109440001321E369204698472046636A9847ECE772
:10945000F19300002DE9F04788B004460F46164608
:10946000984625F056FF8146002E7AD0237E03F0E1
:10947000FF02002B00F0A280204626F001FE656965
:10948000A84205D1637ED4E9033213445D1B01E099
:10949000F9D9451BB54228BF354625F03AFF94F867
:1094A0002D308246002B6DD12A46384661692DF059
:1094B0006BFC63692E462B44636121E0037803F063
:1094C000FD0111295BD1216B814205D1A3F111016D
:1094D0004B424B4184F83430013E6369216B0132C9
:1094E0008B4203F1010308BF236363619542606906
:1094F000E4D1D4E90323216B1344994200D12263C0
:109500000025D4E9032361691344994208BF6261CD
:10951000207A6576FCF7E6FF204626F0B1FD636908
:10952000834232D1257694F82D30E568656103B128
:1095300025632046636A9847214B049403930023D4
:10954000029323692A4601930123009363682168EB
:10955000207A25F06BFE207AFCF7E4FF504625F0D8
:10956000DEFE4846C8F8006025F0D9FED8F8003085
:10957000002B0CBF1B20002008B0BDE8F08707F8C7
:10958000013BAAE72E460022B0E70123207A23768A
:109590000DF11E01FDF72EF89DF81E30002BDAD0DC
:1095A0000DF11F01207AFCF7FDFF9DF81F10002927
:1095B000D1D12246207AFFF71BFFCCE71646D0E731
:1095C000F1930000002807DB01234109034A00F062
:1095D0001F00834042F82130704700BF00E100E0E7
:1095E000002808DB01224309034900F01F008240E4
:1095F000603341F82320704700E100E070B5044675
:109600000568FFF7D5FE844202D10020FFF7C4FEB3
:1096100095F936603046FFF7E3FF002E0CDB0122A0
:109620001949730906F01F06B240203341F8232080
:10963000BFF34F8FBFF36F8F95F937603046FFF759
:10964000CFFF002E0CDB01220F49730906F01F0625
:10965000B240203341F82320BFF34F8FBFF36F8F09
:10966000287AFCF77FFF287AFCF7E2FEFCF7BEFEC3
:1096700000232846C4E90033C4E90433A360AB6A7D
:10968000BDE87040184700BF00E100E02DE9F0435D
:109690000C461546064687B04022002120461F464C
:1096A0002DF04CFB95E8030000232A692376EB6834
:1096B00084E80300C4E904232A7DE36084F82C20B5
:1096C000AA7D2363012384F8343084F835300E9B5F
:1096D00084F82D2023620F9BE7616362109BA362D5
:1096E0002B7A84F836306B7A84F837302D4B34601F
:1096F00073602D4BB3602D4B33612D4B73612D4B3C
:10970000F360FCF7BBFE38B12B4B984204D0102419
:10971000204607B0BDE8F083002104F10800FCF703
:1097200035FE07460028F2D14FF00108234B336283
:10973000234B84F83C80B361224BF3619DF84830A1
:1097400084F8390084F83B309DF84430204684F892
:109750003A30697D84F8388026F0A2FC95F90990AA
:109760004846FFF73DFF4846FFF72CFF164B049491
:10977000CDE902732369CDE900836368E26821685B
:10978000207A25F053FD04460028C0D195F90850F1
:109790002846FFF725FF2846FFF714FF3046FFF75E
:1097A000FBFDB5E7F1000300559400006F000300D6
:1097B00075000300FD950000038000F049000300E0
:1097C000A10003007B000300F19300002DE9F041AC
:1097D0004FF001081C46574B86B00293564B0C9D28
:1097E0000193564B174600930A46CDE90388294654
:1097F000534BFFF74BFF0646002840F0928023684A
:1098000004222B64237985F84430A17985F8461029
:10981000607985F84500237A85F84830E37985F842
:109820004730A37A85F84A30637A85F84930237B3C
:1098300085F84C30E37A85F84B304346FDF772FCEF
:1098400043460222217AE079FDF76CFC3E703946EE
:109850002068FEF745F81421A27B3A4B03EB421037
:10986000C0F8AC1594F806C061792E3203EB4213B0
:1098700041EA0C415960227AE37943EA0243C0F895
:10988000BC3585F84D607B7E032B50D8DFE803F0B4
:109890003A4D021D022385F84D3000230422217B1E
:1098A000E07AFDF73FFC41F2AC520221A37B5B0161
:1098B00003F1A04303F570339950217BE27A42EA29
:1098C000014241F2B8515A501CE0012785F84D3051
:1098D00002220023A17A607AFDF724FCA17A627A41
:1098E000A37B42EA014241F2B4515B0103F1A04380
:1098F00003F570335A500422236803F58053DA6568
:10990000002FCAD104226379052185F84530A37957
:1099100085F846302B6C206803F58053DA6425F017
:1099200066FD304606B0BDE8F0810027CEE723266D
:10993000F7E700BF1F020300130203009F020300AA
:109940009302030000C0035007B501F0A7FB6A466D
:1099500001F038FC18B15221034800F0DDFADDE9CE
:10996000000103B05DF804FBA8B1030008B501F0E5
:10997000C9FA18B17A21024800F0CEFA002008BDD9
:10998000A8B1030008B500F025FA0D4A536A43F464
:1099900070235362EFF308834FF0CD31094A043B43
:1099A000934209D20222084B1A67FFF7DFFFBDE896
:1099B00008400648FEF712B843F80419F0E700BF64
:1099C00000ED00E0000000200040005048F50300DA
:1099D00007B5042200200DEB020129F089FE0428BE
:1099E00004D040F26711044800F096FA019800F0A4
:1099F000DBFB03B05DF804FBA8B10300082310B53E
:109A00000A0A41400648C9B201F00104490804B1FC
:109A10004140013B13F0FF03F6D181EA020010BD83
:109A20002083B8ED2DE9F8430025134C134EDFF8E1
:109A30005480134FDFF8509023780BB9BDE8F883BA
:109A400022464146002056F8043B26F0F0FA2278E0
:109A500023460134002AFAD15B7853B105F00303A1
:109A6000032B0CBF39464946002026F0E0FA0135A9
:109A7000E2E73946F8E700BF28B7030000100020EE
:109A80008071030012B20300E7EA030040F60522EA
:109A90006A4B2DE9F0411B8893420ED8B3F5206F35
:109AA0000DD840F20252934218D040F20172934214
:109AB00020D040F2015293420AD0BDE8F081A3F6D3
:109AC00002235F4C032B1ED8DFE803F0376396B206
:109AD0005C490020BDE8F04126F0A9BA00205A49AF
:109AE00026F0A5FA564B1A6C0020BDE8F041574904
:109AF00026F09DBA524A0020D2E92423BDE8F04165
:109B0000534926F094BA0020524926F090FA94F86E
:109B100068309E0703D500204F4926F088FA94F854
:109B20006B305D0603D500204C4926F080FA94F98D
:109B30006B30002BC1DA4A49CBE70020494926F0B7
:109B400076FA94F86430980704D00020226C3F49DC
:109B500026F06DFA94F96430002B04DA0020226FAD
:109B6000414926F064FA00250126404FDFF80881BC
:109B7000626E06FA05F3134207D057F825201378D2
:109B80001BB14146002026F052FA0135082DEFD1D5
:109B900093E73749002026F04AFA2C490020226C2E
:109BA00026F045FA94F86530590703D5002031496D
:109BB00026F03DFA94F96530002B04DA0020226F7C
:109BC000294926F034FA0825284E2B4F636EEB40C6
:109BD000DA0707D556F8252013781BB1394600203F
:109BE00026F025FA0135102DF0D194F864000028F4
:109BF0007FF463AF21496DE72149002026F017FA71
:109C00000020226C114926F012FA1025174E1A4F27
:109C1000636EEB40DB0707D556F8252013781BB1A0
:109C20003946002026F003FA01351A2DF0D144E719
:109C30000020144926F0FBF9226C55E7403D002036
:109C4000001000201CB203005AB203008BB20300C4
:109C5000A6B20300C2B20300DBB2030016B30300D6
:109C60004AB3030087B30300ADB3030030BF030062
:109C7000D4B30300ECB30300CBB3030033B403004D
:109C800064B403007EB403002DE9F04F424C85B06C
:109C9000D4E90D32580748BF0026D4E9121B48BF4B
:109CA000B046D4F83CA05FBFD4F850808B469246B3
:109CB0003A4E54BFDFF81091DFF8109113F0080FFF
:109CC000374B384A18BF1A46B6EB08071FBF642344
:109CD0007D0803FB0B55B5FBF7F50CBF3D46ADB258
:109CE0004B4631490020CDE9016ACDF80080BFB272
:109CF00026F09DF92B460020CDE900972B491FFA4D
:109D00008BF226F094F9B24501D8C24504D24A46F6
:109D10000020274926F08BF9D4E91703184338D0DF
:109D20000020244926F083F900250126224FDFF880
:109D3000A080E26D06FA05F3134207D057F82520FC
:109D400013781BB14146002026F071F90135202D12
:109D5000EFD100250126194FDFF87480226E06FA34
:109D600005F3134207D057F8252013781BB141465D
:109D7000002026F05CF901351D2DEFD1002010499F
:109D800026F055F900200E4905B0BDE8F04F26F049
:109D90004EB90C49F4E700BF00100020001000206D
:109DA000A5B40300ACB40300B4B40300E6B40300EC
:109DB00020B503003FB503003CBE0300BCBE03005A
:109DC000817103006FB50300A0B4030072DE0300CD
:109DD000CBD3030010B5FDF77FFC044625F0BFFA96
:109DE000E30721D401221046114600FA01F3234073
:109DF00002F101021AD0214B33F811302049062B11
:109E000019D040F20722934212D14FF000524FF284
:109E10000F00548884420BD11088984208D14CF22C
:109E20003C335380088010BD0021E4E7102ADBD1C9
:109E3000134A138012E04FF000534FF20F0258887C
:109E4000904218D11B88B3F5406F28BF4FF4C06310
:109E50000B804CF23C324FF000535A80084B1A886A
:109E600040F201739A4201BF064B074AD2E9000152
:109E7000C3E90001D7E74FF4C063E9E708B703007F
:109E8000403D0020A427002090100020014B18889E
:109E9000704700BF403D0020014B1888000A704702
:109EA000403D0020044B05481B881A0AB3F5406F5B
:109EB00038BF00EB82007047403D0020D8B6030059
:109EC000044B1888044B020A53F82230C0B203EB4B
:109ED00080007047403D0020A8B6030010B504463E
:109EE00025F013FA4FF000534FF20F021C805A80F6
:109EF000BFF35F8FBFF34F8F0549064BCA6802F46B
:109F0000E0621343CB60BFF34F8F00BFFDE700BF9C
:109F100000ED00E00400FA0538B504460D460B4696
:109F200002460749002026F082F826F058FA25F06C
:109F3000ECF929462046BDE8384026F036BA00BF85
:109F400085B503006D4A2DE9F0416D4B55686D4CA8
:109F50005D65516A99656C49D1F80002D865D1F800
:109F60000412586B1966916A10F0040F5966D16A91
:109F70004FF000009966116BD966516B1967D26B6F
:109F8000D8645A67D3E90E1218BF11465F4A91424E
:109F90001A655DD301F12000A04259D88869C5F344
:109FA00008051864CE69062D5E6455D1584DA84247
:109FB00052D3584DA8424FD205884DF64260854293
:109FC0004AD11868C3F890005868C3F8940040F26A
:109FD0000170A242154604D22E680432B6F1CD3F7C
:109FE000F7D00022C3E91E22C3E92022C3E92222BE
:109FF000641BDFF81CC1434DDFF818E19C648D42FF
:10A000002DD8D3E91EC7D3E92065D3E922414FF00B
:10A01000000E013AD2B2FF2A3CD1BEF1000F05D0AA
:10A02000C3E91EC7C3E92065C3E92241B3F8543030
:10A03000C3F308030C2B3BD8022B54D9DA1E092A90
:10A0400051D8DFE802F03157404350505050504D46
:10A050000021C3E910112D494FF42060B9E755F8EC
:10A06000044D6445CBD37445C9D2E607C7D5002655
:10A07000294F57F8048FA045C1D00136062EF8D1DC
:10A0800032B1013AD2B202F11E0643F82640B6E7D9
:10A090000522F8E7E0464FF0010EBC4637462E4653
:10A0A00025460C464146B4E740F60120BDE8F08164
:10A0B0003B2B18D1194B9B6913F0020F40F202534E
:10A0C00018BF1846F2E740F60320EFE740F20172AE
:10A0D00040F60423B0F5206F14BF10461846E5E79C
:10A0E00040F60520E2E740F60722013B4B2B98BFE4
:10A0F0001046DBE740F60220D8E700BF00ED00E0A5
:10A10000001000200010002000E100E0000000200E
:10A1100034410000C06D0300741000200080015A1B
:10A1200000F00CB800F00AB800F008B800F006B86B
:10A1300000F004B800F002B800F000B872B61EF0EB
:10A14000080F09D01EF0040F0DD0DFF850E0AEE884
:10A15000FF1F6FF002000CE0DFF840E0AEE8FF1FE9
:10A160006FF00E0005E0DFF834E0AEE8FF1F6FF09F
:10A1700006006946EFF309828EE807008646084824
:10A18000084C854501D3A54501D384F30888FFF722
:10A19000D9FE84F30888FFF7A1FE0000001000201C
:10A1A00040000020001000204BF6EF6283B2002B2D
:10A1B00008BF1346044A000C13804FF6CE2308BF95
:10A1C0001846024B18807047E4150020E215002065
:10A1D0000B4BB3F900201888002AB8BF80F062004A
:10A1E00042001A80074AB2F9001013880029BCBF48
:10A1F00083F4805383F00B0359001180584070475B
:10A20000E4150020E215002008B501F0A1F960B1C5
:10A210000A4B0344072B0DD8072B0BD8DFE803F0BC
:10A220000C060A080A0A0A04C12008BDC320FCE77C
:10A23000C420FAE7C520F8E7C220F6E7FF1FFF0FAA
:10A24000F0B551B1002807DA2D23B0F1004F13709B
:10A2500000D04042012100E0002100252C460E4F95
:10A26000002357F8046B01E06346801B864203F12C
:10A27000010CF9D913F0FF0300D125B14D1C303387
:10A280005354E9B201250134E4B2092CE8D130304D
:10A290005054481CC0B2F0BDA0BF03002DE9F04FE0
:10A2A000002495B02146029480461646A1464422D9
:10A2B000274603A802AC9A4625462CF03FFD31788C
:10A2C00059B9641BE4B2224629460020C047002841
:10A2D00040F08F803819C0B28CE0252918D0B9F130
:10A2E000000F19D104F8011B12AB9C42C0F0D380BF
:10A2F000641BE4B2294622460020C04701460028DC
:10A3000077D13C4448222846E7B22CF017FDC1E043
:10A31000B9F1000F00D101363278622A47D021D836
:10A32000252A3ED004D8002ACBD04FF00009DBE725
:10A33000392A15D82F2AF8D9717801F0DF01582968
:10A3400040F0D880322A06F1010940F0C080204652
:10A3500004223AF8041B26F049F804464E46E4E786
:10A36000582A15E0632A6BD0A2F1640C5FFA8CFCCA
:10A37000BCF1140FD9D80121604B01FA0CF010EA9E
:10A38000030940F08A8010F4104060D1BCF1140F32
:10A39000CBD1204602221AF8041B26F027F80446E7
:10A3A000C3E7214601F8022B62700C46BDE74FF06F
:10A3B0000009DAF800300DF1480B0193DAF80430A7
:10A3C0000093009B994502D10AF1080AADE7019B71
:10A3D0002046022213F8091026F008F858450446D2
:10A3E00012D3441BE4B2294622460020C04701464E
:10A3F00018B1002015B0BDE8F08F3C444822284633
:10A40000E7B22CF09BFC2C46009B5A1E4A4584BFA9
:10A41000202204F8012B5C450FD3641BE4B22946CB
:10A4200022460020C04701460028E2D13C44482291
:10A430002846E7B22CF082FC2C4609F10109C0E75E
:10A44000534653F8042B9A4604F8012B6DE7641B1E
:10A45000E4B22246294648465AF804BBC0470028C1
:10A46000C7D13C44482249462846E4B22CF066FC59
:10A470005FFA89F31BF803004F4609F10109002830
:10A48000F6D1FFB23A465946C0470028B1D18146BD
:10A490003C44E7B22C46013611E76C2ADAF800009A
:10A4A0000AF104090FD17378752B01D0642B04D104
:10A4B000B3F1750118BF012101362246FFF7C0FE36
:10A4C000CA46044431E7752A08BF0021F5E7342A5B
:10A4D00010D1564656F804AB04224FEA1A412046E2
:10A4E00025F084FF1FFA8AF1042225F07FFFB2468F
:10A4F000044633E74FF00109F6E600BF0101020010
:10A5000008B5054813460A460021FFF7C7FEB0FA12
:10A5100080F0400908BD00BFE1030300054B1A7835
:10A520002AB95B78002B0CBF032002207047012062
:10A53000704700BFDD4300200329F8B598BF124BD8
:10A5400005460E468CBF00245C5C032805D8DFE876
:10A5500000F002080B0E44F002040C4B1F684FB9C8
:10A56000F8BD44F00804F8E744F02004F5E744F0AF
:10A570008004F2E77B681A68144203D0314628460B
:10A580005B6898473F68EAE7C4BF0300D82700200C
:10A5900038B5104D2B78ABB10F4C23781BB100F0C0
:10A5A0002FFB00232370002025F03EFF0B4C50B101
:10A5B00000F078FB0023012120782B70FFF7BCFF0F
:10A5C0000123237038BD0122054B1A702278054BF8
:10A5D0001A70F7E7D9430020D7430020DF4300205B
:10A5E000DA430020DB43002010B524F087FE064B41
:10A5F00004461B781BB1BDE8104024F083BEFFF772
:10A60000C7FF2046F7E700BFD6430020094A13786A
:10A6100030B101331370084B1B78012B03D87047FE
:10A62000013B13707047054B1B780BB9FFF7B0BFA8
:10A63000704700BFDD430020DF430020DA430020E5
:10A6400070B524F05BFE124E054633789BB900F0DE
:10A6500059FC044620B1284624F054FE204670BD23
:10A660000C4824F0A8FD00F033FF0B4B1C6000F0F9
:10A670002FFD0A4B186000F0C7F925F0D7FE084BF4
:10A680000024186001232846337024F03BFEE5E7E0
:10A69000E0430020D8270020AC270020D42700204A
:10A6A000B02700202DE9F843284A0138135C39B15E
:10A6B000274F013339781354012904D8BDE8F883B2
:10A6C000013B1354FAE7FFF729FF0128044635D868
:10A6D00024F014FEDFF88480054698F8003013B3A8
:10A6E0001C4E33781BB9012232701B4A1370DFF8FD
:10A6F000709099F8003023B100F082FA002389F8B5
:10A700000030284624F0FEFD012025F08DFE24F0C7
:10A71000F5FD337805461BB100F0C4FA0023337011
:10A72000002388F80030284624F0ECFD3878844275
:10A73000C4D02146FFF700FF3C70BFE70329F5D1E5
:10A740000228F3D125F076FEF0E700BFDD430020BC
:10A75000DF430020D6430020DA430020D943002005
:10A76000D743002038B524F0C9FD094B05461B78B6
:10A77000012B04D824F0C6FD0024204638BD054B2B
:10A780001C6800F0CDFA0444284624F0BBFDF4E731
:10A79000DF430020AC27002038B54160044624F098
:10A7A000ADFD05462146044824F008FD2846BDE8D5
:10A7B000384024F0A7BD00BFD8270020054B1B68F8
:10A7C0005843054B00F5742000F23F20B0FBF3F036
:10A7D000704700BFD427002040420F002DE9FF47FB
:10A7E000EFF3108772B6AFF3008024F0D1FB00289E
:10A7F00071D0714EDFF8E481337823B10020FFF788
:10A8000005FF00233370FFF789FE0446002869D056
:10A81000841EE4B2012C6CD9FFF780FE01280546A6
:10A82000664CDFF8BC9100F28E802078A84205D0FB
:10A8300099F80030002B00F0B2802570207800F0ED
:10A8400059FA99F8003013B15D4B1B782370AFF3C0
:10A85000008007B962B6EFF3108772B6594B1A78C9
:10A8600052B100221A70564B20781B78984203D1BF
:10A8700001212170FFF760FE534800F07DFB24F0BA
:10A880009BFB05460028B7D1DFF8588198F80030C7
:10A89000A3B189F80000DFF8409199F800301BB1AE
:10A8A00000F0AEF989F80050002025F0BDFD002829
:10A8B00079D000F0F7F9002388F80030337823B11D
:10A8C0000020FFF7A3FE0023337000212078FFF75C
:10A8D00033FE00232370AFF3008007B962B604B0E3
:10A8E000BDE8F0873378002B96D0FFF78FFE3470E9
:10A8F00092E7002003A900F08DFB044600288BD1CD
:10A90000D8F80030039A9A4205D80120FFF77EFE5E
:10A910000123337080E72D4B1D6800F001FA039B83
:10A9200005449D42F1D200F013FA8200039942F0EF
:10A93000020292B2CDE900422346254A491B224831
:10A9400025F07CFD68E7DFF89CA09AF80030CBB9D1
:10A9500000F0E8F82078854203D099F80030D3B1B0
:10A9600025709AF80030002B7FF468AF194B1B78E4
:10A9700023B900F03FF90122174B1A7001238AF81E
:10A9800000305BE7207885423FF458AF99F80030FB
:10A99000002B7FF452AF2946FFF7CEFDE0E72946B2
:10A9A000FFF7CAFD49E7012000F0A4F907B962B634
:10A9B000EFF3108772B677E7D8430020DF4300201B
:10A9C000DB430020D4430020B4270020AC27002024
:10A9D000E9A50000DC430020D7430020B027002079
:10A9E000DA430020D943002010B524F087FC002270
:10A9F000044B1C781A7024F085FC00F0AFFC204357
:10AA0000C0B210BDD54300203B4A3C49136F70B51E
:10AA100003F007030B60D2F80011394801F003017D
:10AA200001603849384D8969032BC1F34001297011
:10AA300059D0D2F8203103F00703981E4342434116
:10AA4000D2F88022314C02F0010213434FF4C87057
:10AA50002370FFF7B3FE00222D4B2E4918602E4EB7
:10AA60000B680132D2B20A2A46F8040BF9D103442A
:10AA700000EBC00003440B602B78284D63B32378B0
:10AA80001D4A3BB9D2F8003103F00303591E4B4273
:10AA90004B412370D2F8003103F00303022B24D082
:10AAA000032B25D0012B17D1FBF75EF9024698B195
:10AAB000144B1B4EDC6800231946C4F30B0401340D
:10AAC00004EB84040138E4FB060123F003FCFFF7E8
:10AAD00075FE2B6803442B601F20FFF76FFE2B6869
:10AAE00003442B6070BD0123AAE7FBF79BF9DDE768
:10AAF00024F018FBDAE700BF008000501428002083
:10AB00001828002000C00150E4430020E543002045
:10AB1000DC270020E0270020E42700201028002068
:10AB200040420F00044B054AD3F8203103F00703DD
:10AB3000136024F0F9BB00BF008000501C280020E7
:10AB400008B50D4B1A7892B100221A700B4A136F98
:10AB500023F0070343F001031367D2F8203123F0F9
:10AB6000070343F00403C2F82031FBF7E7F80122A2
:10AB7000034B5A6708BD00BFE3430020008000502C
:10AB800000E000500122154B10B55A67144B154CCC
:10AB90001B7813B3022025F0A7FCF0B100F06AFA8D
:10ABA000D8B1A36DD90302D5E36D9A0715D40D4B27
:10ABB0009B6DDB0711D401220B4B1A7025F081FC31
:10ABC000BDE81040094B0A4A1860136F23F00703D1
:10ABD00043F003031367FBF7B1B810BD00D000507A
:10ABE000E543002000C00050E24300200C28002074
:10ABF000008000500122014B1A707047E34300208F
:10AC0000F8B51F4B1B78002B39D01E4C2378B3B9F5
:10AC10001D4B9A6DD10302D5DA6D92072FD49B6D2F
:10AC2000DB072CD425F04DFC184B194A1860136F24
:10AC300023F0070343F003031367FBF77FF825F0C6
:10AC400040FC124B134D1B68134EC01A2B78134F48
:10AC500056F8232046F82300111A3A681048521A71
:10AC60000A213A600932B2FBF1F20133DBB2026031
:10AC7000B3FBF1F201FB12332B7000232370F8BDFC
:10AC8000E5430020E243002000C000500C280020D3
:10AC900000800050E1430020E4270020E02700204E
:10ACA000DC27002008B524F040FB0D4A0D49136F46
:10ACB000096823F007030B4313670B49D2F82031CF
:10ACC000096823F007030B43C2F82031074B1B78B8
:10ACD00013B10122064B9A62BDE80840FBF72EB87B
:10ACE00000800050142800201C280020E54300208C
:10ACF00000E0005002280AD003280BD001280CD114
:10AD0000064A136923F00403136130BF7047002023
:10AD1000FCF77CB90020FCF799B9704700ED00E022
:10AD2000054B187818B1054B186800EBD000044BA0
:10AD30001B681844704700BFE5430020DC27002053
:10AD4000102800200122014B1A707047E5430020B3
:10AD5000014B1878704700BFE543002038B525F057
:10AD6000BCFB0025084B094C1A682368C31A2AB19A
:10AD700023B15169994203D3C91A5161206038BD8A
:10AD800055615B1A9268F2E72828002024280020E9
:10AD9000C38870B504460D463BB9FFF7E3FC854216
:10ADA000064602D225F034FB35460E4965610B6834
:10ADB0008BB90C60A3600DE0AD1A9A681846656106
:10ADC0006AB113465A69AA42F6D930B18460521B5F
:10ADD000A3605A6170BD0020F4E70C60F7E79C6047
:10ADE000A260F7E72828002038B5134D2B685B696F
:10ADF00093B1124A022014681C4400F025FB20463F
:10AE000000F0F0FA00230E492A680B70D088800702
:10AE100009D501230B7038BD022000F015FB02207C
:10AE200000F034FBEEE79268002AF4D05069034446
:10AE3000012BEBD9EFE700BF2828002024280020B1
:10AE4000E743002070B516469DF81420C0E903368C
:10AE50000271049ABDF818300260002204460D46C3
:10AE60008260C380EEB925F038FB2844A0619DB113
:10AE70002E4624F043FA0546FFF770FF3146204680
:10AE8000FFF786FF104B1B68A34201D1FFF7ACFF11
:10AE9000284624F037FA02E0E36865617BB90020B8
:10AEA00070BD25F01AFB3044A061002DE0D1E368AD
:10AEB0006561002BDDD0204621689847D9E7204600
:10AEC00021689847EBE700BF2828002000220C49A2
:10AED0000B687BB183420AD183687AB1936083683F
:10AEE0001BB15A6941690A445A61002070471A46E9
:10AEF0009B68EEE70028EFD0022070470B60EEE77A
:10AF00002828002070B524F004FA144E0546347841
:10AF1000FCB9134B1C60134B1C60134B1C8000F0DE
:10AF200029FA012000F090FA25F0EDFA0F4B0246C5
:10AF3000186020B9284624F0F2F9232070BD23467A
:10AF400040F2E7310A4823F0C5F90A4B18600123A3
:10AF50003370284624F0E3F90020EFE7E8430020AF
:10AF60002828002024280020423D00202C280020F2
:10AF700018FCFFFF2028002070B5044640B324F0E1
:10AF8000BDF9144E0546FFF7E9FE3068A04209D02E
:10AF90002046FFF79BFF0446B0B1284624F0B2F9E3
:10AFA000204670BDFFF792FF04460028F5D13368B4
:10AFB0003BB9022000F054FA284624F0A3F90024FB
:10AFC000EEE7FFF711FFF7E73368002BF4D1F0E766
:10AFD0002224E5E72828002038B50C460546A8B10C
:10AFE000A1B100230B7024F094F90121084B1B68D8
:10AFF00033B924F094F9002038BD9D4204D121706A
:10B000002278002AF9D0F4E79B68F1E72220F3E7E1
:10B0100028280020F8B506460F4624F07AF90025C6
:10B020000446124B1B6823B9204624F078F91B20F4
:10B0300011E05A691544DA88B2420DD125F04DFA73
:10B040000B4E3368C01AA8420AD3002320463B6047
:10B0500024F065F90020F8BDFF2EEFD09B68E2E7F1
:10B0600025F03BFA33682B441B1AEFE72828002011
:10B070002428002008B5074B187848B125F021FA9C
:10B08000054B1B689B69C01A02288CBF0020012059
:10B0900008BD00BFE74300202828002070B524F039
:10B0A00038F9064625F019FA084B04461D88012098
:10B0B000ADB225F019FA18B125F00FFA04460135A2
:10B0C000304624F02CF92046294670BD423D002030
:10B0D000014B1868704700BF2C28002038B50021AC
:10B0E000044640F2E730054B4FF47A721D680023A6
:10B0F000E5FB040123F0EEF838BD00BF2C2800204A
:10B10000012300B58DB08DF80F30FFF7E7FF002366
:10B110000146CDE90033074A0DF10F0304A825F0DD
:10B12000ACF918B99DF80F30002BFBD10DB05DF8CC
:10B1300004FB00BF37040300F8B50C4B05461B6841
:10B140000E4683420FD3002440F2E7302146084BDD
:10B150004FF47A721F680023E5FB070123F0BAF869
:10B1600030602046F8BD2120FCE700BF20280020E9
:10B170002C280020014B1868704700BF20280020B1
:10B180000F4B10B51A689AB14FF47A71531E1342DF
:10B19000A0FB01010ED1B2FA82F2C2F11F04531CCE
:10B1A000D243E04001FA03F3184321FA02F20243CA
:10B1B000104610BD002323F08DF80246F8E700BFCB
:10B1C0002C28002038B5154B14468342144B8B4174
:10B1D00021D3144B1A68F2B14FF47A75A0FB050322
:10B1E00005FB0131531E134211D1B2FA82F2C2F1B2
:10B1F0001F05531CD24301FA03F3E84021FA02F27F
:10B2000018431043E940C4E90001002038BD002381
:10B2100023F060F8F7E72120F8E700BFEFA7C64B5F
:10B22000378941002C280020C2072DE9F843044645
:10B230000BD5474A138801339BB21380FFF78EFD6D
:10B24000444B1B680BB1FFF7CFFDA3077DD524F05E
:10B2500060F84FF0000805464646FFF77FFD3D4F7A
:10B260003C680CB163698BB100223B4B012E1A7014
:10B2700003D118F0020F18BF1E70002C61D0FFF729
:10B28000B3FD2846BDE8F84324F049B823465A697F
:10B290003AB91A792179914288BF1C469B68002BE4
:10B2A000F5D1284624F03BF82569DDB125F015F9E4
:10B2B000A269A0EB02084FEAE873A84573F1000306
:10B2C00011DB23691344A361E368B4F806800136F7
:10B2D00013B120462168984724F01BF80546FFF774
:10B2E0003DFDBDE7A84624F014F881462046FFF74F
:10B2F000EDFD484624F013F82369002BE4D0A38B1E
:10B30000B5EB080533B1E28B13449BB2B3F57A7FFA
:10B310000FD2E38323F0FDFF804629462046FFF746
:10B3200037FDA369226940461344A36123F0F7FF68
:10B33000CAE7A3F57A73E383A369013D013BA361E7
:10B34000E8E7022000F08CF89BE7BDE8F88300BF37
:10B35000423D002028280020E643002010B523F0BD
:10B36000D8FF034B1C7823F0DAFF204610BD00BF46
:10B37000E64300201FB50024174B18689A880290F6
:10B38000D3F806009B7A009002A8ADF80C208DF847
:10B3900004308DF808408DF80C40FCF7E7F9694659
:10B3A00001208DF80040FCF79DF91F220B4B9A619C
:10B3B0005A614FF0B042936A13F00803FBD1136255
:10B3C0000120FCF7A9F94FF48062054BC3F88021F6
:10B3D0001A6004B010BD00BFC8BF030000200058B1
:10B3E00000E100E010B5044623F088FF4FF0B042C2
:10B3F000936A1907FCD4136A116C5269120704D4BA
:10B40000CA1A032A01D899420ED1E21A022A98BF19
:10B41000DC1CB4F1FF3F38BF013C4FF0B0430822C1
:10B420001C6403F580539A6123F06CFF054A13787E
:10B430003BB14FF0B041CB6B43F00203CB63002331
:10B44000137010BD1C16002000F001038207034A90
:10B4500048BF43F008039361704700BF00100058D5
:10B46000820700F001030AD50121064A43F00803D0
:10B4700011704FF0B041CA6B22F00302CA63024A56
:10B48000936170471C16002000200058830742BFBC
:10B490000822014B5A6170470010005810B523F084
:10B4A00038FF4FF0B04304465B691A07074A03F0C0
:10B4B000010003F00D0348BF40F002005361FFF7A5
:10B4C000B3FE2046BDE8104023F029BF00200058FD
:10B4D0000A4B10B5D3F8403203F00303013B012BB4
:10B4E0000BD823F00BFF044601210220FFF7DAF806
:10B4F0002046BDE8104023F005BF10BD008000507D
:10B500001F282DE9F341054604D82C46204602B0F9
:10B51000BDE8F08100240B4E0B4FDFF83080002394
:10B52000CDF800801A461946386827F0DAFE8442C2
:10B53000EBD2202CE9D056F8043BAB42E6D00134E4
:10B54000EDE700BFA8C20300FC110020FFFF0F00C1
:10B550002DE9F04F644E654D3168286889B008F0D8
:10B560004BFB0446002827D033680024D3E90001B0
:10B570009A6912689047336804A89B699B6898474A
:10B58000336802209B69DB689847326805985368E6
:10B59000E7B2B3FBF0F3BB42916904F101044DD86B
:10B5A000CB680020984733689B695B68984731688F
:10B5B000286808F021FB04460026DFF84C914C4F28
:10B5C000DFF84881DFF848A1F4B94A4B28689B5D51
:10B5D000002B00F08380D7F800B002AB594603AAD5
:10B5E00008F04CFD504507D070B9039B012B0BD0E0
:10B5F0005946286808F086FDD9F8003059461A687F
:10B60000286808F06BFC04460136202E09F1040975
:10B6100007F1040708F10108D6D1B4FA84F3364AD9
:10B620005B0913702B681B7C23B14FF48B7133487B
:10B63000FEF772FC204609B0BDE8F08F12680B6976
:10B6400007FB00209847A0E73B6803AA194402AB18
:10B65000019108F013FD5045034601992ED028684A
:10B660002BB30BF1010B009B5FFA8BF19942286819
:10B67000EAD3234B9B5D002BC6D0DDF800B05FFA08
:10B680008BF37E2B2868BFD8396802AB594403AAD4
:10B69000009108F0F3FC5045B6D00099286808F0F6
:10B6A00031FD0BF1010B04460028E8D0ACE7039B09
:10B6B0007BB998F80020029B9A42D2D098F80030CB
:10B6C000D9F80020286808F071FB0028C9D004468A
:10B6D000CFE7019108F016FD0199EFE7094BA3466A
:10B6E0009B5D0093BFE700BFDC110020FC11002030
:10B6F000A8C2030086C20300E943002028C3030058
:10B7000066C2030026C20300D4BF030046C2030082
:10B710000BE000F0F8B50D4616461F46FFF7F0FEA9
:10B720001F2804461CD8174B1B780BB3164B186800
:10B73000164B53F82410164B1B5D3BB1324608F0F4
:10B7400019FC0446A0B124F0F9FE12E07F2D08BFD9
:10B7500000253B46324651FA85F108F071FBF0E7CF
:10B76000FF2808D981B23B463046EAB224F02CFECD
:10B7700000242046F8BD4FF4A6710648FEF7CCFB26
:10B78000F6E700BFE9430020FC110020A8C2030037
:10B7900086C2030028C30300F8B50D4616461F46AF
:10B7A000FFF7AEFE1F2804461CD8164B1B7803B3C8
:10B7B000154B1868154B53F82410154B1B5D3BB106
:10B7C000326808F08BFB044698B124F0B7FE11E014
:10B7D0007F2D08BF00253B46324651FA85F108F01F
:10B7E000E5FAF0E7FF2807D93A46314680B224F05F
:10B7F000F4FD00242046F8BD4FF4C3710548FEF760
:10B800008BFBF6E7E9430020FC110020A8C20300EF
:10B8100086C2030028C3030010B5FFF771FE0A4B70
:10B820001B7813B90024204610BD084B002253F8A2
:10B830002010074B186808F0DBFB04460028F1D005
:10B8400024F07CFEEFE700BFE9430020A8C203001C
:10B85000FC11002073B516461D46002B6FD04BF22D
:10B860003463984210D1082D28BF082535492A464F
:10B8700030462BF089FA2A46304633492BF034FA09
:10B8800030B3002002B070BDC9B27F2980B208BFBA
:10B890000021984218D17F2241F202016846082314
:10B8A00024F092FD0822684627492BF01DFA30B992
:10B8B00008237F2241F2F011684624F085FD6B4693
:10B8C00003CB30607160DCE741F2F01398421CD189
:10B8D0001E4B701E996CDA6C2B462C1F013B9C4250
:10B8E00000F8011F4FEA11210CD1002CC9D004230C
:10B8F000D9B20729F2544FEA1222C2D001339D4235
:10B90000F6D1BEE7002BE9D1BBE700F47043B3F5F5
:10B91000805F0AD1C0F30B0404F17E642A463046EE
:10B9200005FB01412BF030FAABE700F46043B3F5BF
:10B93000005FA6D1C0F30B0404F57E24EEE72120BE
:10B94000A0E700BF0200E00F08C403000080E00F82
:10B9500030B5134600F07E62B2F17E6F89B00DD132
:10B960000A46C0F30B016846FCF70EFC20B14FF409
:10B97000C0710948FEF7D0FA09B030BD5A0824F06A
:10B98000DEFD0028F8D040F27511034809B0BDE88B
:10B990003040FEF7C1BA00BF95C303002DE9F7435D
:10B9A0000446E0070F46154604D540F2D311374848
:10B9B000FEF7B2FAE90704D54FF4EA713348FEF70F
:10B9C000ABFA04F47043B3F5805F41D1C4F30B04C8
:10B9D0002F4A04F17E646B1E2344934232D82646DC
:10B9E000DFF8A89006EB0508464544D1A2070ED023
:10B9F0004FF6FF7337F8022BA01E43EA02430422DE
:10BA00000DEB02010193FFF7A3FF0234023DAB07E8
:10BA10000ED0023D25F00103FB5A04226FEA0343D6
:10BA20006FEA13430DEB020160190193FFF790FFDA
:10BA300025B12A4639462046FFF78AFF002003B089
:10BA4000BDE8F08340F2D9111048FEF765FAC6E769
:10BA500004F46043B3F5005F04D1C4F30B0404F5B0
:10BA60007E24BCE74FF4F0710848FEF755FA6FF0FA
:10BA70000F060024B4E716F8013BFF2BB4D04FF4B7
:10BA8000F5714846FEF748FAAEE700BF95C30300DC
:10BA9000FF03E00F10B50446FAF750F90C4BA0F580
:10BAA0007A729A4212D84FF47A73B0FBF3F05C4387
:10BAB000084BB3FBF0F3B4FBF3F0022806D9BDE862
:10BAC00010400323B0FBF3F0F8F73ABB10BD00BF02
:10BAD000FFC99A3B40420F0010B512F01DF927F044
:10BAE00094FEBDE81040034601210220014A02F005
:10BAF000EFBB00BF1AC4030013B5D0E9023253F8FC
:10BB000022301C78204628F0CDFF234600900121EA
:10BB10000220024A02F0DCFB02B010BD2EC403007A
:10BB2000014B187825F0D6BEEA430020FF232DE90B
:10BB3000F04F8FB008A88DF8133025F031FA0021AE
:10BB40000220B24A08AB02F0C3FB41F24903B04AFB
:10BB50000121022002F0BCFB06A803F095FF08A912
:10BB60000DF1130025F0A8FB02200021A94A02F0E4
:10BB7000AFFB002025F0E0FE10B106A804F06CFD3C
:10BB80009DF92A3001210220A34A00939DF82B3011
:10BB900002F09EFB28F08DFF831EDBB2FC2B0546D6
:10BBA0002DD8012102209D4A02F092FB01249C4ED7
:10BBB0009C4FDFF8D882234632460021022002F053
:10BBC00087FB05A9E0B211F085FF00F0FD02912A84
:10BBD000034600F0A780002840F0AA809DF91430A9
:10BBE000012101939DF81630022000938E4A9DF8A2
:10BBF000153002F06DFB0134E3B29D42DBD8BDF895
:10BC0000284025F019FB23460021884A0090022095
:10BC100002F05EFB02200021854A02F059FB002061
:10BC200025F08AFE10B108A804F016FD0121814A12
:10BC3000022002F04DFB18F019F9044618F010F933
:10BC4000234601217C4A0090022002F041FB03F0D0
:10BC500021FF00210220794A02F03AFB9DF81330BF
:10BC6000FF2B6BD000210220754A02F031FB01212D
:10BC7000704A022002F02CFB25F02AFB012103462A
:10BC8000704A022002F024FB11F0C0FE002103469E
:10BC90006D4A022002F01CFB25F020FB044625F033
:10BCA00023FB23460121694A0090022002F010FB89
:10BCB00024F095FB03F038FF01210346644A02207B
:10BCC00002F006FB0025DFF8C88103F02DFFECB27F
:10BCD000A04239D824F083FB01235E4A1946022092
:10BCE00002F0F6FA002025F0F5FD5B4B5B4C00936B
:10BCF0000121002302205A4A02F0EAFA236863B1C4
:10BD0000012102201B78574A02F0E2FA2368012140
:10BD100002205B78544A02F0DBFA25F0E1FD0FB017
:10BD2000BDE8F08F3A460121022002F0D1FA62E725
:10BD300042460121022002F0CBFA5CE700210220FA
:10BD40004A4A02F0C5FA92E7494B204603EB041633
:10BD5000D6F8089004F024F88246204603F0EAFE64
:10BD6000444F00280CBFC346BB46204604F018F8D9
:10BD700005F046FC002808BF474653460021022034
:10BD8000CDE900B73C4A02F0A3FAB379012102934E
:10BD9000B388022001937388384A0093337B02F002
:10BDA00097FA0026DFF8ECB099F80430F4B2A34219
:10BDB00003D824F014FB013587E714235C43D9F83A
:10BDC000007002203A5B07EB040A9AF90C300092EB
:10BDD0002B4A002132EA230228BF5A461346294A39
:10BDE00002F076FA002025F0A7FD38B150463C5B02
:10BDF00025F0BEFA0146204605F04EFC0121022046
:10BE0000214A02F065FA0136CEE700BF6FC4030095
:10BE10007EC403009AC40300C6C40300A1C4030087
:10BE2000B7C40300DBC40300BEC40300F2C40300B4
:10BE300012C503004BC603001BC503003DC503002C
:10BE400067C7030048C503005CC5030072C5030053
:10BE500081C50300F8C5030010C60300F8290020BF
:10BE600004C603001EC6030032C6030015B103005A
:10BE7000DC29002046C403008CC50300ACC50300C8
:10BE800063C40300E0C503007FB10300E6C4030000
:10BE90004EC4030057C403002DE9F7430025134E99
:10BEA000DFF8588003F040FEECB2A04202D803B0A5
:10BEB000BDE8F0832701204616F8079003F03AFE0C
:10BEC0000B4A4B46002808BF424600210220009240
:10BED000084A02F0FDF9F05D25F00EFA012102207A
:10BEE000054A02F0F5F90135DCE700BFDC29002046
:10BEF000AEF203004DC603007FB10300B8F20300A9
:10BF000008B583685A681178C26853F82230A1F1E5
:10BF1000650251425141187804F02CF830B9BDE85F
:10BF2000084001210220024A02F0D2B908BD00BF38
:10BF300058C6030000210220014A02F0C9B900BF1F
:10BF400072C6030000210220014A02F0C1B900BFFD
:10BF5000A0C6030010B5044686B01822002168462A
:10BF60002AF0ECFE684625F051FCD4E9022052F894
:10BF7000203002EB80021B788DF80B30516891F96C
:10BF800000108DF80A1091680988ADF808106168F2
:10BF9000091A032907DDD26803F01F03127843EA68
:10BFA00042138DF80B30684603F090FA00210346E7
:10BFB000024A022002F08CF906B010BDBCC6030094
:10BFC00007B529F0E7F800210090044B0220044A4D
:10BFD00002F07EF903B05DF804FB00BF0A770300AE
:10BFE000C9C6030007B5D0E9023253F8221003EBAB
:10BFF00082035B6808781968094BA222002908BFF0
:10C000001946003818BF012013F096FE0121009058
:10C01000044B0420044A02F05BF903B05DF804FB12
:10C0200000F8FF07F9E70300D4C6030013B5D0E911
:10C03000023203EB820153F82230D1E9011418785F
:10C040002278003818BF0120096829F023F801215F
:10C050000090034B0420034A02F03AF902B010BDED
:10C06000DEC60300F3C6030008B5002101230C4A15
:10C0700025F000FE0A4825F0EFFB0020094904F0F6
:10C0800079FB002025F058FC10B1054804F0E4FAD3
:10C09000BDE8084001210420034A02F019B900BF9D
:10C0A000C4440020FBC603007FB1030010B525F097
:10C0B00021F9034630B1BDE8104001210420054AB2
:10C0C00002F006B90121BDE810400420024A02F046
:10C0D000FFB800BF09C703001AC7030010B525F059
:10C0E000BDFBBDE81040034601210220014A02F0D9
:10C0F000EFB800BF25C7030010B525F07DFBBDE8F4
:10C100001040034601210220014A02F0E1B800BFBD
:10C110003BC7030037B5D0E90232012453F822307F
:10C120004FF6FF701D78FE2204FA05F100231CF083
:10C1300033FE2B46009021460420024A02F0C8F844
:10C1400003B030BD4FC70300D0E9023253F82230AC
:10C150001B7823B101210220024A02F0B9B8024A39
:10C16000137070476EC70300EA43002007B56846A6
:10C1700003F08AFC25F060F801210346084A0220FA
:10C1800002F0A6F8684604F067FA25F057F8012196
:10C190000346044A022002F09BF803B05DF804FB5A
:10C1A00084C703009EC7030037B5D0E90245406845
:10C1B00054F82530401B0328D8BF002004EB850429
:10C1C000C8BFE06819786368C8BF00781A78A368A8
:10C1D00093F900300090012028F01FFC38B90121AC
:10C1E0000220084A03B0BDE8304002F071B8064BA7
:10C1F0000190009301210220044B054A02F068F8E7
:10C2000003B030BDAFC70300B7C70300B879030060
:10C21000CBC7030007B5012028F001FC48B9009006
:10C2200001210220084B094A02F052F803B05DF8E0
:10C2300004FB054B0190009301210220044B054AA9
:10C2400002F046F8F2E700BFB7C70300E2C70300F9
:10C25000C8790300CBC7030008B5D0E9023253F810
:10C260002230187815F0C2F930B9044A0121BDE82E
:10C270000840042002F02CB8014AF7E7F7C7030092
:10C2800013C8030008B5D0E9023253F822301888E9
:10C2900015F0A6F930B9044A0121BDE80840042090
:10C2A00002F016B8014AF7E732C8030062C803007B
:10C2B00073B50378044613F0050F0ED04588062D9C
:10C2C00017D1836801215B68174A1B780193838823
:10C2D00004200093154B01F0FBFF2378012B20D0A5
:10C2E00001210420114B124A02B0BDE8704001F058
:10C2F000EFBF35B98388012104200E4A01F0E8FF21
:10C30000EBE7012DE9D186680B49002004F032FAF1
:10C31000304604F0A1F929460420084A01F0D8FF6C
:10C32000DBE702B070BD00BF98C803008FC80300F0
:10C33000EAC80300B5C80300D2C803007FB10300F8
:10C340002DE9F04F00268FB0364D09AC0FCD0FC44C
:10C350002B6801210220344A236001F0B9FF3446E2
:10C36000DFF8DC9024F0B8FFF5B2A8420BD824F037
:10C37000B3FF23460090012102202C4A01F0A8FFC0
:10C380000FB0BDE8F08F284605A929F0C8FD034687
:10C39000002841D19DF81430032B39D904238DF89E
:10C3A00014302B4600210220214A01F091FF9DF814
:10C3B00014300EAA02EB830300214A4653F8143CC2
:10C3C000022001F085FF28469DF821A09DF815B0B8
:10C3D0009DF81870BDF816801BF046FD5346CDE958
:10C3E000028000210220CDE900B7124A01F070FF5F
:10C3F00001340020E4B225F09FFA18B10DF11900C4
:10C4000004F02AF9002102200B4A01F061FF01E04B
:10C41000002BC6D10136A5E700210220074A01F012
:10C4200057FFF7E774CA0300FCC803006EC9030096
:10C43000B9C4030029C903008171030050C9030076
:10C44000CCD30300C3688268013BDBB252F82330CF
:10C4500002201B78652B14BF00220121044B1BBF57
:10C4600001211A70034A044A08BF197001F030BF55
:10C470003E16002085C9030093C90300D0E90232AB
:10C4800053F822301A88014B1A807047E6150020B5
:10C4900007B5D0E9023103EB810253F8213052682D
:10C4A0001988054B0548128800930088012304F081
:10C4B000E1FD03B05DF804FBB1C20000E615002009
:10C4C000C3688268013BDBB252F823305B78A3F18A
:10C4D000660253425341014A1370704741160020CF
:10C4E00030B5D0E9023253F8223089B01D780123EB
:10C4F00002AA1946044625F0BDFB01230093102330
:10C5000020460DEB0302022125F095FB284604AAE4
:10C5100002A926F003F800284FF0000014BFB3244E
:10C52000002425F009FA18B12146054802F0B0FFB1
:10C5300001210420034A01F0CBFE09B030BD00BF49
:10C54000A2C903007FB1030070B500268EB012238C
:10C55000022109AA0096054625F06DFB05AA0146B1
:10C5600009A802F08DFD044698B1BD2805D1154AF1
:10C570000121042001F0ACFE09E0022801D1124A99
:10C58000F6E7034601210420104A01F0A1FE0EB097
:10C5900070BD012303AA1946284625F06BFB2246ED
:10C5A00005A903A825F0D2FF0028304618BF18249B
:10C5B00025F0C2F918B12146054802F069FF054A85
:10C5C000D6E700BFAFC90300D2C903000DCA0300FC
:10C5D0002CCA03007FB10300F0B5D0E9023253F852
:10C5E000221003EB82039B6805461F7887B038460C
:10C5F0000E7825F081F9044608BBD5E90221012314
:10C600008DF80830194452F8210002EB81020088AD
:10C610008DF809709268ADF80A00127804218DF83F
:10C620000C2028460DF10D0225F024FB304602A90E
:10C630008DF815401BF066FC044625F051F9334691
:10C6400001210420024A009401F042FE07B0F0BD2F
:10C6500041CA03002DE9F04101218EB00220274A92
:10C6600001F036FE002005AB01AA09A926F0B1F8B9
:10C6700000250446224E234FDFF898801CB128463F
:10C680000EB0BDE8F08102202B463246214601F073
:10C690001FFE204625F050F910B10AA803F0DCFF78
:10C6A0003A46002102209DF8303001F011FE42464A
:10C6B00000210220079B01F00BFE00210220BDF8A3
:10C6C0002030114A01F004FEBDF8143000210F4A59
:10C6D000022001F0FDFD013501A825F028F9EDB299
:10C6E000012102200A4A01F0F3FD284605AB01AA08
:10C6F00009A926F06EF80446C0E700BF88CA030007
:10C70000CECA0300D6CA0300A8C70300EBCA0300C1
:10C710007FB10300E2CA03002DE9F04F064699B04D
:10C72000C0B924F0D7FD074600250EA825F069FC06
:10C73000012102203E4A01F0CBFD2C46DFF8F880B3
:10C74000DFF8F890DFF8F8A0BC4205D3284619B00E
:10C75000BDE8F08F0127E7E713A825F052FC002E73
:10C760004BD04FF0020B06A913A88DF84CB025F062
:10C77000AEFE0446002859D102A913A825F094FF63
:10C780009DF85930214643F001035846294A8DF857
:10C790005930FE2401F09CFD9DF859300AA943F060
:10C7A000010313A88DF8593025F07EFF002025F0F5
:10C7B000C3F810B114A803F04FFF0C9B42460021B0
:10C7C000022001F085FDBDF82820002112F4007F31
:10C7D00014BF41234C2312F0100F0CBF6E2279229C
:10C7E000022000924A4601F073FD06A825F09FF84A
:10C7F0000135EDB20134E4B2A6E720460AAB06AA41
:10C8000013A925F074FF0028F4D102A913A825F07C
:10C810004BFF9DF85930524643F001038DF85930D3
:10C8200031462346022001F053FDB5E7FE24E1E73F
:10C83000F5CA03002ACB0300E2CA030031CB030090
:10C84000CECA030030B5012499B00EA825F0D9FB5B
:10C8500013A88DF8384018F029F9C0B9BDF84C106C
:10C8600011EA040513D121460220444A01F030FDAB
:10C8700029460220424A01F02BFD214602203F4A70
:10C8800001F026FD214602203C4A01F021FD06A9C7
:10C890000EA825F01CFE20B11022FF2106A82AF0C8
:10C8A0004DFA04A825F0C2FD059B01210220354A5E
:10C8B0000093354B01F00CFD9DF812300121022050
:10C8C000324A0093304B01F003FD00212E4B304AD9
:10C8D000022001F0FDFC06A825F029F813A825F098
:10C8E00090FB02230AA913A88DF84C3025F0DCFE3A
:10C8F00000283FD10B9B009301210220254B264AA3
:10C9000001F0E6FC0121234B244A022001F0E0FC67
:10C910000120FFF701FF01211E4B214A022001F0F7
:10C92000D7FC0020FFF7F8FE044624F0D3FC234692
:10C930000090012102201B4A01F0CAFC01211A4B80
:10C94000174A022001F0C4FCFFF784FE17490228B1
:10C9500003461748174A28BF0A46084928BF014618
:10C960000092CDE9013102200121134A01F0B0FC0F
:10C9700019B030BD4FF0FF33BDE700BF7FB10300FA
:10C9800044CB030082CB03007ACB030092CB03009D
:10C99000A3CB030084DE0300A8CB0300B8CB0300C5
:10C9A000BFCB0300C8CB0300DCCB030040CB0300AC
:10C9B000CDD30300F37B0300EACB030010B5D0E92D
:10C9C000023253F822301C78201E18BF012014F0C8
:10C9D00001F8054A054B0020002C18BF1A46BDE897
:10C9E0001040034903F0ACBE17CC030012CC030087
:10C9F00020CC0300D0E9023253F8223000201A88FC
:10CA0000024B03491A8003F09BBE00BF00160020B2
:10CA100061CC0300D0E9023253F8221003EB820309
:10CA20000878034908705B681A78024B1A707047DF
:10CA3000DA440020D944002037B5044610F0E6FF60
:10CA4000014638B100200D4A0D4903B0BDE8304021
:10CA500003F076BEE368A268013BDBB252F82330F4
:10CA600008481D780123084A00936C2D08BF024630
:10CA70001023204625F0DFF803B030BDAFCC030013
:10CA8000B7CC03002D1600201D16002013B58368B7
:10CA90009A681278672A22D101A818F007F804468C
:10CAA000A8B9BDF80420174903F04AFEBDF80430C8
:10CAB000DA070AD413F0020F134B144A18BF1A46B0
:10CAC0001349002003F03CFE19E0124AF8E7024641
:10CAD0001149002003F034FE22461049F1E7C268F4
:10CAE00001A953F8220003EB82035B6800681B680E
:10CAF000ADF8043017F0AAFF04460028ECD102B0CC
:10CB000010BD00BFEFCC0300E2CC0300CDCC03008E
:10CB100008CD0300D2CC03001ACD030046CD03009C
:10CB2000034A04491388C85401331380704700BF77
:10CB3000523D0020F043002073B5154D01242B78A1
:10CB4000144E13F0040F0CBF02230423124A214693
:10CB50001470328802200192EB5C104A0093104B53
:10CB60005B8801F0B5FB002102200E4A01F0B0FB0A
:10CB70000D4B2946009332882346022001F0F2FB38
:10CB800021460220094A02B0BDE8704001F0A0BB76
:10CB9000F0430020523D0020EF43002055CD03001C
:10CBA000443D00207ACD03009CCD03007FB10300FB
:10CBB00070B516464FF48A52114B124DDA805980E7
:10CBC000114B1B881A1E18BF012240EA82000F4A2F
:10CBD0001278003A18BF012240EA0210287063B1AF
:10CBE00003246B701B0AAB7004F076FD631C2855A0
:10CBF000EE54074B02341C8070BD0124F4E700BFE3
:10CC0000443D0020F0430020503D0020EE43002032
:10CC1000523D002038B5D1E902320C46054653F8A2
:10CC20002230024619880C4B1878FFF7C1FFE368E1
:10CC3000A268013352F82330188823F0D6FC4DB196
:10CC4000E368A268023352F823301878BDE8384010
:10CC5000FFF766BF38BD00BFEB430020F0B50546C7
:10CC6000EB68AA68023352F8233008461C7829463C
:10CC700085B0FFF7CFFF204624F066FB204E214F02
:10CC800078B3204624F06CFB0321441C03AA2846F9
:10CC900022F0EDFD3288E4B2C2F1520303991B1B6E
:10CCA0009BB28B4222443CBFC2F152030393012347
:10CCB000032100933A449DF80C30284624F0BBFF32
:10CCC000039A022C338804BF0F48110AFA5408BF94
:10CCD000C15413441C44348005B0BDE8F040FFF754
:10CCE0002BBF204602F0DEFE01233288044600936B
:10CCF000032103463A44284624F09DFF3388E9E7A0
:10CD0000523D0020F0430020F1430020052307B5E9
:10CD1000012100930220044B044A01F0D9FA03B028
:10CD20005DF804EBFFF78EBD83CD03008ACD0300D1
:10CD300013B5044625F0D1FD38B1CDE900400121FD
:10CD40000220034B034A01F0C3FA02B010BD00BF3A
:10CD5000AFCC0300A1CD0300194B37B51B783BB90D
:10CD600001210220174A03B0BDE8304001F0B0BAFB
:10CD7000D0E90232144C53F8223001211D78638827
:10CD800002200093114A2B4601F0A2FA104B2571A4
:10CD90001B78104D63B1012102200F4A01F098FA6F
:10CDA00020460E4A298803B0BDE8304024F041B83F
:10CDB00020460A4A298803B0BDE8304024F0EDB887
:10CDC000EF430020B8CD0300443D0020C6CD030052
:10CDD000EC430020523D0020DDCD0300F043002055
:10CDE000F0B5D0E9023253F8221003EB82035A68FF
:10CDF0000C7816889A68DB6817881D7887B0002140
:10CE00000220CDE90167324B324A009401F060FA0A
:10CE10008DB37923012102202F4A01F059FA4023D2
:10CE20000DF113020292042205AD20460192314613
:10CE30003A46009524F0B6FC044600283FD19DF800
:10CE4000130024F087FA0646E8B1284624F032FDA4
:10CE5000224B0228A8BF02200093234682B20DF184
:10CE60001501022001F07EFA012102201C4A01F086
:10CE70002FFA07B0F0BD6E2301210220164A01F0FF
:10CE800027FA8023CCE79DF8130024F069FA60B1FB
:10CE9000284624F014FD0228A8BF02200F4B82B2BE
:10CEA00000930DF116013346DBE79DF8130002F005
:10CEB000F9FD0C4B0246009329460123D1E700906F
:10CEC00001210220084B094A01F002FAD1E700BF14
:10CED00020DF0300F7CD03001CCE030023CE0300A8
:10CEE0007FB103009CCD030065D5030026CE03006F
:10CEF000D0E9023253F8221003EB82032DE9F04F00
:10CF00005A680F78B2F800809A6889B0B2F8009039
:10CF1000DA681B6992F800A01D7800212E4B2F4A79
:10CF20000446CDE901890220009701F0D1F9BAF158
:10CF3000000F14BF79236E2301210220284A009597
:10CF400001F0C6F900232846079324F003FA0DF1F7
:10CF50001C0B064610B30023052100932046022334
:10CF60000DF11D0224F067FE8DF81C00BAF1000FD0
:10CF70000CBF802340234A4641463846CDE900B5E0
:10CF800024F0EDFB0146144802F082FA0121022050
:10CF9000144A01F09DF909B0BDE8F08F284624F04D
:10CFA000DFF960B102230521204600960DF11E0233
:10CFB00024F041FE8DF81D608DF81C00D6E7059029
:10CFC000284602F06FFD059A0346009205215A4655
:10CFD000204624F030FEC9E713DF0300F7CD03003D
:10CFE00037CE03007FB103002DE9FF4700255F68BE
:10CFF0001C46DB680395FF1AA846FFF7D9FDFFB270
:10D00000EBB29F4245D90C9B13F80830A3F12102E3
:10D01000D1B2072925D9A3F1310013280BD8DFE8B5
:10D0200000F0515A637D383838380A0A0A0A0A0A69
:10D030000A0A0A0AAA9008F10108142B5FFA88F874
:10D0400025D833B3013B132B23D8DFE803F03B444F
:10D050004D272222222222222222222222223B4445
:10D060004D67232A15D8DFE802F02D363F19141436
:10D07000141414141414141414142D363F591414C5
:10D0800014141414141414141414866C866C2329A8
:10D09000E7D9FFF751FD04B0BDE8F0874FF0040970
:10D0A000E368A2682B4452F823301E68F0B209F1FD
:10D0B000FF39FFF735FD19F0FF094FEA1626F5D1C4
:10D0C00001359DE7E368A2682B4452F823301878B5
:10D0D000FFF726FDF4E7E368A2682B4452F82330FB
:10D0E000188823F082FAEBE7E368A2682B4452F831
:10D0F00023301E68B6F1807F09D2F0B2FFF710FD31
:10D10000C6F30720FFF70CFDC6F30740E0E72B4608
:10D1100001210820254A01F0DBF8BAE74FF00409A5
:10D12000E368A2682B4452F823301E68F0B209F17C
:10D13000FF39FFF7F5FC19F0FF094FEA1626F5D184
:10D14000BEE7294603AA204622F091FB0021184E93
:10D15000184A3388DDF80C9002EB030CCAB29145F3
:10D1600001F1010102D84B443380A9E710F802A075
:10D170000CF802A0F2E70E4E00213288DFF834A04E
:10D18000C2F151039BB2FF2B28BFFF230132009154
:10D19000DBB22046524469B224F029FD33880AF8F4
:10D1A00003000133184430808AE700BF50CE0300EB
:10D1B000523D0020F0430020094B1B7823B1012190
:10D1C0000820084A01F084B8D0E9023253F822302E
:10D1D000054A1B88012113800820044A01F078B811
:10D1E000EF43002076CE0300503D0020B8CE030070
:10D1F000D0E9023253F82230054A1B780121003B66
:10D2000018BF012308201370024A01F061B800BF63
:10D21000ED430020DECE0300D0E9023253F8223085
:10D22000034A1B78012113700820024A01F050B80C
:10D23000EE4300200DCF030010B5D0E902320446C2
:10D2400053F82230132219880B4B1878FFF7B0FCE3
:10D25000E368A268013352F823301878FFF760FCC6
:10D26000E368A268023352F823301878FFF758FCBD
:10D27000BDE81040FFF760BCEB43002010B5D0E9DB
:10D280000232044653F82230112219880B4B1878C9
:10D29000FFF78EFCE368A268013352F82330187858
:10D2A000FFF73EFCE368A268023352F82330187897
:10D2B000FFF736FCBDE81040FFF73EBCEB43002013
:10D2C000D0E9023253F82230034A1B78003B18BFE2
:10D2D0000123DB0013707047EB43002010B5D0E949
:10D2E000023253F82230044619880E4B0622187871
:10D2F000FFF75EFC0120FFF713FCE368A26803441C
:10D3000052F82330188823F070F9E368A2680233DA
:10D3100052F82330188823F068F9BDE81040FFF771
:10D320000BBC00BFEB4300202DE9F041D0E90232F5
:10D330004FF00208013253F8221003EB82035A68BF
:10D3400086B017889A6853F8043C14780D881878CA
:10D35000002C0DF1130305AE02933A460CBF802357
:10D3600040232946CDF80480009624F01BFA03469A
:10D3700038B1194A0121082000F0AAFF06B0BDE823
:10D38000F081201E18BF01200A222946C000FFF7A5
:10D390000FFC384623F029F99DF81300FFF7C0FB76
:10D3A000424631469DF8130023F0A9FF044628B1F8
:10D3B0000A4F3D88C5F15203984202DD2346084AD0
:10D3C000D8E70246074831462844254429F0DCFCCA
:10D3D0003D80FFF7B1FBD1E743CF0300523D002072
:10D3E0005FCF0300F043002010B5D0E902320446BD
:10D3F00053F82230082219880B4B1878FFF7D8FB16
:10D40000E368A268023352F823301878FFF788FBEC
:10D41000E368A268013352F82330188823F0E5F856
:10D42000BDE81040FFF788BBEB43002073B5D0E99F
:10D4300002320546023253F8221003EB820353F8FE
:10D44000042C53F8083C0C781988234B168818785C
:10D450000622FFF7ADFB0020FFF762FB304623F00A
:10D46000C4F82046FFF75CFBEB68AA68033352F868
:10D470002330188823F0B9F8EB68AA68043352F80F
:10D480002330188823F0B1F8204604F00FFBE8B9E8
:10D49000204602F007FB05210446019001AA284618
:10D4A00022F0E5F9019B01469C4206D02246314616
:10D4B0000A4805F059FA02B070BD094D09482E8896
:10D4C00022463044344429F01FFC2C8002B0BDE8D1
:10D4D0007040FFF731BB00BFEB4300208BCF030050
:10D4E000523D0020F043002073B5D0E902324FF4E2
:10D4F0008A5153F82230104D1A88104BD9805A8027
:10D5000000232A4600930121522324F094FB2B7818
:10D51000044613F0040F0A4B08BF01261B7818BFFE
:10D52000032613B104F0D8F8A855064B1C8002B0AE
:10D53000BDE87040FFF700BBF0430020443D0020F1
:10D54000ED430020523D0020D0E9023253F8223052
:10D55000034A1B78003B18BF01231370704700BFBC
:10D56000EC43002010B50C4608B903F061F8024BFB
:10D5700018715C7110BD00BF443D002002462DE9CA
:10D58000F341D0E90253526855F82310D21A0C889F
:10D59000294E05EB8301013B022ADBB24868C8BF74
:10D5A0008A6855F823803378D8BFFF210078C8BF38
:10D5B00011783BB901210220204A02B0BDE8F041B8
:10D5C00000F086BEFFF7CEFF23F036FE1C4F1D4D48
:10D5D0003B880146009322462B461B4824F021F944
:10D5E000B0B998F804303A885F2B14D12B46204606
:10D5F000154923F017FC28B1034601210220134AE4
:10D6000000F066FE0023124A33701380114A137033
:10D6100002B0BDE8F0814FF6FB739C4205D92B4662
:10D620002046094923F050FCE5E713462146064A07
:10D63000009523F073FCDEE7EF430020D6CF030014
:10D64000523D0020F0430020443D0020DDCF030088
:10D65000503D0020EE430020002210B50A21044670
:10D660001046FFF7A5FA002022F0BFFF0122044B6D
:10D670001A70FFF761FA2046BDE81040FFF77EBF41
:10D68000C244002038B51C4615460123224624F02A
:10D69000F1FA28B92146284610F060FB044610B97B
:10D6A0000024204638BD01210420024A00F010FE6B
:10D6B000F7E700BF04D003002DE9F0430C46154600
:10D6C0001F46D0E9022352F8231002EB830293682D
:10D6D0000E8893F80080D3688BB0B3F80090324680
:10D6E000012106ABFFF7CEFFF0B90DF1200CF4B12C
:10D6F00001232A884021CDE902C2CDE90471CDE998
:10D7000000932221434606AA304624F0EAFA0B4B46
:10D710000B4A00930B4B0190002C08BF13460121CC
:10D720000420094A00F0D4FD0BB0BDE8F083624646
:10D7300028686968032303C22246DBE761D003003F
:10D7400048D0030042D0030050D0030007B50123A6
:10D750006A46002124F08EFA6846034903F006FD6C
:10D7600003B05DF804FB00BFB1C20000D0E9023293
:10D7700053F822300149188803F0CABCB1C2000036
:10D7800010B5D0E9023203EB8201496853F8223028
:10D7900009784FF48A52188824F093FABDE81040B3
:10D7A000034601210420014A00F092BD6BD0030022
:10D7B000D0E9023253F8223002214FF48A5210B5D8
:10D7C000188824F070FABDE81040034601210420B7
:10D7D000014A00F07DBD00BF84D003002DE9F04375
:10D7E000D0E9023253F8221003EB82035A680E8804
:10D7F00017789A68DB688BB092F80090B3F80080D5
:10D800003246042106AB0446FFF73CFF28BB08ADB7
:10D8100001232A460521204624F02CFA38B9042099
:10D8200001210F4A00F054FD284602F02DF94FF473
:10D830008A53CDE904930023CDE902530323212128
:10D84000CDE9008306AA3B46304624F04AFA01217E
:10D850000346044A042000F03BFD0BB0BDE8F08312
:10D860009BD00300CAD0030038B5D0E9024303F1CE
:10D870008043023B02220F4954F823009D0029F007
:10D8800033FA60B90C4B0D491A78042A0BD82C4492
:10D89000A068008821F8120001321A7038BD084BC8
:10D8A00008491A78F1E70121BDE838400420064A0A
:10D8B00000F00EBDA2B40300434400205E3D0020F2
:10D8C00042440020543D0020DCD0030008B5C3686A
:10D8D000806803F18043023B0222064950F823008E
:10D8E00029F002FA10B9044B187008BD0022034B4E
:10D8F0001A70FAE7A2B40300434400204244002017
:10D9000037B5D0E9023153F821208C0015784268F0
:10D91000521A012A10DD23445B6829461C782046F0
:10D9200024F03FF9D0B1234601210420154A009587
:10D9300000F0CEFC03B030BD6C0944F0180405F0D3
:10D940001F052946204624F02CF90028EBD101219F
:10D95000A9400023FE2241EAC46105E00121A9405B
:10D96000002CF4D12346FE224FF6FF701BF014FA70
:10D97000012103460420044A03B0BDE8304000F012
:10D98000A7BC00BFF2D0030012D1030070B5D0E9EC
:10D99000021551F8253001EB8501044618884B68C3
:10D9A0001A788B68052A1B8802D85E1E072E0BD9B1
:10D9B000012104200C4A00F08BFCBDE870400121DD
:10D9C00004200A4A00F084BC6468641B032CCABFAC
:10D9D000C968074909681BF0DFF9BDE870400246D5
:10D9E0000449002002F0C6BE30D1030050D103002C
:10D9F00000F8FF076DD1030008B5D0E9023253F8F3
:10DA0000220003EB82035968FF22038809684FF65E
:10DA1000FF701BF0C1F9BDE8084002460149002033
:10DA200002F0A8BE7ED1030008B5D0E9023253F857
:10DA3000223005214022188824F035F9BDE808403D
:10DA400002460249002002F095BE00BF9DD10300AE
:10DA500008B5D0E9023203EB8201486853F822107E
:10DA6000027840230988312024F070F9BDE808408D
:10DA700002460249002002F07DBE00BFBCD1030077
:10DA800008B5D0E9023203EB8201486853F822104E
:10DA9000027840230988332024F058F9BDE8084073
:10DAA00002460249002002F065BE00BFD4D1030047
:10DAB0001FB5D0E9023253F8221003EB82039B68B2
:10DAC0000C881A780B49003A18BF01220868496887
:10DAD00002AB03C3D20102A94023204624F045F93A
:10DAE00001210090044B0420044A00F0F1FB04B033
:10DAF00010BD00BF6FD2030061D00300F0D103005E
:10DB000007B5D0E9023253F82230032140221888A9
:10DB100024F0C9F801210090034B0420034A00F0CF
:10DB2000D7FB03B05DF804FB61D00300FDD1030017
:10DB300037B5C3688268053352F8233004211D7855
:10DB40006A460123044624F095F838B904200121DF
:10DB5000064A00F0BDFB684601F096FF2B466A4678
:10DB600000212046FFF7A8FD03B030BD15D2030009
:10DB700007B5D0E9023203EB8201486853F822105E
:10DB8000027840230988322024F0E0F80121009037
:10DB9000034B0420034A00F09BFB03B05DF804FB39
:10DBA00061D0030046D203001FB5D0E9023203EB77
:10DBB000820153F82230496818884FF48A53098843
:10DBC0000293094B094A0193094B0093094B1278C0
:10DBD0001B7822F05FFD012103460420064A05B0B0
:10DBE0005DF804EB00F074BB543D0020434400207A
:10DBF0005E3D00204244002059D20300836970B585
:10DC000013F00106044603F0020509D1EDB9C3691A
:10DC10005BB30FF08FFD2046E369BDE87040184705
:10DC20001DB19B211A48FCF777F9A069C0F3810068
:10DC300023F050FEE3691BB9A3211548FCF76CF9EA
:10DC400020460FF077FD4DB916E0C3F3072023F00F
:10DC500053FEE369B3B120460FF06CFDE369607ECB
:10DC60009847BDE8704023F03BBE0948A321FCF76C
:10DC700053F920460FF05EFD2046E3699847002ED9
:10DC8000EFD170BDA3210248FCF746F9E3E700BFDE
:10DC900077D2030008B50FF04BFF28B1BDE808406C
:10DCA0003F210248FCF738B908BD00BF77D2030016
:10DCB0002DE9F84FFF2B0446884691461D464FF04C
:10DCC00000069DF82870DFF85CB0DFF85CA012D188
:10DCD000C0E900BAC0E9066206618660C160FF2F34
:10DCE00007D0A36943F0020323F47F4343EA0723E9
:10DCF000A361BDE8F88FFF2F03D0BE210848FCF7D1
:10DD00000BF9AD0045F00105EDB2C4E900BA26619A
:10DD1000A660C4F81C90C4F80C80A561DFE700BFC2
:10DD200077D2030030280020FDDB0000002310B56F
:10DD3000054C03610460054CC261C0E90143012345
:10DD4000C160836110BD00BF30280020FDDB0000F2
:10DD5000826938B502F00203D20704460D4620D589
:10DD600053B9FF2921D1A36913F00C0F17D0FC215F
:10DD70001048FCF7D1F812E0ED210E48FCF7CCF882
:10DD8000FF2DF0D0284623F05CFBFF28054603D189
:10DD9000F5210848FCF7C0F82DB204EB45142046E5
:10DDA00038BDFF29FBD0002BECD1F2210148FCF754
:10DDB000B3F8E7E777D20300014826F0F3BD00BFD0
:10DDC00030280020014826F0F9BD00BF302800208F
:10DDD00013B5164826F0BBFD22F0C1FC21F02DF949
:10DDE00021F03DF921F03EF9FCF750F80446FCF72C
:10DDF00067F823460E4A01210090042000F068FADB
:10DE0000FCF74AF8012340F2A172834013420BD081
:10DE10000020FBF739FF0020FBF738FE002002B09E
:10DE2000BDE81040FBF7FEBD02B010BD3028002059
:10DE3000F1D20300022808B503D122F089FA014B80
:10DE4000186008BD6028002008B506F039FF0120E1
:10DE5000064B187022F091FC022022F08EFCBDE8E7
:10DE6000084003490348FCF797BC00BF4544002025
:10DE70000412002064280020014B1870704700BF76
:10DE80004444002038B50E4B1C786CB9204638BD90
:10DE900023F0D6F904280FD023F0D2F9054623F059
:10DEA0001FFD052D0AD0F1E7002023F013FD28B94E
:10DEB00023F0C6F90228EBD123F012FD0024E5E798
:10DEC0003D16002008B5074B1B780BB1002008BD9C
:10DED000FFF7D8FF0028F9D101F01AFD023818BF6A
:10DEE0000120F4E74444002070B50FF087FE04469B
:10DEF000FFF7E8FF14F0070F204D0CD158B10FF0D9
:10DF00007DFE10BB4FF0FF34FFF756FF844228BF61
:10DF10000446042C1DD82B7823B9012022F02DFCB7
:10DF200001232B7022F037FC044628B32B781BB951
:10DF3000F9211348FBF7F0FF0FF07AFD0446FFF7D5
:10DF40003BFF844228BF044616E00FF071FD0446F3
:10DF5000DAE7204622F021FC0028DCD02B785BB1E8
:10DF600021F0CCF9064600210120FCF79BFB30464E
:10DF700021F0C8F900232B70204670BD45440020D5
:10DF800011D303001FB5FFF7AFFF0446FDF7F2F80A
:10DF9000A04228BF204688B103A9FDF7CDF803466B
:10DFA00038B9CDE90000064A0399064822F046FA3E
:10DFB00018B192210448FBF7AFFF012004B010BD57
:10DFC000790703004028002011D303000D4B70B5E2
:10DFD0001B780D4D0D4C0121002B0CBF2B46234609
:10DFE00002200B4A00F074F90A4B01211B78022031
:10DFF000002B0CBF2B462346BDE87040064A00F0BC
:10E0000067B900BF3D1600208ED303008AD30300FA
:10E0100091D3030044440020B0D3030010B5D0E9ED
:10E02000023253F8223002201B780121002B15BF49
:10E0300001240024044A054A00F04AF92046BDE8BC
:10E040001040FFF719BF00BFCFD30300ECD303008C
:10E05000D0E9023253F82230034A1B78003B18BF44
:10E0600001231370704700BF3D1600202DE9F341D6
:10E0700000240C4E0C4DDFF838800C4F56F8043B52
:10E080000BB9D8F8003035F8022B39460092002041
:10E090002246013402F054FB292CEFD102B0BDE836
:10E0A000F08100BF101200203E3E00200BD4030080
:10E0B0000C12002007B5D0E9023253F822301A784A
:10E0C000282A0DD8084B53F822300BB9074B1B6890
:10E0D0000749002031F812100091064902F030FB88
:10E0E00003B05DF804FB00BF101200200C120020EA
:10E0F0003E3E00200BD4030038B5D0E9023253F87D
:10E10000221003EB82035B680C781D880020044911
:10E1100002F016FB29462046BDE8384000F0BCB8A6
:10E1200016D403002DE9F34100240C4E0C4DDFF80A
:10E1300038800C4F56F8043B0BB9D8F8003035F84E
:10E14000022B3946009200202246013402F0F8FAF0
:10E15000292CEFD102B0BDE8F08100BF10120020E1
:10E16000EC3D00200BD403000C1200202DE9F341FC
:10E1700002AB03E90600044690460FF0C1FB0546DA
:10E1800020460FF0CDFB394F9DF80060384BFDB1B4
:10E19000202C98F8002033F8141037F8140008D910
:10E1A000814254D34FF6FF7291421DD102B0BDE8B7
:10E1B000F081012A32D84FF6FF752E4802EB421249
:10E1C000224430F81210A94202D0013120F8121076
:10E1D00033F8141037F81400814238D34FF6FF7229
:10E1E00091424FF0010502D0013123F8141004F0E0
:10E1F000FD02092A2DD19A8AB98A32448A42B4BFD3
:10E200009A82998233F814308342CFD3002DCDD136
:10E21000204602B0BDE8F04122F099BD022AD7D1D4
:10E220004FF6FF704FF6FF75124A32F81410814214
:10E2300018BF013104F1210018BF22F8141032F880
:10E240001010A9421CBF013122F81010C0E70025B0
:10E25000CAE71D2CD6D15A8F91198142BDBF02F158
:10E26000FF32B6185E875887CCE700BFEC3D002030
:10E270003E3E0020683D002052220021014828F047
:10E280005DBD00BF3E3E00205222FF21014828F024
:10E2900055BD00BFEC3D0020014B23F81010704726
:10E2A000EC3D002008280ED84FF48B73C340DB07E9
:10E2B00009D5064A136819B103430020136070475B
:10E2C00023EA0003F9E72120704700BFB8120020BD
:10E2D0000CB4082813B50C4611D84FF48B73C34007
:10E2E000DB070CD5084B1B68184208D005A9049819
:10E2F000019104F04DFB14B1044824F0B4FC02B0C9
:10E30000BDE8104002B07047B8120020FED60300EE
:10E31000034610B5D3E9023253F8223008461C7880
:10E32000211E18BF0121FFF7BDFF014650B9094A60
:10E33000094B0220002C08BF1346BDE81040074AD5
:10E34000FFF7C6BF0021BDE810400220044AFFF7D6
:10E35000BFBF00BF4EC4030046C4030000D7030084
:10E3600016D703002DE9F04105461F460C46DFF89D
:10E370002C808E18B44201D1BDE8F08100212846DE
:10E3800014F8013B069AFFF7A3FF002FF2D0424694
:10E3900000212846FFF79CFFECE700BFE0CA03001E
:10E3A000034B1B681878012808BF0220704700BF84
:10E3B000F8290020D0E9023253F822301A78024BB3
:10E3C0001A7000F0D7BA00BF4644002070B5D0E9FB
:10E3D00002456B1EDBB254F8230003221B4928F0D0
:10E3E00083FC54F8253004EB8504197863681A78A7
:10E3F000A2F10B030F2B05D915490020BDE8704091
:10E4000002F09EB901290FD1124C9140236840B906
:10E410000B43114A23600020BDE870400F4902F011
:10E420008FB923EA0103F4E702290CD101230C4937
:10E4300003FA02F20B6818B913430A4A0B60EAE7C1
:10E4400023EA0203F9E70A460749D6E76C77030097
:10E4500027D70300C01200203DD7030045D7030093
:10E46000BC12002057D7030061D7030007B5D0E9DD
:10E47000023103EB810253F821300B491B785268BB
:10E48000012B0A4B08BF0B4612684FF000001A60C0
:10E490000092074A074B084918BF1346074A02F083
:10E4A0004FF903B05DF804FBC0120020BC1200203D
:10E4B0007CD7030074D7030086D7030084DC0300F5
:10E4C00038B5254A254B264C0020264902F038F95C
:10E4D0000020254902F034F922682449002002F086
:10E4E00049F92068224C234D02F004F9214600200E
:10E4F00002F026F92A682049002002F03BF928683A
:10E5000002F0F8F82146002002F01AF91B4B1C49D2
:10E510001A781C4B002053F8223002F011F900F059
:10E5200027F919490246002002F00AF9174B00208A
:10E530001A78174902F004F9164B17491A78002087
:10E5400002F0FEF822F07CFEBDE838400246134996
:10E55000002002F0F5B800BF84DC03009FD7030061
:10E56000C0120020A6D70300AED70300BCD703001B
:10E570004BC60300BC120020CCD70300624400202D
:10E58000DCD70300C4120020EDD70300584400205C
:10E5900001D803005744002013D8030025D80300F6
:10E5A00007B500F08FF8054B0090054A002005499B
:10E5B00002F0C6F803B05DF804FB00BF39D80300D1
:10E5C00084DC03003ED803000020014902F0B8B803
:10E5D0004BD8030001480EF005BC00BF903E002060
:10E5E000F8B504460B4F0C4E0C4D00200C4A0D495B
:10E5F00002F0A6F820463B7829783278F7F788F9B8
:10E6000000233B7033702B70FF21BDE8F8400648B3
:10E6100022F09EB862440020574400205844002055
:10E6200084DC0300EAD803006C28002037B51948C1
:10E63000FF2122F08DF8184B1B7813F0200013D027
:10E6400000F068FC26F0A6FD0020144B144A154982
:10E6500002F076F80120FFF7C3FF4FF4806003B0AB
:10E66000BDE8304023F0F4B813F0100404D003B038
:10E67000BDE8304000F056BC0121B42000F0C8FFD6
:10E6800005460090084B2046054A084902F058F814
:10E690002846E0E76C2800206244002001D90300EE
:10E6A00084DC03002AD9030031D903004AD90300CE
:10E6B0000021024A0248FFF739BB00BF2DE60000E7
:10E6C0006C28002008B5054B1B7823B19420FFF778
:10E6D00087FF002008BD7020FCE700BF62440020D7
:10E6E00037B51E4C05462378DB062FD500901C4B12
:10E6F00000201C4A1C4902F023F81E2D10D0652D65
:10E700000ED0032D24D141F28832FF2123781748FF
:10E7100043F02003237003B0BDE8304022F007B877
:10E72000237823F020032370FBF752FD4FF4FA63A4
:10E73000B0FBF3F202FB1300C218FF210B4892B2A8
:10E7400021F0F5FF237823F01003237003B030BDD0
:10E7500026F020FDAE20FFF743FFF3E762440020E0
:10E7600057D9030084DC03004AD903006C28002039
:10E77000014B187A704700BF8C28002070B5424EBC
:10E780008EB03378DD1F012BEDB258D0042B56D05C
:10E79000032B41F6041255D0991F4B424B415B00AD
:10E7A00013433A48ADF80C3022F0F6FA48B9384B2A
:10E7B000364A03F1100153F8040B8B4242F8040B64
:10E7C000F9D13378032B3FD0062B3DD0314B0DF1DF
:10E7D0000E0203F1100153F8040B8B4242F8040BB4
:10E7E000F9D103A818F056FCB728044610D1012D22
:10E7F00036D80020284A294901F0A2FFBDF80C3084
:10E8000003A823F40053ADF80C3018F043FC044681
:10E810007CBB302018F018FB044650BB22F0DEFA17
:10E82000012D26D81E4A01AB10685168224603C349
:10E830001C4901A823F08AFEF0B1182419E043F620
:10E840000412A9E70223ABE7104A0DF10E0302F10F
:10E85000100152F8040B8A4243F8040BF9D1C0E7C7
:10E860003378012B01D0042B03D100200E4901F095
:10E8700067FF20460EB070BD2246044901A823F070
:10E8800065FE0028D9D1F4E7624400204744002007
:10E890001CDA03002DDA030084DC03007BD90300BB
:10E8A0003EDA030074DC0300CED9030030B5044621
:10E8B00087B0252012F026F91C220021144828F0E8
:10E8C0003DFA144B1878FFF76BFD022814BF0123A3
:10E8D000042303208DF8083026F0B3F804238DF8C4
:10E8E00010300D4B02A80593039400F0A3FA0546DF
:10E8F0000A4B0B4A19680B4B0020A14218BF134664
:10E900000094094A094901F01BFF284607B030BDB1
:10E910008C28002062440020B1EB0000C0120020CF
:10E920007CD7030074D7030084DC030047DA0300BC
:10E9300008B50E490A78531CDBB2072B0B7001D0C7
:10E94000092B04D19420FFF74BFE942008BD02F060
:10E95000FB02032A07D1064B18680028F2D0FFF704
:10E96000A5FF3D20F2E70020F0E700BF6244002051
:10E97000BC12002073B51C4C1C4E23683268134334
:10E9800030D01B4B1B6833B31A4D2B781BBB22F0C6
:10E9900057FCD8B94FF4806022F012FF24688CB184
:10E9A00001232B7000F0B6FA2046FFF77FFF0446E4
:10E9B0000020114B114A1249009401F0C1FE20467B
:10E9C00002B070BD042334682B70EBE70121B42042
:10E9D00000F01EFEEBE70020084A0A4901F0B0FEF5
:10E9E0007024E5E77024EAE7C0120020BC12002082
:10E9F000F8290020624400208EDA030084DC030042
:10EA00003ED8030074DA03002DE9F341374C0020AF
:10EA1000227AA388364901F093FE2268207A22FAEE
:10EA200000F010F0010002D1324901F089FE324DB0
:10EA3000287838B108223149314828F055F9003892
:10EA400018BF01202F4E2D4F06F10E0807E00822B7
:10EA50003946404628F048F9003818BF0120227A8C
:10EA60002368D340DB0700D560B1304612F016F8BA
:10EA700000282DD12B78002BE9D1227A2368D340AE
:10EA8000DA07F2D5237A204A0093A3881F49002091
:10EA900001F056FE1E4B1878FFF782FC012303227B
:10EAA000184911F087FA1B4A044613780133137092
:10EAB00010B902B0BDE8F08123460020124A164981
:10EAC00001F03EFE204602B0BDE8F041FFF788BDF0
:10EAD0000020124901F034FEFFF72AFF0028E8D198
:10EAE00002B0BDE8F04100F01BB800BF8C28002048
:10EAF00094DA0300C4DA0300614400205944002082
:10EB00009E2800209028002084DC030090DB030076
:10EB1000624400205744002033DB03005ADB03002B
:10EB200070B51B4C1B4B2278002053F822301A4939
:10EB30001A4A01F005FEFFF721FE0346174D184E55
:10EB400083B92378032B19D8D3B1164B1B68164809
:10EB500040F8043B11F080FFA0B1BDE870400120F7
:10EB6000FFF73EBD2A463146002001F0E9FDFFF7E0
:10EB7000DFFE58B9FFF702FE0346E1E7072BE4D0BA
:10EB80000A4BE3E7BDE87040FFF73EBF70BD00BF32
:10EB900062440020C4120020AFDB030084DC0300C9
:10EBA000BCDB0300C01200208C280020BC12002017
:10EBB00070B51A4C237883B3838913F4407F2CD02B
:10EBC000056835B12A46BDE870400020144901F0BF
:10EBD000B7BD11F091FF134E03463070124A28461C
:10EBE000124901F0ADFD33781BB1BDE87040FFF76D
:10EBF00097BF2378062B06D8032B06D9BDE87040B3
:10EC0000AB20FFF7EDBC082BF8D004232370084B92
:10EC1000BDE870401868FFF749BE70BD624400202F
:10EC2000E5DB03005844002084DC030010DC030013
:10EC3000BC12002030B5434D03460446424A002032
:10EC4000424987B001F07CFD2B782BBB01A823F053
:10EC5000D8F9022301A88DF8043023F0A7FBB0B93E
:10EC60003B4901A823F009FC88B1902C0FD1FBF798
:10EC7000AFFA47F23153B0FBF3F202FB130000F599
:10EC80001C50103080B200F04DF907B030BD912C0F
:10EC9000FBD100F081F9F8E7902C2AD100202A4A14
:10ECA0002C4901F04DFD2B78032B11D0062B0FD0F2
:10ECB000294B1B78DA070BD401A818F0E7F818B92C
:10ECC000BDF804309B0703D42B7843F010032B705E
:10ECD000FBF77EFA4FF4FA63B0FBF3F2FF2102FB7D
:10ECE0001300C2181D4892B207B0BDE8304021F0B1
:10ECF0001EBD0EF093FE04460028C6D12B78013BC2
:10ED0000072B19D8104A164901F01AFD154811F0C1
:10ED1000C5FE60B12046144901F012FDFFF708FE60
:10ED20000028B2D107B0BDE83040FFF7F9BE07B008
:10ED3000BDE83040FFF768BEAE2007B0BDE8304008
:10ED4000FFF74EBC6244002084DC030034DC030087
:10ED500074DC030049DC0300464400206C280020DA
:10ED60005CDC0300902800205ADB03001FB50F4C29
:10ED70002478C4B142EA03229DF818308DF80510BA
:10ED800042EA43220A4BADF80C201A78094B8DF861
:10ED90000610079903EB021300908DF80400DB685E
:10EDA00068460291984704B010BD00BF634400203C
:10EDB00065440020A828002073B51A4DFF211A4889
:10EDC00021F0C6FC2B7853B3184C194E2378180148
:10EDD00006EB03131A7A5968305C0FF053FA4D288A
:10EDE0001DD0E0B1012300212278CDE900311201CC
:10EDF000B25CC0B2FFF7BAFF0A2223780A48013397
:10EE0000DBB2B3FBF2F102FB1133FF2123702B784D
:10EE1000013B2B7002B0BDE8704021F091BC02B004
:10EE200070BD00BF634400204829002065440020D5
:10EE3000A8280020F8B5104F3E780A2E1AD00FC827
:10EE4000DFF840C00D4D9CF80040013605EB04157D
:10EE500085E80F000A230134E4B2B4FBF3F203FBAC
:10EE600012440748FF218CF800403E7021F068FCF6
:10EE70000020F8BD0120FCE763440020A828002002
:10EE800048290020644400200021024A0248FEF77D
:10EE90004DBF00BFB9ED000048290020002337B561
:10EEA0000C46124D12492A78CDE9003312018A5CD2
:10EEB000012301462046FFF759FFA4B90D490A78FE
:10EEC0008AB10A202B78013A0133DBB2B3FBF0F4AC
:10EED0000A70FF2100FB143307482B7003B0BDE814
:10EEE000304021F02DBC03B030BD00BF6544002090
:10EEF000A8280020634400204829002008B50320EA
:10EF000017F096F910B90122014B1A7008BD00BF25
:10EF1000664400200022024B18781A70704700BF28
:10EF2000664400200246FF21014821F000BC00BFDA
:10EF300068290020114B37B51D78BDB9FF21104855
:10EF400021F006FCFFF7DAFF044600900D4B28463F
:10EF50000D4A0E4901F0F4FB44B10D4B1B78DB0662
:10EF600004D526F017F9204621F018FF094B186840
:10EF700003B0BDE83040FFF7D5BF00BF66440020B6
:10EF8000682900204CDE03007ADE03004AD9030022
:10EF900062440020E8120020FF21014821F0D8BB84
:10EFA0006829002070B51A4E054633780C466BB3BD
:10EFB0000020184A184901F0DDFB032C01D0652C14
:10EFC00020D11649002001F0D5FB2246002014492B
:10EFD00001F0B6FB0020134901F0CCFB01232946C8
:10EFE0000822002001F02AFB00200F4901F0A8FBB5
:10EFF000032C88BF0023204688BF3370BDE87040D3
:10F00000FFF76EBB012CE0D00849DBE770BD00BF05
:10F01000664400207ADE0300AAD703008DDE0300D9
:10F0200092E90300ABDE03007FB10300A3DE03001F
:10F03000014B1860704700BFE81200200021024A0F
:10F040000248FEF773BE00BF35EF000068290020BC
:10F05000F8B50024074B084E1D68084FE3B29D42E7
:10F0600004F1010400D8F8BD394656F8230020F019
:10F07000BCFDF3E788AD03008CAD0300A8110020B0
:10F080002DE9F743254B0D4616460446019350B132
:10F090004AB1042301AA12F8011BA94235D0013B51
:10F0A00013F0FF03F7D1022003B0BDE8F08317F897
:10F0B000010F90FAA0F0000E21F068F9014608EB6C
:10F0C00007039945F3DCCAB2C1F30F2392FAA2F207
:10F0D00093FAA3F3120E1B0E03EB0223DB43621918
:10F0E00012F8020C99B2DBB298420CD112F8013C32
:10F0F000B3EB112F07D132462146284603B0BDE8B5
:10F10000F04326F08EBBBD20CEE74FF6FF71671EA1
:10F11000A5F10209C4F10108D1E700BF080A0E12E7
:10F120002DE9F041154686B00F469846064622F076
:10F13000D5FB184B03A81C7817F0A8FE15F0FD0F9F
:10F1400026D0F8B9BDF80C309B071BD5032D08BF9E
:10F1500003242B46424639463046009422F080FB79
:10F160000D4B0E4A53F8243052F825200C4900204C
:10F17000CDE9004601F0E4FA22F0B2FB204606B0E9
:10F18000BDE8F081032DE4D1042C08BF0024E0E7A2
:10F190000324DEE76744002064E8030054E803002A
:10F1A0008AE70300014B1870704700BF68440020D5
:10F1B000024B186800B14068704700BF88290020E2
:10F1C00070B5044600250A4B1B687BB100211E88E0
:10F1D00007E05A6802EB0110013145B9021B5542A4
:10F1E00055418AB29642F4D89B68EEE7184670BD46
:10F1F000882900202DE9F04F93B01E469DF8743009
:10F20000022E05934FF00003074688461446DDF8AA
:10F210007090DDF880A0ADF81E3040F2B48099F80F
:10F2200000305A072AD5042E40F2AD8099F804B078
:10F230000025594B33F83520002A00F0AA8001350B
:10F240000A2DF7D1BAF1000F40F0A180FF2500236D
:10F25000207908AA0DF11D018DF81D3022F0D4FA95
:10F2600078B1BDF82C309DF81D00238022F032FBD0
:10F270008DF81C00A0B113B0BDE8F08F99F802B072
:10F28000D6E7207922F0DDF800287ED1207922F01F
:10F2900033FB8DF81C000028EDD1404B5B882380A8
:10F2A0004FF6FF73002F08BF434662880021CDE967
:10F2B000002358462388059A02F0E8FA18B1E3883B
:10F2C00043F02003E380059B07A90DA8CDE90DA419
:10F2D000CDF83C90ADF84080ADF842608DF84470B8
:10F2E0008DF8453022F0A3FA10B19DF81C00C2E75A
:10F2F000484602F01FFAA01D02F00AFA22464146D3
:10F30000384622F09FFBB04208D274238DF81C309F
:10F31000BAF1000F32D122F0E3FAE6E79DF87C3033
:10F3200022460393BDF87830414602930DF11E0347
:10F33000CDE900933846F3B221F0A3FE8DF81C000E
:10F34000BAF1000F0FD070B9BDF81E203AB1092DE7
:10F3500005D8134B03EBC5018A8043F835A0112073
:10F3600022F02EFAD7E7BA2808D1E388DB06D2D5F7
:10F37000002301208DF81C30FFF714FF9DF81C308E
:10F38000002BC8D1EBE7012075E7A32073E7B42079
:10F3900071E7EDB25BE700BF90290020DC29002077
:10F3A0008C2900209D2837B504462AD8902812D8E9
:10F3B00056D121F041FF2B4B00902B4A00202B49C6
:10F3C00001F0BEF9902C29D10EF066FA03B0BDE829
:10F3D000304022F037BA012500F16F03DBB29D40C7
:10F3E00015F0A90528D19D2833D09C2838D121F0CB
:10F3F00081FF024628461E4903B0BDE8304001F0B7
:10F400009FB9BC28D5D007D85534E4B2042C27D8EE
:10F41000184B154A184914E0BF28C9E7174B184A7A
:10F420001849BC2C08BF1A46002001F089F922F0C7
:10F4300008FA22F007FAC9E79128E9D1094B0A4AEC
:10F440001149002001F07CF903B0BDE8304022F002
:10F45000E4BA28460D4903B0BDE8304001F070B968
:10F4600003B030BD7DE8030083CD030086E80300D0
:10F47000CDE80300BCE80300C4E803007FB103004B
:10F4800078E8030093E80300B3E80300EAE8030028
:10F4900007B5094A0346108831B9084A084903B03C
:10F4A0005DF804EB01F066B90091064A064901F0E7
:10F4B00061F903B05DF804FBA43E0020C1D4030051
:10F4C0002AD9030065D50300FFE803000D4B37B5CB
:10F4D0001B68044693B11D780389012D08BF0225DE
:10F4E0000093C37A084A0020084901F029F921460F
:10F4F000284603B0BDE8304025F0F1BD702003B0D0
:10F5000030BD00BFF8290020D875030029E90300A9
:10F51000002010B522F0DEF90D4B1B688BB15A7834
:10F52000052A08D88AB9144610460EF085FC2046F4
:10F530000EF01CFA05E0FF2A07D00020054901F073
:10F54000FFF8BDE8104022F0CBB905240222EBE71A
:10F55000F829002079E9030013B5124C002022F0AD
:10F56000B9F923689BB101A821F0B0FE78B92368EE
:10F570001A789DF804309A4209D0D91E032906D979
:10F58000D11E012903D9012A07D1022B05D103235A
:10F5900001A8ADF8043010F019FE02B0BDE810402B
:10F5A00022F09EB9F829002000231946034A0133AE
:10F5B0000A2B918042F8081BF9D170478C29002052
:10F5C0007FB50E46054610F09DFA2A4604460346CE
:10F5D0000D49002001F0B4F896B10C4B36211A8881
:10F5E0009B78ADF80C208DF80E3003230022009399
:10F5F0004FF6FC7003AB8DF80D5022F069FC044609
:10F60000204604B070BD00BF98E90300B0EB0300D2
:10F61000FF2810B50C4604D10020044901F090F8F1
:10F62000FE202146BDE81040FFF7CABFAFE9030046
:10F63000F8B51F460B8806460C461546002B5DD1D3
:10F640004A88B1F9021000200029B8BF6B782C4914
:10F6500001F076F86288132A1DD002F5FF417F3150
:10F6600089B205291FD8A2F50042013A052A1AD805
:10F67000DFE802F0153B19033809224A224900202D
:10F6800001F05EF80FE0214A1F49002001F072F8F6
:10F690002A791F49F3E7B5F801201E49EFE700205A
:10F6A0001D4901F04DF83B462A46214630461FF0E1
:10F6B00024FD70B93B462A46214630461FF01FFD07
:10F6C00048F2210362889A4203D13046697822F0D9
:10F6D000A4F86388B3F5004F02D9082022F0B8F8E7
:10F6E0000120F8BD2A790D49C9E70D4A06490020D5
:10F6F00001F040F8B5F801200A49C0E70020F0E722
:10F70000EAE903000FEA030016EA030027EA030010
:10F710002DEA03003BEA030052EA03006CEA03000F
:10F720008EEA030093EA0300F0B585B004AB03E969
:10F73000030000231C469DF80D609DF80E70154ACD
:10F74000D9B202EBC1004568EDB99DF80C302846EE
:10F7500000939DF80A209DF80B300F4901F00AF83C
:10F7600026B1324628460D4901F004F80C4A002023
:10F77000002C18BF2246BDF808300A4905B0BDE884
:10F78000F04000F0DDBF12F831100133B94208BF7C
:10F790002C46D5E768EB0300A4EA0300B5EA0300B2
:10F7A00030D40300B9EA03002DE9F04F85B080465C
:10F7B000894614461E46BDF838700F9DBDF840B00E
:10F7C000002B30D00020454A454900F0D3FF238864
:10F7D000002B74D040F20912934272D0414A424940
:10F7E000B3F5827F18BF0A46019761880020009117
:10F7F0003E4900F0BFFF23888BB1022F0FD92B7831
:10F800003B4913F0010F3B4A08BF0A4659074FF026
:10F8100000004CBF2B79AB78374900F0ABFF0020DC
:10F82000364900F08DFF0023354931F833205A4521
:10F8300049D1344A52F833A0002331F83300DA00BA
:10F84000584546D100202F490A44908041F83300A2
:10F8500046B9238833B9B4F90230002B02DB082003
:10F8600021F0AEFF012021F0F3FF9DB12A78D307EC
:10F8700010D512F0040004D03A460121284622F0A7
:10F8800013F8CDE901603B462246494640460095C3
:10F8900021F01AFEBAF1000F06D03B462246494637
:10F8A0004046CDE90056D0473B46224649464046B1
:10F8B000CDE9005621F0C7FB05B0BDE8F08F124A34
:10F8C00092E7124A90E701330A2BAED14FF0000ABB
:10F8D000B2E701330A2BB0D1BAE700BFAFCC0300C7
:10F8E000E0EA0300CEEA030031D40300EAEA0300B1
:10F8F000D9EA0300D1EA030019EB03007FB103004A
:10F90000902900208C290020C7EA0300CBEA0300DD
:10F91000014B1878704700BF69440020F8B50646CF
:10F920000C4621F06FFF0546B0B9304621F089FD45
:10F9300098B90B4B1F7B87B95A88012122809A887E
:10F94000304662809B79237100F030FA394660714D
:10F95000304600F02BFAA07101252846F8BD00BF03
:10F96000DC29002070B504460E46154621F069FDDD
:10F9700010B14FF6FF7070BD084B1A7B002AF8D10A
:10F9800046B901222946204600F032FA0028F0D07C
:10F990000088F0E7012EECD1F4E700BFDC2900205D
:10F9A000FF2313B50DF1070104468DF8073021F050
:10F9B00027FF18B19DF8070002B010BD074B03EBFD
:10F9C00004131B7B0BB1FF20F6E7204600F0B2F8D2
:10F9D0000028F8D0204600F0E3F9EDE7DC2900200C
:10F9E00010B5FAF759FA0446FAF75CFA22460346CC
:10F9F0001049002000F0A4FE00F010FEFFF7D4FD37
:10FA000000F07CF80221084602F01AF9FFF780FDA9
:10FA100041F24902084B4FF400401A805223074A32
:10FA20001380074A138024F0CEFBBDE8104000206D
:10FA300025F038B8B3EB030016160020121600208C
:10FA40001016002038B5054621F0FEFE80B9284684
:10FA500018F030FA044618B1752814BF88248D2494
:10FA600023462A460020034900F06AFE204638BD9E
:10FA70008D24FBE7C9EB0300024910237F2209888C
:10FA800020F0A2BC18C403000822014927F03CB9A9
:10FA900095450020024B18685968FFF745BE00BF26
:10FAA000321404000123064AD15C814202D1054A86
:10FAB000D05C704702335D2BF6D10020704700BF49
:10FAC000DEEB0300DFEB030070B500220446094BB8
:10FAD0001D78094BD0B2854201D8FF2070BD1E7839
:10FAE000A64204D10029F9D05E7BF607F6D4013294
:10FAF0001033EFE76A440020DC2900200122074B85
:10FB00004FF6FF711A70064B1A709A71054A5980A8
:10FB10009A604FF4807299809A8170476A440020FD
:10FB2000DC29002044EC0300014B1878704700BF2B
:10FB30006A440020034B03EB0013587B00F00100E4
:10FB4000704700BFDC2900202DE9F04F054616461E
:10FB50004FF000098DB002939DF85830DFF8148201
:10FB60000793804B06911B7808EB03130A930A9BBB
:10FB7000984501D1862069E02B78D8F808A0039336
:10FB8000039A98F80030934240F0E38098F80D30E3
:10FB9000DC0709D54FF0000B9AF804300993099A55
:10FBA0005FFA8BF3934202D308F11008DFE71423C6
:10FBB000DAF80070294603FB0B77384621F0E3FBA7
:10FBC000002800F0C1803B890893002308999AB26D
:10FBD000914202D80BF1010BE1E70C225A430B933F
:10FBE0007B6804929C1821462A463846059321F0EA
:10FBF000E1FB22790B9B002800F09B80069B03B160
:10FC00001C60900625D4584B09EB03080CE01A79C8
:10FC10000C33910642BF13F8092C90441FFA88F860
:10FC20009C42F4D8514B9844079B63B32146384615
:10FC300021F0A0FBDDE90413B5F8029002465B5AFF
:10FC40000398494621F0C1FD38B97E200DB0BDE8CA
:10FC5000F08F4FF00008464BE2E72379DA0639D4FB
:10FC60004346B0461E46029AA378002A43D1E27862
:10FC7000A3F14101012940D8013A41463046D2B2B0
:10FC800021F00CFF00E00EB90020DFE721463846E6
:10FC900021F070FBDDE90413B5F8029002465B5ACF
:10FCA0000398494621F08FFD0028CED02379DB064A
:10FCB000D9D52146384621F05DFB95F80080E278E1
:10FCC0006D880346CDE9006229462246404621F070
:10FCD0008FFDBBE72146384621F04CFB95F80080AC
:10FCE0006D88034622462946404616960DB0BDE86B
:10FCF000F04F21F07FBD029ABAE7433B012B06D8B3
:10FD0000023A4146304692B221F0E0FEBCE7079B42
:10FD1000E2781BB9029B0BB1934220D34146304697
:10FD2000B8F1000F02D127F009F8ADE726F0ECFF9B
:10FD3000AAE712F0300F08BFE27803F1010304BF15
:10FD40004A441FFA82F941E77B894B441FFA83F941
:10FD500040E7BAF806304B441FFA83F924E78920BC
:10FD600074E700BF6A4400206F4400206B44002009
:10FD700060EC0300DC29002070B50C4615461E46D9
:10FD800021F05FFB40B9054833462A462146BDE8CD
:10FD90007040806821F022BB002070BDDC2900206B
:10FDA000014B0001185C7047DC29002070B50C463F
:10FDB00021F047FBC0B90D4B9A682AB103461426BF
:10FDC0001579D9B2A94200D370BD116806FB0311A1
:10FDD000097B34B911F0800F1CBF0130C0B2013370
:10FDE000EFE711F0400FF7E70020EDE7DC290020F6
:10FDF000F8B50D46164621F024FB034640B90446EB
:10FE00004FF0140C0C4A92681779E1B2B94201D351
:10FE10000020F8BD10680CFB0400017B46B911F00E
:10FE2000800F03D09D42F4D00133DBB20134ECE704
:10FE300011F0400FF5E700BFDC2900202DE9F04F5D
:10FE4000064600243E4BDFF8FC8093F800A089B002
:10FE5000544506D2FF2E28D0304621F0F2FA04464F
:10FE600040B309B0BDE8F08F14221B6802FB0535D2
:10FE70002B89B3F5967F01D920F0B1FA00274FF016
:10FE80000C0B2A89BBB29A421CD809F10109029BCA
:10FE90005FFA89F543449B681A79AA42E4D8FF2E99
:10FEA000DFD10134E4B25445DBD208EB04131B7BF1
:10FEB000002B41D12301029308EB04134FF00009FA
:10FEC0000393E4E7BBB20BFB03FE686800EB0E0193
:10FED0000A79D30628D4039B12F0400F93F800C090
:10FEE00030F80E308DF814C0B5F800C02846ADF8D3
:10FEF00016C014BF4FF0800C4FF0400CADF81A3014
:10FF00008DF818C021F036FA5207CB78ADF81C00F6
:10FF10000CD5022B8A6800D91268012300930023B4
:10FF200005A81946FFF710FE0137AAE7022B8CBF80
:10FF30008A6801F10802F0E70134E4B288E700BF03
:10FF40006A440020DC29002070B50024074D084ECB
:10FF50002B78E0B2834200D870BD06EB0010437BE3
:10FF6000DB0701D521F034FB0134F1E76A440020BE
:10FF7000DC290020F8B50C4600210546FFF7A4FD5A
:10FF8000FF2827D0144A02EB0016737B03F001010F
:10FF90002CB143F00103737331B10120F8BD7473C8
:10FFA0000029FAD014270FE000B202EB001021F074
:10FFB0000FFBF2E77B4311682846CA18127BC95A27
:10FFC000D20921F043F80134B268E3B211799942C1
:10FFD000F0D8E2E70846E1E7DC2900202DE9F04F00
:10FFE0000024B1F57C4F0E4638BF4FF0010AA14600
:10FFF0004FF6FF7885B0CDE9023228BF274B01903C
:020000021000EC
:1000000028BFB3F800A00094544503D3404605B080
:10001000BDE8F08FB6F57C4F0CD3214B314603EB96
:1000200084035B88029A0198FFF7A6FE0546F0B1AB
:10003000002718E03146029A019821F020FAF5E7EE
:100040000C23BCB25C43D5F804B0039B3BF804001E
:100050000BEB0401984205D3009B5BB9284621F0C5
:1000600089F9A0B901372A89BCB2A242E8D8013483
:10007000A4B2C9E74845F5D8284621F07BF9002805
:10008000F0D03BF80410494501D38045EAD901235B
:1000900080463BF804900093E4E700BF3CEC03008B
:1000A0003EEC03002DE9F04F8FB098469DF870307C
:1000B000BDF860A0059300238DF82C00ADF82E103C
:1000C000ADF8322005460E46174600931A4608A999
:1000D0000BA8199C9DF868B09DF86C9008938DF85A
:1000E0003080ADF834A0FFF72FFD089850B92B46AB
:1000F000CDE90067584A594900F022FB86200FB02D
:10010000BDE8F08FB9F1000F14D183785B4506D0BC
:100110004846514A524900F013FB8D20EFE703791E
:1001200013F0010306D118464B4A4E4900F008FB74
:100130008820E4E703795B0731D583685A689B68B8
:1001400009920A93807821F026FD089A034692F8D6
:100150000390B9F1020F13D84A462146079009A827
:1001600021F0D5FC079B06904A4621460AA821F0BB
:10017000CEFC069B012B01D0013010D18720BEE7B9
:1001800006904A462146099821F0C1FC0128F5D085
:100190004A462146069B0A9821F0B9FCECE7059BEC
:1001A000002B51D1089B4FF6FF722146987821F021
:1001B000A6F800284DD05FFA80F943463A4631460A
:1001C0002846CDE90294CDE900AB21F028FB0028B8
:1001D00095D143463A4631462846CDE90294CDE9C9
:1001E00000AB21F0CFF9002889D101230093059BB2
:1001F000224619460BA8FFF7A7FC00287FF47FAF23
:10020000324629462046089B21F03FF943463A46AC
:1002100031462846CDE901B4CDF800A021F01BFB02
:1002200043463A4631462846CDE90294CDE900AB33
:1002300021F0F4FA43463A4631462846CDF800A06C
:1002400021F078F900205AE70020074900F078FAF9
:10025000F8E7012053E700BF84EC030090EC0300B3
:10026000B8EC0300CCEC0300E0EC030070B5002513
:1002700086B08DF81030BDF828308DF80C00ADF840
:100280000E10ADF81220ADF814300B9ABDF83030D6
:10029000009502A903A80D9E0295FFF755FC0446A0
:1002A00030B916B1029B9B783370204606B070BD02
:1002B0008928FAD12846024900F042FAF5E700BF42
:1002C000FDEC03002DE9F04F4FF0000A89B0FFF775
:1002D0002BFC5FFA8AF6B04202D809B0BDE8F08F75
:1002E0005B4B36019A5D00205A4900F029FA002044
:1002F000594900F025FA00230593554B9DF8144009
:1003000033449B681A79A24202D80AF1010ADEE757
:1003100014224FF000091B6802FB043422891FFAE3
:1003200089F39A4202D8059B0133E5E70C231FFAB3
:1003300089F803FB08F8D4F804B020F050F80BEB70
:1003400008052B79454913F0400F3BF80830228807
:100350004FF000000093424B18BF0B46414900F09C
:1003600009FA2946204621F005F8074600283CD125
:100370003D4900F0FFF92979DFF814C111F0010FB0
:100380003A4808BF604611F0020FAA78EB7832D1E4
:10039000DFF800C111F0100F354918BF6146CDE9F3
:1003A00000010020334900F0E5F92B793BF80820E3
:1003B00013F0400F4FF0000B4FF002030DF11C083B
:1003C0002188CDE9023BCDE9007821480CBF4023CC
:1003D0008023805DFFF74AFF86280ED12649002042
:1003E00000F0AEF909F1010998E70246234900201F
:1003F00000F0C0F9BFE72249D1E7A87820F0AAFFB2
:10040000D8B1404621F056FA421C92B2012341462F
:10041000002000F013F93946208801F01FF94FF64B
:10042000FF73984207D0174B174903EBC0035A6874
:10043000002000F085F91549D1E7A87820F090FF59
:1004400020B1404621F03BFA821CDEE7EA78DDE786
:10045000DC2900204FED03005BED030027ED0300D6
:100460002CED03009BED0300ADED030031ED030027
:1004700037ED0300B2ED0300CAED030007F20300FD
:100480003FED030064F20300C4EB03007FB10300FF
:1004900034ED030047ED03002DE9F04F87B0BDF8C0
:1004A00044800446B8F1040F0F4615469A46BDF83D
:1004B00040B035D90226CDE9013B00920B460246F9
:1004C0002F49002000F03CF90DF114090DF1130340
:1004D000204603932A4653463946CDE900B9029691
:1004E000FFF7C4FE044638BB9DF813A032464946C8
:1004F000504620F004FF064628469EB1A8F10408A5
:10050000B0450FD3DFF888B021F0B0F9BBF8003068
:10051000B21CC3F152039A4219DB892000F06AF839
:10052000892405E021F0A2F98924204600F062F830
:10053000204607B0BDE8F08F00902B463A460020D9
:10054000104900F0FDF8284621F090F9EDE720462B
:1005500000F050F8504600F04DF8BBF800800A4813
:10056000324649464044B04426F00EFCABF80080C9
:100570002B463A4620460549009600F0E1F8D7E7B9
:10058000D6ED03000AEE0300704400202DEE0300B8
:10059000943E002010B5044C2060044801800449BA
:1005A0000A60044A136010BDF4290020923E002026
:1005B000F0290020EC29002010B50024084B1C7005
:1005C00020F03AFE074B522218802146064826F0BA
:1005D000B5FB064B1C80064B1C605C609C6010BD2C
:1005E000CC440020963E002070440020943E002021
:1005F000983E002007490B88512B9FBF064AD054D4
:10060000581C80B29DBF088000F1FF308018002088
:10061000704700BF943E002070440020024B034A04
:1006200000201A60704700BFF829002042EC030048
:10063000014B1878704700BFDC29002030B4044D0E
:10064000044C002B0CBF2B46234630BC21F05CB978
:1006500010EF030057EE030000B5037889B006934E
:1006600043783E220593837808490493C378039323
:10067000037902934379019383790093C379044802
:10068000008800F077F809B05DF804FB5BEE03002A
:10069000A43E00202DE9F04705460E4617460024EB
:1006A000DFF84480DFF844A0DFF84490AC4201D189
:1006B000BDE8F087B8F8000006EBC40153460822F5
:1006C00021F022F90134B8F800003FB9044AA542EC
:1006D00008BF4A46034900F04DF8E7E74A46F9E704
:1006E0007FB10300B8DB0300A43E002057EE0300F7
:1006F000807103002DE9F0410E4E0446308821F050
:100700001BF9A8B100250C4FDFF83080E3070AD5AC
:1007100018B94146308800F02DF830882A4639460D
:1007200000F028F8002001351B2D4FEA5404EDD1CC
:10073000BDE8F081A43E00207EC50300E7EA030087
:100740000EB417B505AA52F8041B04460120019205
:10075000F9F7D6FE01210220044AFDF7B9FD044B4A
:100760001C8003B0BDE8104003B0704780710300E7
:10077000A43E00200EB417B505AA52F8041B044687
:1007800001200192F9F7BCFE034B1C8003B0BDE8C9
:10079000104003B0704700BFA43E002013B50368AB
:1007A0000446587900F02CFF80B923685A88032A40
:1007B0000CD0E17C5B79CDE900211449144AFFF7A4
:1007C000BFFF0121204621F03AF91BE0637D012B98
:1007D0000AD0637D33B92368228A5988587920F07A
:1007E0003CFE48B9C321EDE72368228A598858792D
:1007F00020F03CFE0028ECD0204621F09FF8014676
:100800000028DFD1012002B010BD00BF70EE030050
:10081000CD780300002970B50F491D460F4B1446D3
:100820000CBF6E227922002808BF0B4600200C491D
:10083000FFF7A0FF0B4E2544AC4205D1BDE8704048
:1008400000200949FFF77CBF3146002014F8012B36
:10085000FFF790FFF0E700BFA4EE03009AEE03005D
:10086000ADEE0300E1EE0300E8D803002DE9F04F00
:10087000427D0368002A14BF8022402290F8149021
:100880008BB0044690F813B0866885895879C846BD
:100890005F88059200F0B4FE98B9BBF1050F05D84A
:1008A0006FF02D0343FA0BF3DB070AD5032F08D0B3
:1008B000AF490020FFF744FF0121204621F0BFF897
:1008C0007CE0E37B73BB607DAA4AB0FA80F040090C
:1008D0001380C000FFF78EFEE37B93B3208A20F0E5
:1008E000C5FF8246A07CFFF785FEBBF1160F00F224
:1008F000B281DFE81BF02800B6017D006700EA0145
:100900007D00AA01F301B201FC0105020E024D01B6
:100910002502B001B001B0013802820238029E0205
:100920004D012502238A002B00F09581607D002275
:10093000B0FA80F08F4B4009C0001A8040F00400EC
:10094000C8E79A46CEE73B4600208B4A8B49FFF723
:10095000F7FE0120FFF74EFEDFF818A208F10209AA
:10096000A94529D841462A46304620F09DFF8046B9
:10097000236842465879BAF800303946C3F1520329
:100980009BB20193238A0093059B1EF0B9FB10B123
:100990001FFA89F8E2E7236842465879BAF800302E
:1009A0003946C3F152039BB20193238A0093059BFE
:1009B000FFF772FD8928EBD121F03EF801200BB042
:1009C000BDE8F08F4FF0000A0420FFF713FEEB1E86
:1009D0000893089B984550D3BAF1000FECD1E37B04
:1009E00094F81480002B0CBF02220422614B1A8061
:1009F0000420FFF7FFFD00239946069308F1030A40
:100A0000554540F2A1802A464146304620F04CFF31
:100A100006EB08039B78EA1EB244A2EB080207909B
:100A20005146184692B2099320F069FC08900028BC
:100A30007BD02268099B5079CDE901A3238A3946EE
:100A4000079A0093059B20F05EFE82463A460020FE
:100A5000079B4B49FFF78EFEBAF1000F55D1069B5D
:100A600050460133DBB247490693FFF769FE089B06
:100A7000033343441FFA83F8C0E72A464146304611
:100A800020F012FF06EB080393F80290089B08F190
:100A90000301A3EB080206903144484692B2099143
:100AA00020F02DFC079068B3236809995879CDF898
:100AB00008900191238A39460093DDE9053220F040
:100AC0005EFE8146C0B14846FFF794FD069820F0CF
:100AD000CDFE3A460020069B2949FFF731FE4A46E3
:100AE00000202949FFF72CFE0AF1010AB9F1800F15
:100AF0005FFA8AFA3FF470AF079B033343441FFA4F
:100B000083F866E74FF08009DDE75046FFF772FD96
:100B1000079820F0ABFE09F10109524600201A495E
:100B20005FFA89F9FFF70CFEA1E78720FFF762FD66
:100B3000079820F09BFE09F10109872212490898C5
:100B40005FFA89F9FFF7FCFDBBF1050F3FF436AF03
:100B5000B9F1000F7FF430AF069B2BB90B49184653
:100B6000FFF7EEFD8021A8E64846FFF743FD23E7A7
:100B70004EC40300943E0020E7EE030030EF030074
:100B8000F1EE030054EE03000BEF030013EF03003C
:100B9000BBF1150F00974CD00020B54BB54AB649B4
:100BA000FFF7CEFD0D20FFF725FD2A4649463046CA
:100BB00020F07AFEB144BBF10C0F054699F80260B3
:100BC0003FD1192E28BF1926E37BBBB14FF6FF7327
:100BD000B4F81080984511D120682A463946059B03
:100BE0004079FFF7FBF9404508D0BAF1000F05D076
:100BF00020828AF80000000A8AF801009F4B00203A
:100C0000B3F80080FFF7F6FC2368ABF1150C5879B8
:100C1000DCF1000343EB0C03CDE90163238A2A4690
:100C200000933946059B20F0FBFC954B03F8080028
:100C3000C2E60020934B8F4A8F49FFF781FD1620B3
:100C4000B1E7132E28BF1326BEE7204620F0C4FDCF
:100C500000287FF4B3AE81212FE6204620F0EDFD81
:100C6000F6E70A2F06EB0908A5EB090A22D1DFF8FF
:100C700018B29BF80030EBB1E37BDBB9BAF1080F97
:100C800018D12A464946304620F00EFE90B998F811
:100C900002307BB998F80320E22A0BD12A4609F1E9
:100CA00004013046059320F0FCFD20F0B2FE059BC8
:100CB0008BF80030414638461FFA8AF21EF022FABD
:100CC00000287FF47BAE0021F7E5A5EB090238464A
:100CD00092B206EB090120F0C5FDF1E7A5EB090290
:100CE000384692B206EB090120F078FDE8E7A5EB63
:100CF0000902384692B206EB090120F0A0FDDFE7B9
:100D0000A5EB0902384692B206EB09011EF0FCF988
:100D1000D6E7236816F809505879238A09F10109A2
:100D200016F809600193059B2A463946009333461D
:100D300020F0AEFB32462946384620F051FD3DE614
:100D400009F1010216F80910AB1AABF11605684259
:100D500068410039009018BF012138469BB23244E7
:100D600020F040FDACE716F80950BBF1110FB1447B
:100D700099F801603BD11220FFF73CFC4FF00008CE
:100D8000E37BB3B14FF6FF73B4F81090994510D1DF
:100D90002B463A462146404620F03DFC484508D0C7
:100DA000BAF1000F05D020828AF80000000A8AF804
:100DB0000100DFF8C890DFF8C8B0B9F800A02146FC
:100DC000CAF1510292B20AF1010300925B443A4621
:100DD0004046CDE90256CDF8049020F01FFCB9F84A
:100DE00000300BF80A000133A9F80030E4E51420C4
:100DF000FFF700FC4FF00108C2E709F101039D4233
:100E000033D316F809801E44B8F1000818BF4FF01C
:100E10000108EB1A9DB22B46324641460020FFF7EF
:100E2000F9FC0095334642463846218A20F0DEFC24
:100E300046E709F101039D4217D316F80980ED1A20
:100E4000B8F1000818BF4FF001081E44ADB22B46A0
:100E5000324641460120FFF7DDFC0095334642460D
:100E60003846218A20F0C0FC2AE70020A7E500BF11
:100E70007FB1030024EF03002EEF0300943E002017
:100E8000704400203DEF0300C244002038B54FF607
:100E9000FB750446A9424FF001019DF8100098BF70
:100EA00043F40043217023816260A072022300207A
:100EB000084A0949FFF744FCE07A084B40F6CA02A9
:100EC00003EB4010FF211FF032FCBDE83840042046
:100ED00020F076BC42EF03004DEF03003C2A0020D7
:100EE00030B5054685B028B91D4905B0BDE830408C
:100EF000FFF726BC0024007B20F0ECFC2046194ABA
:100F000019492C70FFF71CFC184BE87AFF2103EB02
:100F100040101FF01DFC2046154B02019A5C22B9BF
:100F200001300428F9D120F093FC696899B1B5F932
:100F300008302A899B1303F002038DF80430C2F3B2
:100F40000E03ADF806304FF6FF73ADF808300023FE
:100F500001A80393884705B0BDE8304020F0C0BC2D
:100F600078EF030042EF0300AAEF03003C2A0020C1
:100F7000FC2900200948037873B91946084AD3723E
:100F80000133042B1173117051601181917202F1C0
:100F90001002F4D101230370704700BFC344002046
:100FA000FC29002008B5FFF7E5FF002305491A01D9
:100FB0008A5C01EB03101AB10133042BF7D1002036
:100FC00008BD00BFFC29002070B50D460646FFF79E
:100FD000D1FF0023094800EB0514A17AB14205D1E5
:100FE000217819B12B4400EB031070BD0133042BA1
:100FF00004F11004F1D10020F7E700BFFC29002024
:1010000010B50446FFF7B6FF0E4B9C4212D003F119
:101010002002944210D003F1400294420ED060337B
:101020009C420DD10323084800EB0310BDE810409B
:10103000FFF756BF0023F6E70123F4E70223F2E7A8
:101040000020F3E73C2A0020FC29002070B5002492
:10105000064D074E2846324600210134FCF766FE55
:10106000042C05F12005F5D170BD00BF3C2A0020FD
:10107000011001002DE9F34105460C46174698463C
:10108000FFF790FF064640B91C4A1D49FFF758FB81
:101090007024204602B0BDE8F0814FF6FB739D42FC
:1010A0000AD94FF6FD739D4204D00020134A15491A
:1010B000FFF746FB4FF6FD75434621463A46284664
:1010C00020F07DFC044600F019FE804634B1234632
:1010D00000200A4A0C49FFF733FBDAE73B4620467B
:1010E000064A0A49FFF72CFB062329463046089A90
:1010F000CDF80080FFF7CAFECBE700BF42EF030048
:10110000B7EF0300E1EF030016F003003DF003002A
:10111000F7B506460F46FFF745FF054638B9104AB2
:101120001049FFF70DFB7024204603B0F0BD0022EC
:1011300040231146304625F015F8044618F05AF8B9
:1011400034B123460020064A0749FFF7F9FAEBE7D6
:10115000009001233A4631462846FFF797FEE3E721
:1011600042EF0300B7EF030064F0030073B50446D9
:101170000E46FFF717FF054638B9104A1049FFF72A
:10118000DFFA7024204602B070BD002220461146CE
:1011900024F0F0FF044618F02DF834B12346002067
:1011A000064A0849FFF7CCFAECE70090234632469E
:1011B0004FF6FC712846FFF769FEE3E742EF0300B4
:1011C000B7EF030090F003002DE9F0438846107854
:1011D00000219FB014461D46FFF7F6FE0646002884
:1011E00000F001810778002F7FD0B8F800100029A7
:1011F00040F0F9800389B8F8022043F400408242AD
:1012000040F0F180617800296FD1A2F50042062AF2
:1012100000F2E980DFE812F0A500A500E700E70092
:101220000700BC006D00E388E17AADF82430238923
:101230000D3DADF82630637915F001058DF82830A5
:1012400001F1060314F813208DF814108DF81C20FA
:1012500046D10BA88046069004F10C0C5FFA85FE7F
:101260008E450CF1020C09D21CF8019C1CF802EC12
:1012700001350EEB092E28F802EBEFE75B00013396
:1012800000EB41000A4403F0FF030890D2B28A4207
:101290000FD01EA800EB4105E01890F801C0E05CFB
:1012A000013100EB0C20023325F84C0CC9B2DBB243
:1012B000EDE7B6F908203389002AB4BF03220122E2
:1012C000C3F30E038DF808206288ADF80A3005AB31
:1012D000ADF80C20049302A9304620F05BFB04E03B
:1012E000424A43490020FFF72BFA38461FB0BDE8B9
:1012F000F083042D02D83D4A3E49F3E72379053DAA
:10130000ADB29D42B4F8028002D0384A3A49E9E7CA
:101310003A4A3B4B0020002D18BF13463949334A47
:10132000CDF80080FFF70CFA05348DF81450B6F9AB
:101330000830069485B1002BACBF012303238DF840
:101340002C303389ADF83080C3F30E03ADF82E3066
:1013500005AB0D930BA9BFE7002BACBF06230523FC
:10136000EDE70B2DC7D9D4F80200D4F8061013F41A
:10137000004F05AA03C214BF032204228DF82C20BB
:101380006289C3F30E03ADF83020ADF82E30DFE7ED
:10139000042DB0D96388ADF8303023790533DBB242
:1013A0009D4206D00020114A17490095FFF7C8F961
:1013B0009BE70E4A00201549FFF7C2F9B6F908204D
:1013C0003389002AB4BF03220122C3F30E03ADF810
:1013D0002E3005AB0D93631D069323798DF82C20D9
:1013E0008DF81430B6E700277FE700BF42EF030017
:1013F000BBF00300E3F00300F7F003007FB103004C
:101400001BCC03001EF103003AF103007BF1030043
:10141000334BF0B5B0FBF3F24FF4616503FB120000
:10142000B0FBF5F3DCB205FB13033C25B3FBF5F38E
:10143000DBB24B71A0EB0410C3EB0313A0EB8300F2
:101440004FF4FA630B8040F201134B800123887143
:101450001F4600206425234E0C71904228D091F83D
:1014600002C043B1BCF1020F05D14FF01D0E06E0E2
:101470004FF0010C002306EB0C0414F801ECCC78BF
:10148000013074450BBF012401340CF1010CE4B2AE
:1014900008BF81F802C0CC708C780D2CDDD10B8890
:1014A0008F7001339BB29C070B8002D08242DFD148
:1014B000F0BDB3FBF5F405FB1434A4B224B18242B1
:1014C000F6D001239C46D6E74FF4C874B3FBF4FC76
:1014D00004FB1C339BB2B3FA83F35B09BDE700BF87
:1014E00080510100B6F1030010B5044688B006A98A
:1014F000FFF78EFF9DF81E300A4803939DF81D30BC
:10150000049402939DF81C309DF81A200193BDF8B5
:1015100018300549009300889DF81B30FFF710F93B
:1015200008B010BDA43E002094F10300026808B585
:101530001188154B19805188598051791971117989
:1015400059714FF48A51D980D28812F0200F0CBF04
:101550000A464FF48B528169DA800C4A137831B90C
:10156000C0880B4923F002030880137008BD43F0C4
:1015700002031370074B15221846013125F0C4FBF6
:10158000002200F8012CF1E7983E0020CC44002016
:10159000963E0020A73E002010B5174C23685879CE
:1015A0001FF04FFF00BB154B227F197B91421BD1CF
:1015B0005A88236819888A4205D04FF6FF70814205
:1015C00012D1120410D42279023A012A06D9A37B3F
:1015D00063B9BDE810400848FFF748B91989587940
:1015E00020F042F90028F2D1002010BD0248BDE8E9
:1015F0001040FFF7D3B800BFC02A0020DC2900202C
:1016000008B51FF01EFF10B9024B187808BD002066
:10161000FCE700BFD144002008B5002020F05AF9B3
:10162000FF201FF02FFF20F05BF9FEF77DFA01216C
:101630000246064825F082FB054B5221054A064822
:10164000FEF7A8FFBDE80840FEF77EBCD1440020AD
:10165000983E0020943E002070440020F0B5002207
:1016600004464FF6FF750B4F90B237F830600346D3
:10167000AE4201D12846F0BDA64209D1B4F57C4F57
:10168000F9D307EBC3035B888B42F4D00029F2D077
:101690000132E9E764F2030010B50446FFF7DEFF0C
:1016A000094A034610884FF6FF72934214BF074A57
:1016B0002246BDE8104017BF02EBC30304495A6835
:1016C0000449FFF757B800BFA43E002064F20300AE
:1016D000C2F10300C4EB0300034B18780130C0B221
:1016E000187000F07F0070473F160020044A1378FE
:1016F00018B143F001031370704703F0FE03FAE7DB
:10170000CC440020014B1870704700BFCF4400202C
:1017100038B1074B1B78012B04D1038843F04003F9
:1017200003807047022BFCD1038823F04003F7E7C6
:10173000CF44002068B1074A1378012B07D1064B2C
:101740001B781370037843F01003037001E0022B41
:10175000F8D07047CE440020CD44002073B5244E0D
:1017600002463378D90740D42249096881B1086814
:10177000C1888D0641BF204CE18841F02001E18005
:10178000C1884C0641BF1C48C18841F04001C1805E
:101790001A4D1B492878097840074CBFE9706970D9
:1017A000184913F00204098809D0144A164820F099
:1017B00030F8337823F00203337002B070BD134B5E
:1017C00018884FF6FB73984208D80B46CDE90052B3
:1017D0000146094A20461FF07EFBEEE70092074BC8
:1017E0000A4605491FF05EFBE7E70020E5E700BF7A
:1017F000CC440020BC2A0020983E002070440020E9
:1018000040160020943E0020A63E0020963E002078
:1018100070B503790446012B0D46164631D883680E
:101820001B78DB0600D561B3A37B13B9E37C0B2BDC
:1018300027D00022144B1A80637DB3FA83F35B092F
:10184000D800E37BABB9FEF7D5FEA07CFEF7D2FE55
:101850000B20FEF7CFFEE07CFEF7CCFE2846FEF71D
:10186000C9FE2046FFF762FE3046BDE87040FFF734
:1018700075BF40F00400FEF7BDFE208A1FF0F6FFA2
:10188000E3E7002070BD00BF943E0020F0B40546A1
:1018900018460F4B0C461B78BDF81010012B0D4E4F
:1018A00001D0377827B1002333700020F0BC704797
:1018B0000CB9002AF9D143B14FF65743994204D0ED
:1018C0002B462246F0BC1FF085BF0120EEE700BF8B
:1018D00041160020D04400202DE9F04F664C84468C
:1018E0002546964698460F46644E85B00FCE0FC5E6
:1018F00096E80F00DDF83C9085E80F00BDF8383021
:1019000072460093394643466046CDE9019400F0A3
:10191000DBF8DFF89081064670B90025FEF74CFE33
:1019200016220021564825F009FA00232846C8F857
:10193000003005B0BDE8F08F524BA27CC8F80040E3
:101940001A70514B1B78002B36D020F064F84F49A9
:1019500002460020FEF70EFF2268002053795288CD
:101960004B490092A289FEF705FF00201FF0E4FF1B
:1019700020B12368218A5888FFF78EFEE37B23B1CC
:101980000020228A4349FEF7F5FEA36800201A785A
:10199000E37C41490093A37CFEF7ECFE207DA28905
:1019A000A168121A01440123002092B2FEF746FEFC
:1019B00000203A49FEF7C4FE2F48FFF7B7FD2E4836
:1019C0001DF099FB054630BBB9F1000F25D1216808
:1019D000E0880B8801904988BA1E032A00918CBFC9
:1019E000002201220121E07CFFF750FF38B9236873
:1019F0005B79FF2B3AD0FFF7CFFD05468EE72368D2
:101A0000DB889A06F3D40121254C1B48217020F075
:101A100016F884F80090354680E7B9F814309B0733
:101A2000E5D47AE75846FEF7BBF982465846FEF7FA
:101A300081F888B123685046228A59881FF004FD36
:101A400050B13846FFF772FD236889F804A083F887
:101A500005A0FFF7A1FD00B9284605460136FEF7AF
:101A600063F85FFA86FB5845DCD857E70026024F3B
:101A7000DFF83490F3E700BFC02A00203CF20300F7
:101A8000A63E0020401600203E160020DAF103009A
:101A9000E2F1030000F203000BF203004BC6030067
:101AA000D0440020BC2A0020983E00200023054A94
:101AB000D15C814202D31A44507870470233DBB2C2
:101AC000F6E700BF29F2030073B515462E781A46D3
:101AD00016F0040F0CBF032605269E42089C08D969
:101AE000224A234900960020FEF72AFE002002B079
:101AF00070BDBDF8183021712060E380A560A2811F
:101B00002B7803F00103A3732B7803F00403002B5D
:101B100014BF01210021E1732978C1F3C00161756F
:101B20004FF00101217518D028461FF0BDFE237D1E
:101B3000208202332375227D531CDBB22375A95CFE
:101B40000232D2B2A1742275EB5CE374A3899A428B
:101B500005D900920749054AC5E72382EBE7079BB1
:101B60000120A36100232377C1E700BFAFCC0300AE
:101B700074F2030090F203002DE9F3410024264E95
:101B8000264FDFF8B880E0B20BF09AFEFF2805463A
:101B90000ED1234601210220214AFCF799FB30781F
:101BA00001341EF0F1FB152CEDD102B0BDE8F0813F
:101BB000020657F8243012D51A4A01210092022059
:101BC000194AFCF785FB94B9EB074FF001014FF080
:101BD00002004CBF154A164AFCF77AFBDFE70121E9
:101BE0000220114ACDF80080FCF772FBD7E7032CE6
:101BF000EAD00A2CD3D10F4B15F0010F0E4A4FF04B
:101C0000010118BF1A460220FCF762FB30781EF073
:101C1000BBFB0B24B7E700BF4216002000F4030013
:101C2000C1F203007FB10300E9F20300FEF20300FA
:101C300014F30300ACF20300B6F203001BCC030064
:101C40000022034B1870034B1970034B1A70704736
:101C5000D3440020D4440020D24400202DE9F74F83
:101C6000DFF89080224F98F8003005460E463C7809
:101C7000002B3AD04FF6FB73984236D84FF0000B4A
:101C8000DFF874A098F800305FFA8BF94B459AF8AA
:101C900000000ED948446946C0B216F0B5FA0822D1
:101CA0003146684625F020F80BF1010B0028E9D1F8
:101CB0004C463B78A34208D198F80020631CDBB265
:101CC0009A423B7004BF00233B709AF800303146C3
:101CD0001C44E4B2204616F08BFB30B9294620465E
:101CE00003B0BDE8F04F16F07BBA03B0BDE8F08F4B
:101CF000D2440020D4440020D3440020024B187862
:101D000000F07F00704700BFD5440020034B1878D7
:101D10000130C0B2187000F07F007047D544002039
:101D200030B5002485B0ADF80A20021D92B2012A18
:101D30001D46ADF80840ADF80610ADF8044003D9D3
:101D40004FF6FF72904207D1064A2B46127801A93E
:101D500023F09EFF05B030BD014601AA204613F0D6
:101D6000B3F8F7E74316002000487047FE41002013
:101D7000014B1878704700BF5A160020014B188895
:101D8000704700BFEE150020014B1878704700BF68
:101D900053160020014B1878704700BF4A160020E8
:101DA000014B1878704700BF4D160020002208B57F
:101DB000074B1A605A60F8F70BFA064B1870F8F7E1
:101DC00007FA054B1870054B1A78054B1A7008BDB9
:101DD000563B00201F4500201E4500204B160020CA
:101DE0001D450020002100B593B008466A460AF060
:101DF000E3FA0146C8B90E4B0E4A09930E4B0D92F9
:101E00000A930E4A0E4B0E920B930E4A0E4BCDE9DF
:101E10000F230C930D4B6A4611930AF0ADFD003869
:101E200018BF012013B05DF804FB0120FAE700BFE2
:101E3000414B0300C51A0200CB4C030099E5010099
:101E4000610A0300B9310200494D03005115020037
:101E5000074B1878112803D8064B0341DA0704D53D
:101E6000A0F143035842584170470120704700BF1A
:101E700021450020CBFFFDFF08B5064B1B78013B39
:101E8000022B05D80020FFF7E3FF0138C0B208BDE0
:101E9000FF20FCE7224500202DE9F74F414B424A45
:101EA0000193424BDFF844911B78DFF84481DFF85F
:101EB00044E1DFF844C13E4F3E4E3F4D3F4940486C
:101EC00002EB431A019B524503F1200309F120095B
:101ED00008F120080EF1200E0CF1200C07F120076C
:101EE00006F1200605F1200501930FD100221146CD
:101EF000344B324D1C78344E344B314FD0B2844287
:101F000003F1200346D803B0BDE8F08F304B314CCD
:101F10005360002349E907432F4CDFF8E0B048E95C
:101F200007432E4CC2E902304EE907432C4C1160A6
:101F30004CE907432B4C136147E907432A4C49E915
:101F4000050348E905034EE905034CE9050347E9A4
:101F5000050349F8201C48F8201C4EF8201C4CF8BA
:101F6000201C47F8201C46F8201C46E90743019C2A
:101F700045E907B3DFF888B046E9050345E90503FD
:101F800044E907B344E9050345F8201C44F8201C44
:101F9000203297E743E9085643E9061743F8101C37
:101FA0000132ABE74835002068360020601600207B
:101FB000A83500208835002068350020AC3B002083
:101FC0007FB103005816002099610200E835002017
:101FD000410D020017500300D120020045AC020061
:101FE00021610300A1430200A51F03004836002021
:101FF0002836002008360020C835002029D40200E9
:10200000090A0200044B00F1100250F8041B904230
:1020100043F8041BF9D1704723450020044B03F11A
:10202000100253F8041B934240F8041BF9D1704787
:1020300023450020014B93F95A007047EC3A0020E9
:10204000F0B50546071D00220C463846082193B01E
:1020500022F0E9FC6A7B0646D0070BD5687808A910
:1020600020F035FCDDF83D306B60DDF841307B6001
:1020700080B101E0910702D42D2013B0F0BDD20051
:102080000121384602F0800220F02CFCFF28687005
:10209000F2D0E6B119236A78194601A81EF087F933
:1020A0009DF81C305B0604D54FF4C0710A48F7F761
:1020B00033FF234603AD07AC2A4603CAA242186089
:1020C0005960154603F10803F6D10020D5E708A9A9
:1020D00020F0FDFBCCE700BF63F403002DE9F043E3
:1020E00007468BB01D48884616460025FFF796FF29
:1020F000002D01AB0CBF36205C2000249946174A06
:1021000012F8011B0134E4B24140102C03F8011B0A
:10211000F6D105A823F0B8FA4A46214605A823F0CF
:10212000B7FABDB941463A4605A823F018FB324636
:1021300005AC0DF1240C234603CB634510605160C0
:102140001C4602F10802F6D115B10BB0BDE8F083D0
:102150000125CDE732462146E6E700BF5345002082
:102160002DE9F04F174699B09DF88CB0DDF89090AE
:102170001D46DFF8DC80344B82460C4620220021CD
:1021800010A89DF8886088F800B00F9324F0D6FD61
:102190004F4504D02A463946484624F0B5FD4FEA5B
:1021A0000B4303F47C1343F0A86343F48073781962
:1021B000711B09EB050C6CB30DAACDE90AB209EB52
:1021C000060209920EAACDE907120D22CDE9051CDF
:1021D000CDE90350CDE900A21C49102202970FA8B7
:1021E000F6F740F807460FA820F0B5FB17F1950F5A
:1021F00024D02FBB0E9B761BF6B29E4220D10CB38F
:1022000098F800000D9B984214BF2120002019B0BF
:10221000BDE8F08F0EAACDE90912BA19CDE9051271
:102220000D22CDE90350CDE900A2CDE907BC102273
:10223000064902970FA8F6F7D5F8D3E72C20E6E772
:102240002120E4E72046E2E70024800053450020F7
:1022500061160020F0B50026074693B0194B0C46D6
:102260001546314620220AA8CDE9086324F066FD10
:10227000102208ABDFB1CDE90523CDE90325CDE977
:102280000164114B1149009609A81DF0E7FA0446B4
:1022900009A820F060FB14B9089B102B04D040F271
:1022A0003E210B48F7F738FE002013B0F0BDCDE912
:1022B0000323CDE90125044B0449009409A81DF02E
:1022C000CFFAE4E700248000004440045345002096
:1022D00063F4030030B5054689B0694620F0F7F88D
:1022E0006B8804ACABB122462946684620F068F8FA
:1022F0000E4A08AD234603CBAB42106051601C462A
:1023000002F10802F6D10948FFF77CFE002009B06F
:1023100030BD6B46054D1A4603CAA242286069606B
:10232000134605F10805F6D1EDE700BF534500203F
:1023300050B10B4B0B4A03F1100153F8040B8B42C5
:1023400042F8040BF9D17047064B054A03F110011E
:1023500053F8040B8B4242F8040BF9D1704700BFCD
:10236000534500203345002008B51022024824F0D0
:10237000CBFC002008BD00BF4345002008B508463F
:102380001022024924F0C0FC002008BD4345002073
:10239000F0B587B0054603A80C4614F077FD01465A
:1023A000002846D1BDF80C30980642D510222046B0
:1023B00024F0C4FC01A813F031FDB0B16E7B2F1DD9
:1023C00016F0020F06D00822384601A924F08CFC32
:1023D00000282CD101AB46F0020603CB686079607F
:1023E0006E73238843F008032380238843F002039D
:1023F000238013F0FFF8606022F067FB30B10E4BD2
:102400001B68A360238843F00403238000200B4B48
:102410001A68D1035EBF238843F0100323801302A0
:1024200042BF238843F40063238007B0F0BD2D2012
:10243000FBE72420F9E700BF983600209C360020F7
:102440002DE9F04F9B4691B00B1E0A93AD4B904681
:1024500014BF8146994600241A9E9BF8000070B96B
:10246000444538BF224643464FF000000A9928BF32
:1024700008F1FF32C847204611B0BDE8F08F25288B
:102480000BF1010B06D0224643460A99651CC8474A
:102490002C46E2E700230DE02D2A2AD0302A06D070
:1024A000303A092A4FF0000711D80A2532E043F0EC
:1024B00001038B46594611F8012B2B2A1CD0EBD86F
:1024C000202A1CD0232A1DD02A2A2BD000279BF893
:1024D00000202E2A64D19BF801100BF10102A1F11A
:1024E0003000092843F4806351D800254FF00A0CCE
:1024F00026E043F00203DCE743F00403D9E743F0AE
:102500000803D6E743F01003D3E78B4605FB072209
:10251000A2F13007594611F8012BA2F13000092829
:10252000F3D9D4E756F8047B8B46002FBCBF43F0A9
:1025300002037F42CBE702460CFB0511A1F13005F7
:10254000104610F8011BA1F1300EBEF1090FF2D9AF
:10255000114611F8010B6C282CD024D8682830D0F3
:102560006A2837D011468B461BF8010B672875D8AF
:1025700057284BD8452807D085D9462800F0318107
:10258000472880D143F4006343F020033FE12A2928
:1025900007D156F8045B0BF1020225EAE575D7E78F
:1025A0005A460025D4E7742801D07A28DAD143F4BA
:1025B0008073D8E750786C28F9D143F44073911CAC
:1025C000D1E75078682802D043F08003CBE743F08E
:1025D000C003F4E743F40073C5E70A2A00F0628100
:1025E000072A7FF450AF43F0210305930823CDE978
:1025F00003531023CDE9011356F8043B2246009300
:10260000484643460A9920F093FAFAE0A0F15802AE
:102610000F2A3FF638AF01A151F822F08D260100B4
:1026200087240100872401008724010087240100FA
:1026300087240100872401008724010087240100EA
:10264000872401008D2601002D2801008D26010020
:1026500007280100E727010007280100A0F169020F
:10266000D2B20F2A3FF60FAF012149F2410C91403F
:1026700011EA0C01B1D0782803F4806122D100293D
:1026800000F0908023F00D02102307E0622803F48D
:10269000806220D142BB23F00C02022312F40071AD
:1026A00000F08380CDE907720022CDE9043206F103
:1026B000070A2AF0070A06950292FAE80223CDE9F2
:1026C00000233DE06F2812D123F00C0209B123F062
:1026D0000D020823E2E7582816D1002A39D123F049
:1026E0000C0242F02002CFE723F00D02D5E7692863
:1026F00023F0100230D023F01C0209B123F01D0298
:102700000A23CBE76F29030042BB23F01002930595
:1027100027D5073626F00706B24671685AF8083BF7
:102720000A26CDE907720027CA0F0029CDE9046700
:102730000695029202DA5B4261EB4101CDE900317C
:102740004346224648460A9920F035FA0446564642
:1027500083E623F00D02C4E70029D8D023F011024C
:10276000D5E7D00506F1040A01D5336802E0510629
:1027700013D53378CDE904720A22002B02924FEA76
:10278000D37203950192B8BF5B4200934346224641
:1027900048460A9920F0CCF9D8E71306E5D5B6F9F2
:1027A0000030E7E723F00C026EE7D00506F1040ADB
:1027B00006D5CDE90472CDE9023501913368E4E72D
:1027C000510608D53178CDE902350023CDE90472F0
:1027D000CDE90013DAE7316812F0800F18BF89B233
:1027E000F1E743F02003CDE90173073626F0070631
:1027F0000095B6EC020B4346224648460A99F1F78B
:102800005FFE044629E6672801D143F40063CDE961
:102810000173073626F007060095B6EC020B434617
:10282000224648460A99F1F78FFCEAE713F00205C1
:1028300023D04FF0010A631C0B93224643460A99AA
:1028400016F8040BC8475DB354460B9A1EE0434686
:1028500020200A99C8470AEB04020AF1010A5745E9
:10286000F5D8002F07F1FF3308BF002307F1010A55
:102870001C4408BF4FF0020ADDE7AA46EBE7551CEF
:10288000434620200A99C8472A460134BC42F6D361
:10289000A7EB0A03574538BF00230B9A1A440B9243
:1028A0000B9CDAE53246002D52F8046B14BF294622
:1028B0004FF0FF310B9232463144107808B18A4212
:1028C00011D1A2EB060A13F480620C9202D0AA4541
:1028D00028BFAA4613F002030D931BD1AAEB0403F1
:1028E00022460F9308E00132E7E7531C0E932020A5
:1028F00043460A99C8470E9A0F9BD3189F42F4D8B3
:10290000A7EB0A03574538BF00230AF101021C4414
:1029100003EB020AA31B0E9304E01D464346224626
:102920000A99C8470E9BF41816F8010B28B10C9BA6
:10293000002BF3D06B1E002DEFD10D9B93B12246DF
:10294000AAEB040505E0561C434620200A99C84717
:10295000324653199F42F6D8A7EB0A03574538BFB2
:1029600000231C440B9E78E50FB41FB506AA52F84D
:10297000043B02A90392009204484FF0FF32FFF794
:102980005FFD05B05DF804EB04B07047552C030003
:102990001FB5034600914FF0FF3203A90248FFF72D
:1029A0004FFD05B05DF804FB552C03001FB5CDE9C4
:1029B0000201009302A9134603484FF0FF32FFF7CC
:1029C0003FFD05B05DF804FB5D2C03002DE9F04FE1
:1029D000144687B09B46C36B06460D465B690122D1
:1029E00002A960689847F36B012203A95B69284636
:1029F000984702A820F0F7FC074648B10023A375CA
:102A000063754FF0FF33A360002007B0BDE8F08F7F
:102A100003A820F0F5FC0123A375237E04EBC30378
:102A2000DD611F846368AB420ED1206003A820F0F3
:102A300009FD4FF0FF332075A360237D043B022B7B
:102A400025D80023A375DFE723681A1A03A8534289
:102A50005341A37520F0F6FC237D834203A818BFE1
:102A6000A77520F0D1FC074602A820F0CDFC8742D4
:102A700003A81CBF0023A37520F0CEFC074602A8C4
:102A800020F0CAFC87421CBF0023A375D5E703A82A
:102A900020F0BAFC80B1F36B022204A928465B69DE
:102AA000984704A820F0BFFC0346207D032839D8AE
:102AB000DFE800F03838040903A8F3E7237ECC22CE
:102AC00004EBC3031A8401F02BFC109B187003A8BD
:102AD000277E20F08DFC04EBC70787F8220003A8AF
:102AE000237E04EBC303B3F8209093F8227020F008
:102AF0008BFC804603A820F08FFC8246B8F1000FC3
:102B000015D0F36B022204A928465B69984704A8F4
:102B100020F04EFC6075637D6BB90023A3754FF008
:102B2000000838E0227E04EBC2021384CBE703A83E
:102B300020F029FCEEE794F81680B8F1000FEED0F3
:102B4000B9F1000F09D1DFB10123627EE375002ADC
:102B500044D19F4218D1677614E0736C05EB0A02EA
:102B6000594285EA020008421CBF0021A175591E86
:102B70000A409B1A9945D0D8A37D002BE3D1CEE71C
:102B8000E37D43B94FF000084B4652462946304694
:102B900020F0AEF9A060A27D12B123694B442361FD
:102BA0001349237E097899421ED901332376BBF15C
:102BB000000F1BD0D2B1E37DC3B1B8F1000F15D126
:102BC000032F13D0A1684B1C10D0109B2246304617
:102BD00000930123FFF7FAFEA07507E0012FDAD07A
:102BE000032F08BFA376CDE70023A375A07D0CE7D4
:102BF000A0AF03002DE9F04F0E468BB0984600239E
:102C000004464FF0FF31104617468DF8133001F09F
:102C100071FBB6F5801F3BD3B21C53D1E56A6B1C28
:102C200057D1616A204620F0A9F80546B31CDFF8A9
:102C3000189118BF01230193636A05A9626C4FF0D4
:102C4000000B0293236802FB053AE36B05225B69E4
:102C50005046984705A820F07FFC20F0A2FC504683
:102C600020F0AAFC824601464B1C05D0636C81EA29
:102C70000A025B42134232D02946204620F07EF8F9
:102C8000029BAB424DD0BBF1000F4DD10546D3E7BF
:102C9000314605AA04F1080020F05BFB0146481C00
:102CA00010D0384601F026FB0DF1130301223946FE
:102CB000204620F099F928B19DF8133088F80030AB
:102CC000002003E0237C002BA8D11D480BB0BDE8F9
:102CD000F08F2368ED1A636CB5FBF3F5A6E7484661
:102CE00001F008FB0DF11303019A4946204620F03C
:102CF0007BF9034690B1B21C03D0D9F80020B24250
:102D00000CD19DF813204946039338460D4B88F8A3
:102D100000201A6824F038F8039B9B46D9F8081065
:102D2000A2E7BBF1000FD0D0B6F5801FC8D298F84B
:102D3000003031467A6804F1080001F01FFABFE75D
:102D40000BE000F09CAF0300D82600202DE9F341F2
:102D50000E46044617469846816A194DE36A8B422F
:102D60002AD04B1C18E0284601F0C4FA0DF10703E5
:102D700001222946204620F037F930B143469DF81C
:102D8000072029462046B847B0B1A9684A1C05D09B
:102D9000012E0AD0E36A9942E5D10DE06968204628
:102DA00020F079F8012E0146D8D16B6881EA030240
:102DB000636C5B421A42D1D002B0BDE8F08100BF23
:102DC000AC2600202DE9F041036B9046826B90B059
:102DD00007680E469A42426C01A9044688BF836385
:102DE000436A02FB0377C36B05225B693846984749
:102DF00001A820F0B1FB01280146307056D0656C67
:102E000006A9E26B2368606AD2F814C0052205FBAC
:102E100000300025E04706A820F09EFB012823D0C3
:102E200001218DF834800E958DF83C10D4E90A32DA
:102E3000CDE90B4593422AD11946204620F02BF8C4
:102E4000236B626C1433E0629B1A23630C9B53B9AF
:102E50009DF83C303BB1626A616C2368E06B01FB1A
:102E6000023120F031FB0C9DE36B052201A93846AD
:102E70005B69984701A820F06FFB3070236B2846F0
:102E8000A26B9A4288BFA36310B0BDE8F081237C97
:102E900033B90BAA1C4904F1080001F0BFF9D5E7CA
:102EA0000BAB1A4A2046FFF751FFCFE7237C23BB29
:102EB0002246174904F1080001F0B0F9616A204682
:102EC0001FF07DFF616A421C20461FF046FF054649
:102ED00020B9236B626C1344143B2363A16A204620
:102EE0001FF0D9FF2368A062C01A636CB0FBF3F037
:102EF0006062204620F013F8B6E70023054A20461A
:102F0000FFF724FFDAE700BFC538010041380100B0
:102F1000713003000D30030073B50D46D11E1C4601
:102F20001B7E4A424A419A4226D129682368994227
:102F300022D3636899421FD8114E0DF10703324620
:102F4000FFF758FEC0B972686B689A4214D19DF8B9
:102F50000730DA1E53425341227E93420CD16369FB
:102F600001336361D4E90323934205D22968A2683F
:102F700042F8231001332361012002B070BD00BF6D
:102F8000042700202DE9F04F8BB09A46DFF854B1AA
:102F900080469DF850300D4616460293DBF81030FF
:102FA0005345C0F09880DBF80430D1460193B9F165
:102FB000000F00F08C80D8F83C30012207A901985E
:102FC0005B69984707A820F01BFADBF800309842AD
:102FD00040F0848007A820F01FFA0428074614D187
:102FE00007A820F020FA019B029A04463B44002ADD
:102FF0003ED1864212D9361A1446019940461FF036
:103000004AFFA9EB04090190D1E7D8F83C3002222D
:1030100008A901985B69984708A8E2E7841B9F19F3
:10302000544528BF5446032CAAEB040A4FEA9402E5
:103030001CD9D8F83C302946384604F003065B69B1
:10304000984724F003031F441D44002ED5D0D8F820
:103050003C30012208A938465B6998473246284629
:1030600008A9354423F090FE0026C6E72646ECE783
:1030700000F003020344074603922A1805930492C2
:10308000049BDD1B059BD81B039B9F420FD1002F88
:10309000B3D0D8F83C30012208A95B6998473A467A
:1030A00008A9284623F020FE78B93D44A5E7D8F8C2
:1030B0003C30012208A95B699847042208A92846E8
:1030C00023F012FE08B9043FDAE7DFF81C90484607
:1030D0000BB0BDE8F08FDFF81490F8E7DFF8109040
:1030E000F5E700BF3027002012E000F011E000F00B
:1030F00022E000F02DE9F0410F4688B016469846D0
:10310000044660B390F83450FDB101211FF0FBFD7F
:103110000E9B0021CDF804800496CDE902379DF87E
:103120003C308DF81C30237CCDE905118BB901AA08
:103130000C4904F1080001F071F8E06BDDE905537A
:10314000002E08BF1D461FF0A1FF284608B0BDE8AD
:10315000F08101AB044A2046FFF7F8FDEDE7054694
:10316000F3E700BF3B300300192F01007FB590F853
:10317000426004460DF10B03019230460A461249A3
:103180001FF08CFF012E0546E36B19D15B693246B7
:1031900003A998479DF80B10039B019A59B19BB264
:1031A00043EA024303930122E36B03A928469B6988
:1031B000984704B070BD1B0C92B21B041343F1E797
:1031C0009B69012201A9F3E7302700202DE9F04F88
:1031D00099B00F46044609920A69416C0E93D31DBB
:1031E0001439B3FBF1F3013302EBC302036B9342D7
:1031F000C0F00F820023DFF824940D93E36A484661
:103200001946079301F076F8D7E9033604930E9B2D
:10321000022B4ED1CC2E40F08C81099B002B42D04A
:10322000394620461FF090FF656C079A6B1E14907C
:103230001340ED1AE36B012216A978685B69984781
:1032400016A820F0E1F800280CBF04230823782EEC
:1032500006933FD9012300254FF0080A05933B68E8
:1032600005990E98C9F80030C9F8106020F0EEF802
:103270004FEA9A03DDF81CB089F81400109300237C
:103280000B930F9308930C93616C4A1E0BEA020296
:103290008B1A002E3AD05544AB4242D8236B5B1AAE
:1032A00013442363ADE0049B1B6814930823069327
:1032B000D0E7656C782E079A05F1FF3303EA020325
:1032C000A5EB030516D8FB7D7BB9099B002BB1D17B
:1032D00004230693331DAB4210D9A6B1082DB9D8EB
:1032E00004250023AA460593B9E7099B002BA1D129
:1032F0000823EEE7099B002B9CD1D7E70025059515
:103300004FF0040AABE704250596F9E75345C5D30A
:103310000BEB0A03B0460393089B002B18BF032353
:1033200013E0A3EB0A03B0460BEB0A029E420392A2
:1033300028BF98469E42EFD9D9F810200123964223
:1033400089F8173071D1C9F804B0089399F817308B
:10335000002B6CD099F818200899D31C013209EB86
:10336000C30389F81820C3F804B0A3F80880997241
:10337000B8F1000F14D00E9B022B5BD10B9B7BB9D5
:103380000F9B4344032B0BD9E36B012214A9039831
:103390009B6998470546002840F03D8101230B9327
:1033A000089B16A80193059B0093434699F81420A7
:1033B000396800F055FFE36B109A16A99B695846CF
:1033C0009847051E0D9B18BF5B4652460D93594604
:1033D000434620461FF08CFD236B08F10302C9F819
:1033E0000800A3EB0A0322F003029B1A2363002DBB
:1033F00040F011810F9BA6EB0806DDF80CB04344AA
:103400000F93594620461FF046FD00258346002EA7
:103410007FF43AAF814A04F1080039689368526832
:10342000E3620E9B00F0AAFEDEE002238DE7C9F8FE
:1034300004B09DE7099B002B30D1049BB8F1030F2A
:1034400043440A9327D9E36B4FEA98029B69DDE96D
:10345000030198470546002865D118F003025FD0A4
:1034600028F00305049B2B440493039B1D444FF059
:10347000FF33049915A8159323F086FCE36B2846C7
:10348000012215A99B6998470A9B05460493002DC4
:1034900086D0039B99E7039D4246E8E7039B0A9386
:1034A00007F120031193FB7D78689BB13D7E0023DB
:1034B0000C9AD9B28D4211D9119903F1010C31F84E
:1034C0003310914226D907EBC3030699D8690A4401
:1034D000104403E00C9B069A13441844E36B01224A
:1034E00015A95B699847159B012213A913930C9B9F
:1034F0000A9804330C93E36B9B699847039B0A9AE1
:10350000054643449B1A042B07D978B91346043364
:103510000A93C8E7521A6346CBE70A9B0393B6E7C0
:103520000A9B04933CE70A9B0493B2E70A9B03932C
:10353000AFE73B4E04F1080303932368079A606CDE
:10354000A2EB030ABAFBF0FA00FB0A3020F034F8D1
:10355000E16A804620461FF09EFCA26A82424AD061
:10356000626CD9F80830511E2568E0620B40216B6F
:10357000891A0B4423630D9B5D1BB5FBF2F5AA452D
:1035800036D1079BB3EB080A12D0E36B4FEA9A02DD
:1035900041469B699847E36A079A834653440398D8
:1035A000DA46E362236B9B1A434423631FF0A2FEB7
:1035B0002368616CE06B01FB05311FF072FF204650
:1035C0001FF0ACFB20461FF0AAFC2063BAF1000FED
:1035D00011D03A69616CD31D1439B3FBF1F3013397
:1035E00002EBC3029042A8D2304619B0BDE8F08F7A
:1035F0004FF0000ADCE73A69616CD31D1439B3FB64
:10360000F1F3013302EBC302236B9342BFF4F6AD37
:10361000EAE7044EE8E72E468CE700BFD8260020F4
:1036200023E000F006E000F02DE9F3471E46436971
:1036300004468846B34217469DF828903DD300259E
:103640008DF80750D4F830A020461FF033FB824598
:103650000AD2236AB5EB430F06D200220DF107010F
:103660002046FFF7AFFB30B39DF80730012B05D1A3
:1036700000220DF107012046FFF7A4FBB9F1030F6B
:1036800006D0256B314620461FF0FFFA854218D33D
:103690000D4D4FF0FF31284600F02CFE4B46002226
:1036A00029462046C5F80080C5E9037602B0BDE88A
:1036B000F047FFF78BBD0135C4E7044802B0BDE811
:1036C000F0870348FAE700BF042700200FE000F06E
:1036D00006E000F02DE9F04790F8426086B005461C
:1036E0008F1A012E039115D1B7F5807F4FF0640832
:1036F00028BF03260024DFF844A14FF6FF7995F890
:103700004230012B14BF322364239C420AD35FFA58
:1037100088F415E0B7F5803F4FF0320834BF01263A
:103720000226E7E705AB2246514628461FF0EAFC91
:1037300095F84230012B059B34D14B452DD1E4B295
:1037400095F84230012B0CBF64223222121BB24288
:1037500017D3012E39D10022012B05978DF81320A4
:1037600027D1082205A90DF113001FF07CFE9DF85A
:103770001330059A42EA032221462846FFF7F6FC59
:1037800040B102232D4903AA28460093CC2309689F
:10379000FFF74AFF06B0BDE8F087DBB203B9023499
:1037A0000134ACE7591CCAD09BB2002BF8D10134CC
:1037B000F6E7102205A90DF113001FF054FE9DF845
:1037C0001330059A42EA0342D6E7039A012B059289
:1037D00023D10823202205A90DF113008DF8133001
:1037E0001FF041FE9DF81320120221462846FFF7E4
:1037F000BDFC95F84230611C012BC9B21AD10028DA
:10380000BFD1BDF814202846FFF7B0FC0028B8D17E
:103810000234BDF81620E1B2AFE71023202205A93B
:103820000DF113008DF813301FF01DFE9DF81320CD
:103830001204DAE70028A4D1059A9EE73027002079
:10384000032A2DE9F34106460D4617461C4606D1CC
:10385000237A012B23D0012002B0BDE8F081DFF8EC
:1038600060800DF1070309684246FFF7C3F9606005
:103870000028EDD19DF80720237A032AE8D0D8F854
:1038800004106A689142E3D1012B2969D4F80CC075
:1038900007D10CEB01037269934202D92074207C9A
:1038A000DAE708313B46012230466144E1602946AF
:1038B000FFF78CFC60600028CAD00020CCE700BF76
:1038C000042700202DE9F341089C032A17462668A7
:1038D00006D1237A012B24D0012002B0BDE8F0816B
:1038E000DFF890800DF1070330464246FFF782F97A
:1038F00060600028EDD12568D8F80400A96AD5F8E1
:1039000044C04840227ACCF100031840E1D1012A9A
:1039100009D1E268D8F8103013447269934202D991
:103920002074207CD9E72868EB6A1B1A081AB3FBBD
:10393000FCF3B0FBFCF083420BD1706CF36A421EC7
:103940001340326B121A2846134433631FF0A3FA54
:10395000E862D8F81020E36808320649206813446A
:103960000122E3603B46FFF731FC60600028B0D0E5
:103970000020B2E7042700202DE9F04F4FF0FF337D
:103980004FF6FF72002500F10806044687B0C362B7
:103990000F4605620563C0E9092330461FF0AAFC03
:1039A00020461FF0BBF928BB204639461FF036FAE7
:1039B00020461FF0B3F928BB8A4D20461FF0E2FADB
:1039C000ECE0E26B01A92368606CD2F814C0052218
:1039D00000FB0530E04701A81FF0BEFD012828D1FB
:1039E000294620461FF0EBF9421C294620461FF0CD
:1039F000B4F90135E3699D42E3D320461FF08EF907
:103A00000028D1D000254FF0FF394FF6FF73CA468A
:103A1000A846C4E90853E369984514D3A5EB090502
:103A2000012D37D8636A4FF6FF72934247D16E4D2E
:103A3000C3E71FF0BBFD0028DBD0294620461FF05E
:103A4000BEF90246D1E7236801A9E26B606C5769B1
:103A5000052200FB0830B84701A81FF07DFD834612
:103A600001A81FF050FD074658461FF09AFD70B19F
:103A70005745236ABA4638BFC4F82480B94503F1D4
:103A8000010328BFB946BD42236238BF3D4608F155
:103A90000108C0E74FF6FF7300256362E3699D42AA
:103AA000C0D2676C0522206801A9E36B07FB050003
:103AB00001355B69984701A81FF025FDEEE7E26B31
:103AC00001A9676C20685569052207FB0300A84718
:103AD00001A81FF018FD626A2368606C434D00FB6B
:103AE00002301FF069FD4FF0FF33A0622A46E36207
:103AF0006FF001010DF103032046FFF77BF800286A
:103B000050D1AD6829462046E5621FF0E3F82063F6
:103B100020B9E16A20461FF0BEF9E062294620463E
:103B20001FF0B9F90546A36A9D423DD1656920465B
:103B3000626CE91C143AB1FBF2F105EBC1050335E7
:103B4000B5FBF2F502351FF01DFA8046A8423DD2C2
:103B5000616A20461FF012F90027064604F1400A68
:103B6000474512D3626C01A9236802FB0639E36B57
:103B700005225B694846984701A81FF0C4FC5346DC
:103B800002464946E06B1FF019FD013731462046D9
:103B90001FF0F4F8AF420646E2D3154D284607B0B1
:103BA000BDE8F08FA56AADE7294620461FF092F8E0
:103BB000236B074629460344204623631FF06BF915
:103BC0000546002FAFD1C4E90B07ACE7304600250E
:103BD0001FF090FB0023074A20461946FFF7B6F86E
:103BE000EBE600BF03E000F016E000F00427002041
:103BF00013E000F0D72F0300634A00232DE9F041C2
:103C000017680E460446136018B9604D2846BDE893
:103C1000F08190F834500DB309680268914240F089
:103C2000AA8071684268914240F0A580B1688268BC
:103C3000914240F0A080F168C268914240F09B80C0
:103C400031694269914240F09680B169C26B9142FC
:103C500040F0918072691D468261D7E75022294663
:103C6000D0F8388023F06AF8336804F10800C4F80B
:103C70003880236073686360336963617369D6E970
:103C80000212A3611FF048FBB36904F14000E36333
:103C90009B68984794F8432020B1E561002AB4D08E
:103CA0003B4DB3E7656C002DF7D06668B6FBF5F3C6
:103CB000E361002AA9D0B542F2D82268B2FBF5F13F
:103CC00005FB1122002A58D105FB1363002B54D1A8
:103CD00020461EF0EFFFA369043303449E424ED3F7
:103CE000636940F63472CC3B93424AD8B5F5007F05
:103CF000D6D3032120461FF006F8E36BD4E9000178
:103D00001B689847E36B05460220DB6898471DB1A6
:103D1000002384F834301EE039462046FFF72CFE9D
:103D20001C4B0546984204D139462046FFF724FE35
:103D30000546636C143B002DEAD1226A204602FB43
:103D400003F61EF0B7FFA369043303449E4206D274
:103D500084F83450104DE06B1FF098F956E70F4A85
:103D6000012384F8343013680133D4E9000113606F
:103D70001BF0A6FAEFE70A4D48E70A4D46E7064D65
:103D800044E7094D42E700BFC436002009E000F0D7
:103D900004E000F013E000F002E000F0C036002084
:103DA00008E000F001E000F005E000F02DE9FF413F
:103DB0000F4690461E46054698B390F8343093B3AC
:103DC000B1F5801F31D21A4C02211EF09CFF0DF17B
:103DD0000F03224639462846FEF70CFF024678B10B
:103DE000012342463946284600933346FFF71CFC20
:103DF0000446E86B1FF04AF9204604B0BDE8F081A4
:103E00009DF80F30012BEBD12169B142E8D100932D
:103E1000414633462846FFF7B5F804460028DFD16F
:103E2000E7E7044CE8E7044CE6E7044CE4E700BFAE
:103E30003027002009E000F007E000F00AE000F081
:103E40002DE9FF410C4616461F46054688B390F8FB
:103E5000343083B3B1F5801F2FD2DFF87C8001218D
:103E60001EF051FF21460DF10F0342462846FEF792
:103E7000C1FE044670B99DF80F30012B11D1D8F85E
:103E80001030BB4213D10246009031462846FFF75E
:103E900079F80446E86B1FF0F9F8204604B0BDE855
:103EA000F081074C074A022B08BF1446F2E7064C84
:103EB000F0E7064CF1E7064CEFE7064CEDE700BFF4
:103EC0000BE000F00CE000F011E000F009E000F081
:103ED00007E000F00AE000F03027002070B586B05F
:103EE0000E4605460392A0B390F834309BB3B1F56B
:103EF000801F32D202211EF006FF0DF11703184A6F
:103F000031462846FEF776FE044618B99DF817306C
:103F1000032B0ED1022303AA314628460093CC235B
:103F2000FFF782FB0446E86B1FF0B0F8204606B0AE
:103F300070BD022B0BD10A4928461FF005F90399E1
:103F400002468142EFD02846FFF7C4FBEAE7054C62
:103F5000E9E7054CEAE7054CE8E7054CE6E700BF72
:103F6000302700200DE000F009E000F007E000F04D
:103F70000AE000F073B50C461646054630B390F8DB
:103F800034302BB3B1F5801F24D201211EF0BBFECB
:103F900021460DF10703104A2846FEF72BFE044682
:103FA00080B99DF80730032B0CD0022B0CD10A49A5
:103FB00028461FF0C9F83060E86B1FF067F820460C
:103FC00002B070BD054CF7E7054CF5E7054CF6E788
:103FD000054CF4E7054CF2E7302700200BE000F039
:103FE0000DE000F009E000F007E000F00AE000F06A
:103FF000F7B50C461646054668B390F8343063B3FF
:10400000B1F5801F2BD202211EF07DFE0DF10703BA
:10401000144A21462846FEF7EDFDC0B99DF8073049
:10402000032B14D0022B14D10E4928461FF08CF814
:10403000471C024628463946FFF74CFB044606B1AA
:104040003760E86B1FF022F8204603B0F0BD064C45
:10405000F7E7064CF5E7064CF6E7064CF4E7064CA6
:10406000F2E700BF302700200BE000F00DE000F089
:1040700009E000F007E000F00AE000F02DE9F3416C
:104080001F4600230C46164605463B6050B390F889
:1040900034304BB3B1F5801F28D2DFF864800121A2
:1040A0001EF031FE21460DF1070342462846FEF779
:1040B000A1FD0446A0B99DF80730032B10D0022BB8
:1040C0000AD10123336004233B60E86B1EF0DEFF5E
:1040D000204602B0BDE8F081D8F810303060F3E738
:1040E000034CF2E7034CF3E7034CF1E7034CEFE733
:1040F0000BE000F009E000F007E000F00AE000F05B
:104100003027002030B50C4685B0054628B390F81E
:10411000343023B3B1F5801F23D202211EF0F3FD0A
:104120000DF10F03104A21462846FEF763FD0346B2
:1041300088B99DF80F20032A0DD003222146009252
:1041400002462846FFF770FA0446E86B1EF09EFF11
:10415000204605B030BD054CF7E7054CF8E7054CA7
:10416000F6E7054CF4E700BF302700200BE000F035
:1041700009E000F007E000F00AE000F02DE9F0416E
:104180004668002E46D005684FF0000CA846AE46A3
:1041900055F83C400CF1010CC4F31307013401D075
:1041A000B94218D0B4450EF1080EF1D12F460024C3
:1041B00003E0B44207F1080713D055F834C00134C6
:1041C000BCF1FF3FF5D1C1F313017A6041EA03511D
:1041D0003960BDE8F08141EA0353CEE90032BDE821
:1041E000F081032B16D0002403E0B44208F1080844
:1041F00010D055F834700134C7F30757032FF4D1AA
:10420000C1F31301C8F8042041EA0353C8F8003091
:10421000BDE8F08101230372BDE8F0812DE9F04390
:10422000476883B0C7B10646884691460024336884
:10423000304653F8345003EBC4030134C5F307523E
:10424000C5F31301013505D05B68CDF80090C04778
:1042500010B17768BC42EAD303B0BDE8F08300BF79
:1042600073B5012A044622489DF8185000EAC1118E
:1042700023F07C4007D9961E012E28D9073303F07E
:104280007F03194308E09DF81C300A43DB0603F066
:10429000C053134343F060410023C4E900108DF87C
:1042A0000730B5B1202221460DF107001FF0DBF8E1
:1042B0001A220DF10700211D1FF0D5F863689DF843
:1042C0000720082043EA8263636002B070BD114397
:1042D000E2E71B220DF1070021461FF0C4F8236816
:1042E0009DF80720042043EAC2632360EDE700BF86
:1042F00080FFFF0738B5094B0D46002104461A68B8
:1043000022F01CFD00234FF0FF322361A260E38204
:104310002383A376C4E9002538BD00BF9CAF03000A
:104320000138C0B205289ABF014B185C01207047C4
:1043300040F503002DE9F0410E46596888B0074664
:104340001546490A0024012922464FEA510104F189
:104350000104F8D8DC78520399784FF00008240360
:104360001B88C9020DF1070004F48054C3F30A034B
:1043700001F4006192B28DF807800C4302A9234436
:104380009C18254B1B22039325F07843ED436FEADD
:10439000044402931FF067F89DF8072025F0784544
:1043A000029B02A90DF10700029543EAC2631B229A
:1043B0008DF807806FEA144404931FF054F89DF8B9
:1043C000072007A9029B06F11000079443EAC26385
:1043D000012205934FF0FF330693BB6998470446CB
:1043E000BB6905A9012206F108009847404518BF9E
:1043F0000446BB6904A90122301D9847404518BFF7
:104400000446BB69012203A930469847404508BFCE
:10441000204608B0BDE8F08101009AB2431E033384
:1044200006D8044B984228BF1846642838BF642039
:10443000704700BF40420F00F8B505461AF05EFF16
:1044400007460F4B1E6826B938461AF05BFF344604
:1044500011E0B4688CB194F810C01CF0010F0CD1BD
:104460004CF0010C95E80F0084F810C084E80F00B0
:1044700038461AF047FF2046F8BD3668E3E700BF2C
:10448000F012002038B505460C4641B10B6833B137
:104490001B68013303D0CB680BB18B684BB902F0BA
:1044A000B9FCBDE838404FF492724121002000F081
:1044B00019BA084602F0ECFC0023044A85F81C31C6
:1044C000C5E93043C2E9003338BD00BF38190020C8
:1044D00010B5044618B9054B054A136010BD00F02D
:1044E0000BFED4F8CC30002BF6D1F4E7F135030005
:1044F000EC120020014B1868704700BF38190020EB
:1045000010B50C4600F036FE054B002103205B6819
:1045100098471CB101F0A0FF0128FBD110BD00BFDE
:10452000F812002008B502460868FFF777FF086018
:104530004868FFF773FF48608868FFF76FFF88607F
:10454000C868FFF76BFF0B69C860581C03D00B48A5
:10455000834228BF03460B614B69581C03D00748B0
:10456000834228BF034688694B61FFF757FFBDE8C8
:1045700008408861104601F0F3BC00BF40420F00C4
:104580002DE9F84FD0F8C43006460F4613B1438BDF
:104590008B4244D0D6F8C0B0BBF1000F42D0DBF85C
:1045A0000830002B3ED0DBF80C1000293AD0D6F8AA
:1045B000D4A0BAF1000F38D04FF000094D46C846DC
:1045C00001E0DBF8083005EBC50203EB8204E38968
:1045D0000135BB4214D8238ABB4211D3B4F912204F
:1045E000B6F92630934250DD304696F81011F3F7B5
:1045F00005FAB37D81468342A04606D9DBF80C104C
:104600008D42DED3B8F1000F39D000234246304648
:104610001946D0477783C6F8C48086F819910020E0
:10462000BDE8F88F0320BDE8F88FD14647F6FF7547
:104630005446524604EBC40803EB8808B8F80E3021
:10464000BB4216D8B8F81030BB4212D3B8F91220CA
:10465000AA4202D14FF0FF09DCE7304696F810116C
:10466000F3F7CCF9B37D81468342D3D94246DBF8D8
:104670000C100134A14204D9DBF80830DAE701203C
:10468000CEE7002AFBD09046C4E7A046BDE700BFB6
:104690002DE9F04782B004468946164601F0ACFE8B
:1046A00000284CD1454D2B68D4F8C0A0D4F8C47074
:1046B0000BB1534562D04FF00008C5F8089001F0E7
:1046C000CBFE01284DD120461FF013FA00283AD125
:1046D0002B68DAF800103A6813B11868884258D08D
:1046E00020461FF0B6F9C5E900A7D4F8D4508DF8DC
:1046F0000760002D54D00022204611460DF107031B
:10470000A847204601F0DCF80546B8F1000F00D0BC
:104710008EB1B5FA85F040F2DE323321400900F067
:10472000E1F83146204601F003FB254B05463946AA
:1047300020461B689847284602B0BDE8F087002352
:104740001E4D6B60AFE794F91030002BC0DAA36BFD
:104750005B05BDD51B4B0122002120461B689847F5
:10476000B6E7012000F006FD174B002103205B682F
:10477000984701F071FE0128FBD1A4E76B68002B7C
:1047800099D0BB4297D1AB68994514D04FF001083E
:1047900093E7696811B109689142A4D059689FE70D
:1047A000A17D94F819313246994228BF1946204616
:1047B00001F008F8A5E70025BDE700BF3819002083
:1047C000EC12002034370020F8120020F8B50E4615
:1047D00005461AF093FD314607462846FFF7D0FEFE
:1047E0000446F8B128461FF084F938B195F9103025
:1047F000002B08DB0023114A82F8AC3038461AF04F
:1048000081FD2046F8BDAB6B13F48063F3D0B5F89F
:104810000A31B3420FD0B5F80C319B1BB3FA83F3C6
:104820005B09E8E701F0C4FD224631462846FFF760
:104830002FFF0446D6E70123DDE700BF001E00B0CE
:10484000F8B51C4B05461B680E4603B19847314628
:104850002846FFF717FED5F8C03073B15B6963B126
:104860001FF0A6FAD5F8C03040F26B125B69422106
:104870001B1A5842584100F035F800224FF6FF73DA
:104880004FF0240CF768D0B2B84208D31C4621463A
:104890002846FFF79BFF02F021FB2046F8BDB168D8
:1048A0000CFB0011CC899C4202D2002CEFD0234695
:1048B0000132E8E73037002013B5044669461EF0A0
:1048C0003CFF20461FF04AF8FF28024606D020464B
:1048D0009DF80010F3F712F902B010BD0048FBE795
:1048E0000080FFFF08B550B90548064B01601A600B
:1048F000054B1A68054B1A60186807F041F808BDA7
:10490000F4120020CC36002028380020C8360020C1
:104910002DE9F0418AB001AC05460B462746194AFD
:1049200002F1200C264610685168083203C6624521
:104930003446F7D1002B08BF3B46002710681C46C1
:104940003060384603F10C0690B95FFA87F84246AA
:10495000284621881FF0D0F850B942462846E18801
:104960001FF0DBF820B94246314628461FF0E7F831
:104970000137032F06F1080604F10204E4D10AB05E
:10498000BDE8F08148F60300F0B589B005460E4653
:104990001FF0E4F8044600BB01AC06F10C070FCF92
:1049A0000FC497E8070084E8070001A92846FFF72D
:1049B000B9FD2846311D1FF06CFB044648B9284656
:1049C000074901F08FFA044618B9284601F0C8FDDE
:1049D000044628463168FFF79BFF204609B0F0BD2A
:1049E00040F6030001491EF00FBF00BF3165010012
:1049F00070B5164E032804460D4633781ED023FAB0
:104A000004F202F00102AA421DD053B10122A240D9
:104A1000A54023EA02032B43DBB233704BB10120E4
:104A200070BD2DB10A4B01201B6898473378EDE724
:104A30003570074B00201B689847F0E79A07DED0D7
:104A400003F0FC03E9E7002070BD00BF63450020D0
:104A50000C37002038B504460D4605F0FBFD60B16B
:104A600001F0DEFC48B9012D07D801201FF021F824
:104A70000D4B1B6823B15B6898470C4B1C7038BD0D
:104A80001BF01FFD0A4B1A68801A1860F6F778FBB6
:104A90004FF47A72074B1B6802FB00301EF0B2FE27
:104AA000012001F0C5FCE8E72C3700206316002048
:104AB0000437002008370020F8B505460C461AF0E8
:104AC0001DFC104F06463B7833B1012D04D01CB9B4
:104AD0000D48F6F751FA3C7021462846FFF788FF4B
:104AE0000A4B04461B783BB93B782BB91EF0D3FF29
:104AF00010B1074B1B68984730461AF003FC20465C
:104B0000F8BD00BF64450020E0360020634500206A
:104B1000F8120020054A0B46117831B100211170BE
:104B2000034A0121526818781047704764450020F5
:104B3000F8120020124B0239012910B518701ED846
:104B400005F088FDD8B101F06BFCC0B101F068FA46
:104B5000A8B90C4B1C6834B123689847BDE81040D5
:104B600000201EF0A6BF1EF04BFE074B18601BF086
:104B7000A8FC064B1860204601F05AFCEEE710BD79
:104B8000631600202C37002008370020043700204F
:104B900038B5044680B11AF0B1FB0121044608463D
:104BA000F5F780FD01210B4A08461BF03CFC20462E
:104BB000BDE838401AF0A6BB1AF0A0FB0546214616
:104BC0000120F5F76FFD01202146024A1BF02BFC66
:104BD0002846EDE76CF60300F0B585B01AF08EFBC1
:104BE000304D04462B7823B12F48F6F7C5F900283D
:104BF0004BD1F6F76DFA02AA03A91EF036FF034661
:104C0000002833D01EF045FF029B98421ED10020A1
:104C1000264B03991B68264E9942307022D90027F3
:104C2000C91A012320482B70224A3346CDE9007768
:104C30001BF023FC002830D11F4A1378D90718D461
:104C400020461AF05FFB002005B0F0BD1EF01FFFEC
:104C5000029B98421FD0002318461449144A096841
:104C6000137003910121FFF7C3FEE9E720462B7083
:104C7000E7E731780029E3D103F0FE031370002B3E
:104C8000DED10E4B1B689847DAE720461AF03AFB54
:104C9000032005B0F0BD0220BAE7032320462F70A1
:104CA0003370F3E764450020E03600200037002031
:104CB00062160020154B0100634500200C370020D0
:104CC00038B51AF01BFB0F4D04462B789BB90E4AE2
:104CD0000E4913700E4B0F4A0F481A600F4A5A6064
:104CE000F5F75AFD0E490F48F5F756FD0E4B0F4AE2
:104CF0001A6001232B70F6F725F820461AF002FB04
:104D0000002038BD654500206445002074F603008E
:104D1000F8120020D94B0100D0360020B94A01001A
:104D20007CF60300D83600200C370020914B0100A0
:104D30002DE9F7438E7880460F2E0C4603D90120CB
:104D400003B0BDE8F08326B901232F4A0020137079
:104D5000F6E70D7891F80190002D3CD1B9F1000FE4
:104D6000EDD194F90310E08803F01EF90128E6D094
:104D700055EA0903A088254F33D103F039F84FF6DF
:104D8000040583B24FF6050021490A6E92B2AA4289
:104D900008BF024608253A80802201270F66C1F825
:104DA00080202A461A4903B1013B4B630023013E90
:104DB000F6B2019329460123009608F1D80003F0CA
:104DC00055F81FB14FF48012124B5A65124BA2686E
:104DD0001A600223B9E7082DB1D8B9F1080FAED88F
:104DE000BFE703F005F84FF604033A889A421EBF66
:104DF00007490A663B80A9454A464FF0000738BF7D
:104E00002A4683B2CEE700BF66450020F415002095
:104E100000C001B800D001B81437002010B5044616
:104E2000D0F8F8200A4B4FF40061C3F89020027CC0
:104E3000120202F4006205F081FB237C13F0080FDC
:104E40004FF4007314BF034A034A136710BD00BF39
:104E5000001E00B0001002B8002002B837B50C46A2
:104E60001D4D41B90A46072105F068FB1B4BEC605C
:104E70005C6003B030BD0722114605F05FFB0722DE
:104E8000174B0121DA60237901A82B736379019311
:104E90001FF0B0F8019BC2B2D34000F00F0040EA0F
:104EA00003106873A279AA73E279EA732068286113
:104EB00083B1012102888B4205D82379013B134439
:104EC000084A1362D5E730F811500131AA4228BFD1
:104ED0002A46F0E71A46F0E7001F00B00C1F00B0AA
:104EE000006000B8004000B8431C07D06FF0FF021C
:104EF000034B10401A62A3F580531862704700BF3D
:104F000000E000B810B5042301240A4A0A49D1F888
:104F1000EC00C2F8EC30C2F8E0300C634FF4005102
:104F2000D162410742BFC2F8E030A2F58052C2F818
:104F3000EC3010BD006000540040005400F0180335
:104F4000182B0AD003070AD440F2011310F0100006
:104F500018BF1846034B986370470020FAE70120FA
:104F6000F8E700BF001F00B0354B2DE9F7431E687E
:104F700001F4007900F00103174653EA09020546DF
:104F80000C4631D04FF000081BB300230022002153
:104F90000120CDE9008804F04FFA042002F040FD22
:104FA0004146304603F0ECFA4146B0830120FFF75A
:104FB000A7FAB16B06F1D80003F08CFB2149086811
:104FC000FFF792FF4FF0FF330B60337C43F0040395
:104FD0003374B9F1000F07D0012130461EF0D3FB26
:104FE00024F4007405430C43D6E94E232A402340A1
:104FF00052EA030103D01449304609688847FB0789
:105000000FD51249124A0868002113681160012166
:10501000104A117003B198470F4B002102205B68C2
:10502000984717F00E0F08D040F2F3123B210020F2
:1050300003B0BDE8F043FFF755BC03B0BDE8F08313
:1050400028380020001300200413002024370020FB
:105050002837002069450020F8120020044B18680A
:10506000830654BFC0F30F204FF6FF70704700BF98
:1050700004380020F7B504461046D4E94EC7DDE9F0
:1050800008268CEA020587EA06010540194085EAF0
:105090000C057940C4E94E51002523F4004106EA8D
:1050A000010320F0010043F40073024043F00203C7
:1050B000CDE9005504F0C0F9237C9A0717D5D4F840
:1050C0003C319B0513D54FF4881120461EF05BFB45
:1050D000237C65F341032374D4E94E2302400B4043
:1050E00052EA030103D0034920460968884700209B
:1050F00003B0F0BD0413002038B10368044A002B4C
:1051000008BF1346034A13607047014BFAE700BF1C
:105110004F38030004130020024B586A00F00F00C0
:10512000704700BF001F00B00F2938B505460C4678
:105130000ED801F091F901280CD1074A2846536A8C
:1051400023F00F03234353621EF017FD002038BDE8
:105150000120FCE70220FAE7001F00B0014B986A2B
:10516000704700BF001F00B0014B002099627047DC
:10517000001F00B003282DE9F7434CD8274B13F844
:105180000080274B1E5C274B13F800901AF0B6F8EE
:10519000074604F00BFB054640B100230022CDE991
:1051A000003301200023002104F046F904F006FB3F
:1051B00048B100230022CDE90033002000234FF442
:1051C000004104F039F926B3174BDC6C04F00804F5
:1051D000164B3146DC64404604F0F2FB4A46314649
:1051E000404604F053FC124BDC6465B1114B186867
:1051F000816BD83003F06EFA0F490868FFF774FE30
:105200004FF0FF330B60384603B0BDE8F0431AF0AF
:1052100079B83446DCE703B0BDE8F0838CF60300D0
:1052200088F6030084F60300004000B8006000B870
:10523000005000B828380020001300200F4A136FD8
:1052400013F0A00F15D1506F10F0040013D10C4BC8
:10525000D3F8C03E23F07F4323F0FF035BB1D36854
:10526000C3F30362092A07D0B2F10C0018BF012072
:105270007047002070470120704700BF000002B84F
:10528000001000B070B50D46064620B9194B1B68DA
:10529000A3B1032011E001F0DFF8012828D1164B5B
:1052A00093F90040C4F11C04641BC4F11C03002BDF
:1052B000B8BF5B42232B0CDD012070BD81EAE17396
:1052C000A3EBE173DBB2232BF6D80B4B1970002054
:1052D000F3E7B5741AF012F8084AE402D36904F44B
:1052E000FF2423F4FF231C43D4611AF00BF8EEE7EC
:1052F0000220E2E7283800206745002000C000B8FF
:1053000018B9034B93F90000704790F912007047E9
:105310006745002010B504461EF0EBFB10B10120DC
:1053200001F00EF92046FFF779FD19F0E7FF074A73
:10533000D2F88C3E23F02003C2F88C3E19F0E2FF35
:105340000222034B00209A6010BD00BF001000B085
:10535000001002B8094B08465A6A91020BD4D3F8E0
:105360000021D20708D4D3F8803013F4706F14BF33
:105370000120002070470120704700BF004001B8A5
:10538000F8B50E46836B02EA010423EA01032343C6
:105390008363464A01F00B0323EA0401D1642340EE
:1053A000A2F5805277070546D36410D50121FFF797
:1053B000D1FF60B104F0A6FA4FF4007314F0040FAB
:1053C00014BF3B4A3B4A536204223B4B1A67F00628
:1053D00006D514F0100F14BF00221B22374B5A655C
:1053E00031061DD5220616D54FF40012304B1A6235
:1053F000012203F58053C3F8002119F07FFF0E212D
:105400000746032003F074F840F201222B4B384684
:10541000DA6219F077FF214605F1D80003F05AF956
:10542000F30503D5E7052AD503F032F8B00503D517
:10543000A10527D503F038F816F48C6F1DD014F4AD
:10544000806224D095F91030002B0CDA6A8BB5F805
:105450000A31934219D0B5F80C319A1A534253418C
:10546000174A82F8AC30D5F8C81028461EF0F0F97B
:105470008022144B5863144B1A610020F8BD03F0CE
:1054800001F8D3E703F00AF8D6E70123E8E773054C
:10549000E9D595F91030002BE5DA094B114683F870
:1054A000AC200A4B28461B689847DCE7006000B830
:1054B000005001B8006001B8002002B8004000B8F8
:1054C000001E00B0001F00B0000002B834370020FA
:1054D000014B1868704700BF2037002037B5012303
:1054E00000240022CDE9003400231046194603F0C1
:1054F000A3FF022002F094FA054D064B21461C60E2
:1055000002206B6898472B6803B0BDE8304018470D
:10551000F8120020283700202DE9FF4102290C460F
:1055200015469846039005D1FFF7D8FF002004B038
:10553000BDE8F08119F0E2FE184E074633683BB132
:10554000AB4205D019F0DEFE002301203360EEE708
:10555000134B0022C3F8008001233560CDE90033EE
:10556000002300251046194603F066FF0D4B02206C
:105570001D7002F055FA22462B4603A9022002F0C4
:105580006DFA0446084B039A1A60084B1B6898474B
:10559000384619F0B7FE002CC8D1D5E728370020CF
:1055A000243700206945002020370020F812002011
:1055B000044B5B6E5B054EBF0120034B187800F077
:1055C0000100704700C001B869450020014B186A0E
:1055D00002F0AEBF004001B8014B186A1EF0EABBF2
:1055E000004001B8437C5A1F012A01D9082B05D17C
:1055F0004B7C2BB1012B05D0022B05D01EF08EB9B0
:1056000002487047024870470248704720A10700CF
:1056100048E8010040420F0070B50E4619F06EFEDA
:10562000054600F03DFF044620B1284619F06AFE09
:10563000204670BD04F066F9104B3278D3F8C03EB6
:10564000022A23F0F00315D0101F424242415200BB
:1056500043EA02137278022A0ED0111F4A424A41CD
:10566000520043EA8213054AC2F8C03E0422044BAA
:105670001A67DAE70122EBE70122F2E7001000B037
:10568000002002B870B50E4619F038FE054600F04D
:105690001DFF044620B1284619F034FE204670BD97
:1056A00004F030F9104B3278D3F8C03E022A23F0D0
:1056B0000F0314D0101F424242415200134372782C
:1056C000022A0ED0111F4A424A41520043EA820385
:1056D000054AC2F8C03E0422044B1A67DBE70122E8
:1056E000ECE70122F2E700BF001000B0002002B892
:1056F0002DE9F8430E780446042E0D4690F81081EB
:105700000BD100275FFA87F9484601F013FD08B175
:105710004E4602E00137042FF4D1304601F00AFD75
:10572000002845D094F81031B34208D1AA88E36C20
:105730009A4204D16A88B4F812319A4235D084F87A
:105740001061AB883046A4F814316B88A4F812318C
:10575000AB8804F58875E364FF23E3751EF0BEFA99
:10576000A075284601F012FC18BB284601F0D8FCB1
:10577000F8B9D4F8C43053B194F81011414506D0AB
:105780002046B3F91220F2F739F984F819012046BE
:1057900001F032FE0949A4F814010123084AD1F8A6
:1057A000FC1004F1D80003F049FC0020BDE8F883A8
:1057B00001200E2384F81031F8E700BF001F00B06D
:1057C000581F00B0F8B5054690F810010C460E2899
:1057D000164622D0FF2922D01AB14FF0FF32114BCA
:1057E0001A601EF07BFA074695F8100101F000FDE3
:1057F000844228BF0446E4B2BC4238BF3C46E0B213
:10580000E87501F09BFD044616B9284601F004FD39
:10581000A4F1FF0358425841F8BD0220FCE70120E3
:10582000FAE700BF0813002010B590F810310446C5
:105830000E2B3DD0D0F8C4308175B3B3D0F8D4204E
:10584000D2B990F819318B421CD300222046FFF7C1
:10585000B9FF80B9174B1B78022B0BD8204601F0FB
:10586000CBFD15490123154AD1F8FC1004F1D800ED
:1058700003F0E4FB002010BDB0F92620B3F912308C
:105880009A42E2DD0022204694F81911FFF79AFFB0
:105890000028F0D1C4F8C40020461DF0E5FE014602
:1058A0002046BDE81040FEF791BFFF23C375E1E736
:1058B0000220E0E7F8150020001F00B0581F00B0DC
:1058C000036C012B01D100207047F0B505466549F6
:1058D0008DB01EF02EFAD5F8C46001466C8BC5F869
:1058E000C80026B1336813B15B68002B62D119F090
:1058F00005FD19F007FD0123D5F8C8108DF8063015
:10590000B389D6E90120E31A9BB200FB0322564873
:10591000ADF80430036800928B4207D028461DF092
:1059200097FF80225149524B48631A61504E00F054
:1059300093FD01280446FAD1B3689A06F7D42846A5
:105940009DF80620009906AB03F0CAF878BB6846BC
:1059500006A903F07DFA064648BB6A8B454B5A649C
:105960002B7C60F341032B7400F064FFD5F8C43046
:105970005969431E0F68DBB2FD2B029720D84B6894
:10598000012803934ED10746DE1C27D8024602A900
:1059900028461EF015F93FB9D5F83C31990543D496
:1059A0002B7C43F002032B7400200DB0F0BD0220CD
:1059B0000DB0F0BD1A68032A99D99B6A5B0E9DE76A
:1059C000FB1C13D84B68FF2808BF27460393DBD086
:1059D0003246284602A91EF0F3F8E5E70133264BCC
:1059E0005B6816D0DA1C30D80393CFE7224B01371F
:1059F0001B6818BF0127DA1C06D802934B68FF28E2
:105A00000393C1D00020C1E7FF284B6826D0039341
:105A1000C1E7DC1C1CD80246284602A903931EF0ED
:105A2000CFF8B9E70246D4E74FF4803128461DF09D
:105A3000AAFED5E94E2302400B4052EA0301B3D03F
:105A40000E49284609688847AEE7FF28A3D1D9E761
:105A5000FF28A1D10022284602A9E0E720460393AF
:105A600092E700BFFC1F00B010370020001F00B0FD
:105A7000000002B8008001B81013002004130020B9
:105A800010B50C4619B11EF034F800B104342046AC
:105A900002F0AEF9024B4042C3F8B00E002010BD38
:105AA000001000B070B58030814214BF0C46002455
:105AB000164619F023FC4FF49C530C490546CA685E
:105AC000C2F30362D340DA0702D50B6F9B030AD4FB
:105AD00020460122314600F063FF0446284619F0B3
:105AE00011FC204670BD0324F8E700BF000002B897
:105AF0002DE9F74F06461546084619B9012003B0AF
:105B0000BDE8F08F002AF9D0032904D8002101F064
:105B1000CBF80028F2D082780488037990F80590B9
:105B2000C788B0F9000002F007010028C0F2C78062
:105B3000A1F1070CDCF1000040EB0C0005292873F3
:105B400094BF0020C2F30010C2F3801C6873900958
:105B500085F810C000F00200C2F3C00C40EA0C004F
:105B6000C2F340126874AA74AF820BB996F8FE3083
:105B7000013BDBB2EB74B36BD80600F18C800639C5
:105B8000012900F288804FF001084E4B083C5B6D04
:105B90004D4BDF6B9B6B47F0005703F00703063359
:105BA00008FA03F8002308F1FF3804EA080417F89C
:105BB00004A0013404EA0804AB60631D03EA08038F
:105BC000BAF1800FFA5C717C03F1010318BFAAF1EE
:105BD000320A03EA080308BF6FF07F0AFB5C18BFB4
:105BE0004FFA8AFA41B30020D6F8D0300BB15146B3
:105BF0009847631CE87385F80EA003EA0803F95C74
:105C0000013303EA0803FA5C013303EA080341EABB
:105C10000221FA5C013303EA0803F85C41EA02411D
:105C2000002341EA00616A7C304603F0BFFA062394
:105C30002860AB71002062E742EA0323D9040FFA1F
:105C400083FB25D5D6F8C830ABB11A68022A12D921
:105C500093F82400CBF30B03DB0008B1B3FBF0F3A4
:105C60009945C0D8002BBED0C9EB0920B0FBF3F09A
:105C7000C043C0B2B8E729463046FFF7B3FC0190F5
:105C800030461DF03BFE019BB3FBF0F0C0B2E1E7F4
:105C9000385D4000EDE700230020EB730B4B5A69A1
:105CA000C2F30723120448BF63F0FF035AB212F194
:105CB000800F1CBF323B5AB2AA730346B8E70220DA
:105CC0001DE700BF004000B80040005400C000B80D
:105CD00070B54FF480640B4D0B4B0020D3F8EC6093
:105CE000C5F8EC40C5F8E04003F0ACFE4FF40053BB
:105CF000EB65730542BF054BC5F8E040C3F8EC40C7
:105D000070BD00BF006000540040005400500054BB
:105D100011F5004F1FBF01F30E01044BC1F30E013B
:105D2000002014BF99640120704700BF008001B8B3
:105D3000F8B504460E4611B9037C5A063FD44FF617
:105D4000FF73E18BD4F8C870994204D0304B1B68C4
:105D50000BB1204698472F4D2B68BB424CD02E4BA1
:105D60001B683BB11FB13A68002A47D0BF6839466B
:105D7000204698470727204601F03EFB002E31D0F1
:105D800006270126254B94F9122093F90030244967
:105D9000C3F11C039B1ACA69DB0222F4FF2203F43D
:105DA000FF231343CB61D4F8C8301E4A2B601E4B2F
:105DB000976720461E701DF0E0FE0020F8BD4FF6EC
:105DC000FF71144DD0F8C8702A6866F386139742A5
:105DD000C183037417D0104B1B68002BC2D101F094
:105DE0000BFB072711493B46114AD1F8FC1004F17F
:105DF000D80003F023F9C3E70127BCE71746204684
:105E000039469847B6E701F0F7FA0127EAE700BFFD
:105E10001C3700201037002018370020674500206D
:105E200000C000B8006000B868450020001F00B046
:105E3000581F00B048220021014820F07FBF00BF5A
:105E4000C41E00B0002373B5837464234FF0FF3584
:105E500078220E26C0E93933C0E93B33C0F8E03080
:105E60004FF6FF730446A0F8F4200376C38380F84E
:105E70001061C564C58205628584057503F0A6FCC2
:105E80002046FFF7D7FF94F912102046FFF7FAF9E2
:105E9000602340F6FF71104A2046D36402F11C4291
:105EA000D162D1650D4A2946D36440220C4B1A6752
:105EB000A26BFFF765FA002240F202231046194652
:105EC000CDE9006603F0B8FA01F050F9204602B0BF
:105ED000BDE8704004F0F8BB004000B8005000B8C6
:105EE000002002B810B50C46FFF7A4FFBCB1A378A0
:105EF000082B16D8E278082A13D843EA021313F0C5
:105F0000FF030CBF19466168074AC2F8C410217824
:105F100082F80811617882F80B3182F809110020AB
:105F200010BD0120FCE700BF001E00B0012A10B523
:105F300012D8032B10D803EB82020123074C9340A5
:105F400094F80A01DBB221B10343002084F80A313E
:105F500010BD20EA0303F8E70120F9E7001E00B0B6
:105F6000034670B50C68B0F81421013408BFD3F8AB
:105F7000E0408D6808BF0C604C68D830013404BF25
:105F8000D3F8EC404C606E1C38D1D3F8E840CE68B2
:105F90008C60751C38D1D3F8E4500E69CD600136A1
:105FA00004BFD3F8D8600E614E69013604BFD3F840
:105FB000DC604E618E69013604BFD3F8F0608E61FB
:105FC0008E693EB35A32B24238BF32460E688A6199
:105FD000C3F8E8404C68C3E93865C3E93B420A6945
:105FE000C3F8D8204A690C49C3F8DC20D1F8FC106A
:105FF00007230A4A03F022F8002070BD02F15A0478
:10600000AC4238BF2C46C2E702F17805B54238BF32
:106010003546C2E76422D9E7001F00B0581F00B020
:1060200070B519F06BF905460B4E00F015FA012812
:1060300004D0284619F066F9022070BDF36813F009
:10604000706FC3F30364F0D1B36ADB06EDD5284665
:1060500019F058F92046F0E7000002B838B519F0F9
:106060004DF94FF6FF710A4A13888B4203D119F09C
:1060700049F9032038BD074C074D1B046566A4F59C
:1060800080546366118019F03DF90020F2E700BFEB
:10609000F6150020006001B80000FFFF2DE9F34174
:1060A00004460F461546FFF7C9F880B1DFF8F481C2
:1060B000D8F81430DA0740F1D98019F01FF90646F4
:1060C000032001F0D1FD38B1304619F01BF902264A
:1060D000304602B0BDE8F081D8F8143013F0060F56
:1060E000F2D1304619F00EF9614B4FF400612046B1
:1060F000D3F8C08ED3F8946E04F034FA38B14FF46C
:10610000007201215B4B08461A67FEF7F9F994F912
:106110001030002B06DAA36B5B0542BF4FF4002260
:10612000554B1A6739462046FEF750FB504BC3F8D3
:10613000946EC3F8C08E06460028C9D1237CD806C9
:1061400001D4002D54D0C5F3400003F0A1FB02237D
:1061500015F4807F1BBF0021474A464A136717BFCB
:10616000464A13675161136303F0CCFB4FF480631D
:1061700015F0040F14BF424A424A15F0400F536213
:106180004FF004023B4B28461A674FF0400314BF00
:106190003D4A3E4AC2F88830FEF7D0FE20461DF048
:1061A00001FC38B14FF4807315F0010F14BF324A6F
:1061B000304A1367A90643D54FF6FF72A38C93426A
:1061C0000FD0334A3349526E100CC2F30112013220
:1061D000B3FBF2F308802A4A2A492F481B04486679
:1061E0005366003D18BF0125237C65F30413237417
:1061F00020461DF07EFCF0B120461DF0D3FBD0B14F
:106200004FF40031204604F0ADF9431C03229BB249
:10621000224801A91DF02EFD9DF8042002F007037D
:10622000052B9DF8053014D112070CD443F480736C
:106230001B4AC2F8A03040F6E44000F00BFE47E7EE
:10624000FFF70CFFCDE713F0040F09D19DF80630DE
:10625000ECE703F03002202A05D113F0010FF4E738
:106260004FF48073E4E79DF80630E1E703262FE75B
:10627000001000B0002002B8001002B80040005426
:10628000005001B8006001B800D000B800E000B8CC
:10629000004001B8F61500200000FFFF0840005440
:1062A000001E00B000C001B82DE9F3410646884643
:1062B00015461F4619F022F80446032001F0D4FCCD
:1062C00038B1204619F01EF80324204602B0BDE87C
:1062D000F081042001F0C8FC0028F2D1204619F01A
:1062E00011F82A4641463046FFF7D8FE04460028FA
:1062F000EBD1DFF8B880002F37D088F8000039469E
:106300003046FEF715FD002844D198F80030012BE7
:1063100028D02022204B1A67204B5B6BB3F5817F7E
:106320002BD201201DF0FAFC18F0E8FF1C4B0646AA
:106330001B6801934BB1042001F072FB0023012282
:10634000042001A901F08AFB00B301F0D5FC2B0663
:1063500017D50022134B9A6701F020FD304618F044
:10636000D1FFB2E703F086FAAFE798F80030012BCF
:10637000F8D0002BCDD10124A7E780220A4B1A6167
:10638000CFE701F00BFD03F061FAE7E703F0D2FA83
:106390000124E3E7044698E7001002B8001F00B0AC
:1063A0001437002000C001B8000002B86645002084
:1063B00008B50D4BD3F84C315A1C14D05B0012D4E5
:1063C0000A4B1B78012B0ED9082B0CD00320FEF7AB
:1063D000D1FE4FF080624FF40071054BDA67054A39
:1063E000D16201225A6108BD0080E00F65160020CD
:1063F000001002B8004000B84FF40022034B186FA1
:1064000003F500531A67C0F3C0407047000002B89C
:10641000014B024A1A607047183700205D4E010098
:10642000024B586900F00100704700BF00C001B87E
:10643000084B5A69D10707D508B901F0CDBA5B6995
:10644000DA0706D401F0BABA5B69DB0701D4002889
:10645000F8D1704700C001B80F4BDB68C3F303638A
:10646000013B0B2B0FD8DFE803F006060C060606EF
:1064700006080A0808080220704704207047052013
:10648000704703207047054B5B6913F0060F0CBF84
:1064900001200420704700BF000002B800C001B80E
:1064A000094AD368C3F303630B2B08D06FF49050F1
:1064B000184100F0010080F0010040007047106FAB
:1064C00010F48030EDD17047000002B80C4AD36858
:1064D000C3F30363062B07D8042BD8B20BD8C31E13
:1064E0005842584140007047072B06D1D2F830017E
:1064F0000028ECD17047022070470020704700BF91
:10650000000002B8094AD368C3F30363032B01D028
:10651000072B08D1536FDB0605D4906F80F008007D
:10652000C0F3C00070470020704700BF000002B8F1
:10653000024B002219681DF0BDBA00BFECF6030043
:10654000024B1B6803B11847704700BF403700205B
:10655000024B1B6803B11847704700BF3C3700204F
:1065600010B5FF224FF6FF7104461DF0C5FA68B959
:10657000FF224FF6FF7120461DF0CFFA30B92046BA
:10658000BDE81040FF2202491DF0D9BA10BD00BF7E
:1065900090F603002DE9F0411C46184B05461E6895
:1065A0000F46904646B1306801F0B4FEF3681BB167
:1065B000B368186801F0AEFE114B1B682BB1DA68A6
:1065C0001AB19B68186801F0A5FE9DF818306407A1
:1065D00044EA08425B0503F0BC6342EAC7621A431F
:1065E0002846084942F4C87203F0A8FF0022284652
:1065F0001146FFF757FA0020BDE8F081E8F60300E6
:10660000ECF603009007E12D08B5FFF77BFF90B192
:106610000A4BDA6911030ED51A6F92030BD49B6FE4
:1066200013F0100F4FF0100303D1054A00209367B9
:1066300008BD044AFAE70220FAE700BF000002B8EA
:10664000001002B8002002B838B50446F8B1124A6A
:10665000D3691B031DD5556F104BC5F38115032D51
:10666000B3F89C300DD10822083B9BB221460C4860
:106670001DF000FB0020084B25729B6F1B0A637204
:1066800038BD022D05D1023B2A469BB2EEE7012020
:10669000F6E70220F4E700BF000002B8001E00B0D9
:1066A00038400054431EDBB2FD2B14D9FF280B6881
:1066B00001D14A68134313F0802F1EBF42F201023A
:1066C000074BC3F8282251F82020054BC3F850226D
:1066D000C3F8542270470128F5D10023E9E700BF31
:1066E000004001B8F0B585B06D460E460F4B074629
:1066F00014460FCB85E80F000D4BD3F848020090ED
:10670000D3F84C2201923EB1631EDBB2FD2B0AD9B5
:106710003060FF2C00D172602246294638461DF0B9
:106720004FFA05B0F0BD012CF4E700BF98F6030066
:106730000080E00FF0B585B06E460D4B07460D4664
:106740000FCB86E80F0000F075F83146044602468C
:1067500038461DF08FFC4DB140B9FF2C1BBF04AB78
:1067600003EB8404009B54F8103C2B6005B0F0BD93
:1067700098F6030030B50C4B0546187085B0082319
:1067800080B90A4AC2F8FC3351B96C46084B0FCBAA
:1067900084E80F00074B2A4621461868FFF7A2FF3E
:1067A00005B030BD044AEDE764160020001002B8C1
:1067B000A8F6030028380020002002B838B50446A7
:1067C00001F0D8FCE0782179174A40EA0143C2F889
:1067D000CC34E579A37943EA0543C2F8D034237871
:1067E0001BB100230422F0F79DFC63782BB100233A
:1067F0000422E179A079F0F795FC2278012372B1A7
:106800000A4AC2F8C8346278022352B1074AC2F871
:10681000C834A0780021FFF7ADFF002038BD044A3E
:10682000EFE7034AF3E700BF00C0035000D0035076
:1068300000E00350014B1878704700BF6416002039
:10684000124BD3F8E020D2031ED54FF4803210490A
:10685000C1F8E020A1F58051C1F8EC201A6CD1B24A
:10686000C2F30722C3F88010C3F880200422C3F8C3
:1068700080200022C3F88020C3F88020C3F8802045
:10688000C3F88020C3F88020704700BF0040005448
:1068900000600054F8B50D461746064618F02EFD68
:1068A00001230421084C094A2363A760E66025619F
:1068B000C2F8E010064AC2F8843118F023FD0DB189
:1068C00002232363F8BD00BF004000540060005461
:1068D00000E100E00122054B1860054B1A6640F606
:1068E000FF729963D863DA65704700BF48370020AC
:1068F000004000542DE9F04F042A05460B4683B0B2
:1069000039D901260978141F81615A7803F10409E5
:1069100082619A788261DB7883610368D0F808B07D
:1069200003F0070306339E4006F1FF3A0AEA0B081C
:106930004768A6EB0802944247F000570ED8494634
:10694000224607EB080020F01FFA46EA0A0604EB8D
:106950000B023240AA6003B0BDE8F08F494607EB56
:106960000800019220F010FA019A384609EB020162
:10697000A21B4244E7E7013A032AECD8DFE802F021
:106980000B08050213F8012B826113F8012BAA6191
:1069900013F8012BAA611B78AB6103B0BDE8F08F3F
:1069A00038B50C46154601460F4B68B101220F4819
:1069B000C3F8C0202246FFF79DFF1DB104220A4BF9
:1069C000C3F8C020002038BD64B1D3F8A420A2428F
:1069D00084BF0122C3F8C0200222C3F8A040C3F83C
:1069E000C020EAE70122FAE7004000549840005432
:1069F00010B518F083FC0122174B18491A66C3F82A
:106A000090209A66164A0446DA660722C3F88C205C
:106A1000144B1A800023144A13804FF4A022C1F8AB
:106A2000E020A1F58051C1F8EC20104A1360104B12
:106A30001B6F5B020AD54FF480020E4B18680E4B99
:106A4000D8301A6750F8A01C01F044FE2046BDE87B
:106A5000104018F057BC00BF0040005400600054C4
:106A6000D01A0020F6420020F442002044370020D3
:106A7000000002B828380020002002B807220D4B81
:106A800001211A8000220C4B1A800C4BC3F8C01055
:106A9000C3F898204FF40052C3F89C00C3F8BC2000
:106AA000F022074B9A64A022A3F580539A64FFF763
:106AB0009FBF00BFF6420020F44200200040005477
:106AC000006000B82DE9F041044688B118F016FCCA
:106AD0003C4E3D4A3388032C03F0780105463B4F7A
:106AE00003F07F0C11445BD13C6824B918F00AFC18
:106AF0000320BDE8F08124F00104386820F0010093
:106B0000A04252D100223A6022888C426FEA42426F
:106B10006FEA524222803ED12D4CDFF8D0C0278848
:106B2000ACF180083A46083A92B201F1080060459B
:106B300028BF4046082A04D9B0F900E0BEF1000F92
:106B40003EDB22803B440C8888789B1A2149DBB2CB
:106B5000C4F30C044C6433804B67C1F88C204FF4B1
:106B600080221D4B00F00700C3F8E02001221B4BE0
:106B7000C3F88421FFF764FE04280CD14FF480028F
:106B8000174B1B6F174B1868174BD8301A6750F804
:106B9000A01C01F09FFD284618F0B4FB0020A8E7D8
:106BA000601E012898BF0C46A7E709486244008888
:106BB000A21A48BF803208389042A5DC284695E7E3
:106BC0000146B0E7F4420020D01A002044370020EC
:106BD000F6420020004000540060005400E100E054
:106BE000000002B828380020002002B8501B002006
:106BF0001249134B0A881B8812481344083292B278
:106C00000A801149073BC1F88C204FF480210F4ABC
:106C100003F07803C2F8E0100121034498780C4A8D
:106C200000F007000428C2F8841103D10949CA689A
:106C30001203FCD4084A1360704700BFF6420020DC
:106C4000F4420020D01A002000400054006000549C
:106C500000E100E0000002B84437002010B5054C08
:106C6000206828B1C30701D4FFF72CFF002323605D
:106C700010BD00BF443700204FF48033084AC2F8EB
:106C8000EC30A2F58052C2F8E030064BD3F88830E1
:106C9000C3F30C03782B01D8FFF7D2BD704700BFB8
:106CA00000600054004000542DE9F84304460E46AD
:106CB00018F024FB4F4B81461A884F484F4D02F085
:106CC0007801032C2D8802F07F03014417D14C4C2E
:106CD00024688CB92A44073A02F0780284180344E5
:106CE000E31A48BF8033AB4210DB484618F00AFB7A
:106CF00000242046BDE8F88324F00104EFE7012CCE
:106D000002D0022CEBD1083D0C46E8E7002E41D022
:106D10008C423C4942D1D1F8448001278A6B02F071
:106D2000070206329740D1F88820C2F30C029A423B
:106D300047DDB4F900302588002BD6DBA378C5F3F6
:106D40000C0503F007037A1EA5EB08053A43052B53
:106D5000337005EA02052CD82DB2E84340F23642E2
:106D60000421C00FFDF7BEFD7580E378264A337419
:106D700012687B1E03EA0803D118B160A9B213FAA6
:106D800085F5BD4291BF0023FF1AB780F2609CBF1A
:106D9000B180F360484618F0B5FAAAE7A4F10802FA
:106DA000824238BF04F17802B2F80080C8F30C08C0
:106DB000B3E7164B5B6D003B18BF0123A5EBC30582
:106DC000CAE70B6C7A1EA3EB08033A431A40104B38
:106DD00015B2DB6862B9C3F30363D91E4B424B4162
:106DE000DB0033700A4B72809B6FC3F30723BDE750
:106DF0000823F6E7F4420020D01A0020F6420020D3
:106E0000443700200040005448370020004000B8BC
:106E1000000002B81022024B1A70FFF7C9BA00BF77
:106E200065160020054A1378102B04D018B123EA08
:106E3000010313707047FFF7EDBF00BF6516002018
:106E4000034B0121C31A58425841FFF7EBBF00BF63
:106E5000690345EC40B1054B1A88824204D20020F8
:106E600018800421FFF7DEBF0120FAE7F842002076
:106E700010B504461DF04FF800B1A08B034BBDE8E0
:106E8000104018800020FFF7E5BF00BFF842002047
:106E900010B5104CD4F84C315B0004D401F06EFDF9
:106EA0000221FFF7BFFFD4F84C31591C0FD05A0014
:106EB0000DD4094B1878012809D9A0F108035842CC
:106EC0005841A622BDE810403121FDF70BBD01203D
:106ED000F7E700BF0080E00F65160020024A137834
:106EE00043F00803137070476516002038B5094D4C
:106EF0000446286840F6C702003818BF01202B213D
:106F0000FDF7F0FCFA235C432B680A20B4FBF3F492
:106F1000604338BD7C370020174B30B51A68431CDE
:106F2000164B22D0B2F1407F1FD3154D00F03F0425
:106F3000D5F8002122F03F021443C3F8C84001F005
:106F40003F042243C3F8D020D5F804310D4A1A403B
:106F50000D4B03EA500003EA510110431143074B64
:106F6000C3F8CC00C3F8D41030BD00200146C3F8EC
:106F7000C800C3F8D000F2E70080E00F001F00B0A7
:106F8000000002B81FF087E1E0FFFF7F73B5574EA6
:106F90000446317819B91C2255481FF0CFFE2378DA
:106FA000544A6188137051804FF0FC62524CFF21AB
:106FB000C4F8FC204FF47F02C4F808214F4A022B8A
:106FC0004F4D117033D1042307224E49C4F8FC23DE
:106FD000C5F8FC33C4F800114FF4C071C5F80011B6
:106FE000C4F8FC234FF48052C5F8FC33C5F8702177
:106FF0004FF40052C4F87021C4F808314FF4FF1365
:10700000C4F8FC304FF4BB13C5F8FC308023C4F83F
:10701000703148F2C8023C4BC3F8D8203B4B3C4A85
:107020000020C3F8C02F0123337002B070BD394A6D
:10703000012BC4F80021384B27D14FF4C072C5F89A
:107040000021D3F83802D3F83C12FFF765FF07237D
:10705000C4F8FC330223C5F8FC334FF48053C5F861
:1070600070314FF40053C4F870310423C4F8083170
:107070000DEB0300F0F79EFB9DF80530023B012B62
:107080009CBF8023C5F87031C3E7244AC5F80021AE
:10709000D3F83002D3F83412FFF73EFF0723C4F8C9
:1070A000FC330123C5F8FC338023C4F870314FF45E
:1070B000805301A8C4F87031F0F77CFB9DF80530CF
:1070C000012B05D19DF8043053B948F25D1309E056
:1070D000FBD9023B012B9CBF4FF40053C5F8703124
:1070E00048F25813084AC2F8D83097E76A4500209A
:1070F000C41F00B0F8150020002002B86916002057
:10710000001002B8C0F10F00001F00B0001000B066
:1071100050370020C0F70F000080E00FC0F60F00CE
:10712000034B1A6802609B8883800020704700BF71
:10713000F815002010B5044601F01CF80A4BD3F8EE
:10714000F83724B983F40023C3F3C04010BD012CE9
:1071500005D113F4C02F0CBF01200020F6E7A31EB9
:1071600058425841F2E700BF000002B86FF07F427A
:1071700008B5154BD3F8FC37934208D0134A03F0F7
:107180003F031370F123124A1370124A137012490D
:10719000124B09781A68A9B1B2F1A06F12D3D3F8D3
:1071A00050120F4A0F4BB1F1FF3F18BF13460E4A62
:1071B00013601CF0FDFD41F66A03B0FBF3F00B4BCE
:1071C000186008BD074BF2E7000002B86A160020FD
:1071D0006B1600206C160020681600200080E00F5F
:1071E0005082E00FCCF603004C3700207C370020A3
:1071F000012807D0022802D030B100207047034B8D
:1072000018787047024BFBE7024BF9E76A1600203B
:107210006B1600206C1600200023F0B590F810418A
:1072200085B002462046CDE90133CDF80B30FFF79B
:10723000DFFFD37D411EC9B28B4228BF0B46002C15
:107240003CD0012C38D1042418464FF00F0C394E95
:107250000DEB0405B0FBFCF7F75D013CC01BC0B2B1
:10726000814238BF00206055002CF3D105240F2740
:107270008DF80830B3FBF7F0305C0344DBB28B428F
:1072800028BF0B462B5501340B2CF3D10F2602F1EE
:107290004C00783215F8013BB3FBF6F14C1CC1EB06
:1072A00001115B1A0133DBB2E4B21B0443EA04535D
:1072B00040F8043F8242EDD105B0F0BD04241846E9
:1072C0004FF00F0C1C4F0DEB0406B0FBFCF5EDB2BC
:1072D0007D5D013C401BC0B2814238BF0020A055FB
:1072E000002CF2D105240F258DF80830B3FBF5F002
:1072F000385C0344DBB28B4228BF0B463355013464
:107300000B2CF3D10F2502F14C04783216F8013B17
:10731000B3FBF5F1481CC1EB01115B1A0133DBB281
:10732000C0B21B0443EA005344F8043FA242EDD12B
:10733000C2E700BFC5F60300B8F6030038B5284B16
:1073400005461A7827490E2A02D1FF20087038BD59
:1073500010461CF0C3FC04461046FFF749FFA84244
:1073600028BF2846C0B2A04238BF20460B78C0B222
:107370008342ECD0087088B1431EDBB2022A1A495E
:107380000ED14FF0FC62C1F8FC20A1F50051D1F8FC
:10739000FC2042EA4353C1F8FC30D8E70346EDE74E
:1073A000124A134C12685032C4F8C02F4FF47F02B7
:1073B000C1F808210F49CA6FD202C8D40F22B3FB0B
:1073C000F2F2551CC2EB02129B1A0133D1F80841AC
:1073D0001B0443EA05532343C1F80831B7E700BF54
:1073E000F815002069160020002002B82838002077
:1073F000001000B0000002B82DE9F04F90F81051D5
:107400000746C66C87B035BB1F2E38BF1F26093E06
:10741000884B89481A6A4C230168C2F38212D34010
:1074200003F00108B1424346FA7D8449DFF82CB2EB
:10743000DFF82C9214D10C78444511D19BF8004010
:10744000AC420DD17E4C2478944209D1B9F80400A5
:1074500007B0BDE8F08F032E38BF0326023ED7E702
:10746000066099F800000B70FFF7C2FEFF2A14D1E6
:1074700028461CF033FC0146B8F1000F16D0D7F8AF
:10748000C810002900F0C8800B68082B40F2C480A7
:1074900091F838A0002D51D00FE0411E914228BF35
:1074A0001146012938BF0121C9B2E5E7012D2BD0D2
:1074B000022D00F0AF80BDB3C2461CF079FC40F253
:1074C0007123B0FBF3F019237043B0FBF3F00122FA
:1074D0005146059005A81CF0D7FB4FEA4A01032945
:1074E00038BF0321040244EA00140339044300F0C6
:1074F0001F0001FA00F0FFF7F9FC0AEB0A260AEB7D
:10750000062600F5FA6860E00F23B1FBF3F35A1C7E
:10751000C3EB0313C91A0131C9B2D2B2090441EA5B
:107520000251C1F3074AC8E70F23B1FBF3F1454B02
:1075300001311B6853FA81F111F801AC1CF038FCE1
:1075400040F27123B0FBF3F419237443B4FBF3F45A
:107550004FEA0A460294B8F1000F60D13A4BAAF103
:107560004001A3FB042303A8424603931CF08CFBB9
:10757000DDF80CA0354AA4EB0A04A2FB041200902B
:107580003021049204A842461CF07EFBDDF81080F6
:107590000190A4EB08040122102105A805941CF019
:1075A00073FB009B46F480461C02019B46F01006CC
:1075B00044EA0314059B04430AEB08001844FFF750
:1075C00095FC00F50C5808F1280840F6FF72204B96
:1075D0004046C3F8C020A3F58053C3F8C040A3F5CC
:1075E00080531C4CC3F8C460C4F8008001F0D8FC80
:1075F0004FF47A72184B4042986523681049B3FBE8
:10760000F2F3A9F80430FB7DB8FBF2F08BF80050E0
:107610000B701DE78A4650E74FF0000A3AE7002258
:10762000514602A81CF030FB040244F011040298F9
:10763000C5E700BF004001B8081300206B450020DB
:10764000661600204C37002069C2F568911E856BD4
:10765000006001B880370020001F00B067160020CE
:10766000F8150020014B1870704700BF6816002005
:1076700010B5044602F0EEFF78B1174B1B786BB9DA
:1076800064B1164B1B784BB1154B1B78013B012B9A
:1076900004D84FF40042134BDA6710BD124BDB6F76
:1076A0001B04FAD417F02AFE4FF400420F4B044695
:1076B000DA67A3F5A0435B682BB1FEF7B1FE10B10A
:1076C00002201CF02BFB0222094B2046BDE8104093
:1076D000C3F8842417F016BE6C4500206D450020C9
:1076E00084370020002002B8000002B8001002B861
:1076F00000D003500122024B00201A70FFF7B8BFE0
:107700006C4500200022024B01201A70FFF7B0BF29
:107710006C45002070B50546414C00F02BFD414BF7
:1077200000201D70FFF7A4FF2378013B012B0CD82C
:107730000122217CE37B8A4030214B4342F210013D
:1077400003F1A04303F570335A500022364BC3F8BF
:1077500084248DB94FF6FF71344AC2F88410F821A1
:10776000A2F58052C2F88410C3F88454304B4FF015
:1077700080420020DA6770BD636883B31CF018FB99
:10778000626800EB5203B3FBF2F3013B1B0243F0D0
:10779000F80326782549022E264A22D0032E4FF6DA
:1077A000FF7521482AD0012E33D143F00203C1F8DE
:1077B0008450C2F884300723C0F884343021E37B3E
:1077C00001204B4341F21001227C03F1A04300FA57
:1077D00002F203F570335A50FFF74AFF17E0F8231F
:1077E000D7E74FF6FF7043F00103C1F88400C2F8F9
:1077F000843006220C4BC3F88424DFE743F00503F2
:10780000C1F88450C2F884300423C0F884340A4B91
:10781000ADE7C1F88450C2F884300023F5E700BF1B
:10782000843700206D45002000C00350006000B880
:10783000002002B8005000B8001002B8F8B51F4F81
:1078400006463D4604460FCE0FC533682B6000F058
:1078500091FC00221A4BC3F88424A17A627A42EA8E
:107860000142C3F89024217CE27B42EA0142C3F842
:107870008C24207B617B40EA0142C3F888243B785A
:10788000032B19D8DFE803F01202060C00230422B0
:10789000EFF748FC00230422217CE07BEFF742FC59
:1078A00001230422A17A607AEFF73CFC054B18789B
:1078B000BDE8F840FFF72EBF0120F8BD8437002057
:1078C00000C003506D450020034BDB6F002BBCBF95
:1078D000024BC3F888007047000002B8004000B8AF
:1078E0002DE9F0472D4B2E4C4FF47A76A3601CF017
:1078F0005FFA4FF4FA73B0FBF6F673430746294874
:10790000190E1B021818284A4FF0000341F100011C
:1079100016F0E0FCA0F580730546236320B96622CB
:107920002B21FCF7DFFF01254FF47A724FF0000A9C
:107930006A4353465008310216F0CCFC1B4BB7F596
:107940007A7F19601A4B4FEA056889460446186029
:107950004FEA152505D276222B215046FCF7C2FFAF
:1079600001264FF47A73A8FB030103FB051173088A
:10797000C01841F100010023324616F0ABFC0D4B5C
:10798000023419600C4B49F10009A408186044EA5C
:107990008974034B013C9C63BDE8F0870211010030
:1079A00000C001B820A1070040420F00A43700200A
:1079B000A03700209C370020983700201022044B6D
:1079C000C3F884215A600122024BDA60704700BF7D
:1079D00000E100E000C001B81022064BC3F884218A
:1079E000C3F88420BFF34F8FBFF36F8F0422024B85
:1079F000DA60704700E100E000C001B810B504464D
:107A0000A242A2EB0000A3EB010104D2034B013917
:107A10009B6B0133184401F0030110BD00C001B895
:107A200038B501250A4B02019D504FF4807304467E
:107A3000084A8340536617F061FC074AA540137853
:107A400023EA05031370BDE8384017F05BBC00BFA4
:107A500000E101B800E001B86E4500202DE9F84FC3
:107A6000164605468A461F4617F048FC022E00F0CF
:107A7000AF80804617F04DFC694B6A4AD3F82090DE
:107A8000547D5A6EE4B2520744BFD3F820900134BB
:107A900017F045FC644B654A1B681168A3FB09326B
:107AA00013F100434FEA847301FB093343EB0203F4
:107AB00004F00302DAF80040012E04BF0134E41898
:107AC000A3EB040308BFCAF80040B3F1804FC0F035
:107AD00093804FF0004000235549D1F800C024F0B6
:107AE0004041ECFB01035348A40F006800FB013345
:107AF0004B495148896B8B4281BF013401315B1A7C
:107B000004F00304A41A994584BF454A04F1FF34E4
:107B100004F0030488BF926BA3EB090C4455A4B195
:107B2000FC0742BF41F61F71444A5167B90742BF83
:107B3000424A434951677A0742BF0021384A916758
:107B40003C0742BF0021364A91654FF0110A4FF0C1
:107B5000010E334A05F11004240102EB051BCBF89A
:107B60000C3142F804A0136A3649A3EB09030EFA5C
:107B700005F4D2F864900A78E4B2224363450A70AF
:107B800025D34FF48073AB4019EA030F1FD1425D38
:107B9000002A40D10EB32C4AF807536607D541F6A8
:107BA0001F7140F20110254B596750675967B9079B
:107BB00006D5224B224A244924485A6748675A6707
:107BC0007A0742BF0122224B1A613B071AD4404672
:107BD00017F098FB0120BDE8F88F1E4A2D0142F8EE
:107BE00005E042F89C3C17F089FB16490B7823EA24
:107BF00004030B7017F086FB404617F083FB002050
:107C0000BDE8F88F2120FFF75FFE4FF48032044B70
:107C10004046DA60DCE70C4A40465366D8E700BFCE
:107C200000C001B80C380020983700209C37002095
:107C3000A0370020A43700206F45002000E001B8E5
:107C400000001F1F6E45002000D001B80000010198
:107C5000000002B800E101B8024B1878003818BFE4
:107C6000012070476E450020034B1030000118586A
:107C700000F00100704700BF00C001B8044B01F0E4
:107C8000F071103041F0030100011950704700BF3E
:107C900000C001B838B517F03CFB084B084A1D6A14
:107CA000547D5A6EE4B2520744BF1D6A013417F086
:107CB00036FB284604F0030138BD00BF00C001B800
:107CC0000C38002038B50B4B03EB001210300001CC
:107CD000D2F80C411D58FFF7DDFFAB0706D58442F3
:107CE00000D90139204601F0030138BD844238BF74
:107CF0000131F7E700C001B8214B10B51A6E1A66C2
:107D0000596C59B11F49C96800292EDB596D4FF0D4
:107D1000FF3301F00F018B409A4326D1102420201D
:107D2000FFF7D2FD184B9C6002F0BAFB2022174BE4
:107D3000C3F8842101F032FD48B10022002008215F
:107D4000FDF712F9124B5C66A3F580531C670D4AD0
:107D5000D36803F07063B3F1807FF9D9084B0D4A03
:107D60005A6741F201429A6710BD01F017FD0028E1
:107D7000F4D0094B064A5366A2F580521367EDE72B
:107D800000C001B8000002B8001002B800E100E035
:107D900000E001B8011B01181000002008B52120E7
:107DA000FFF792FD4FF48032014BDA6008BD00BF4F
:107DB00000C001B808B52220FFF786FD4FF48022ED
:107DC000014BDA6008BD00BF00C001B8064B1B685C
:107DD000434303EB8171054B1B68A3FB003013F198
:107DE000004341EB000070479C370020983700208B
:107DF0000C4A20F04043014610B5002014684FF0B3
:107E00000042E4FB0320084A890F126802FB0300CA
:107E1000064B9B6B984204D901330131C01A01F023
:107E2000030110BDA0370020A437002000C001B816
:107E3000F8B50646FEF7F4FA044608B1FFF7CCFDA4
:107E40000023084D084FAB613046EB612B627B7518
:107E5000FFF7CEFFC9B2797528620CB1FFF7AEFD0E
:107E60000020F8BD00C001B80C3800202DE9F04119
:107E70001D1E08BF0021214F0646B86820F470007F
:107E800040F4A000B8609DF81C409DF81830240212
:107E900044EA036444EA021444EA05440C437C6562
:107EA000D7F8348040F2B522B8F5803F4FF0180182
:107EB0002CBF00200120FCF715FDC7F84080D5B18C
:107EC0000F4BB468D3F888305A2C38BF5A245B065D
:107ED00006D500F01FFB18B10A4BB3FBF0F31C44AE
:107EE0002046FFF785FF0130804538BF0022034B55
:107EF00034BF5A645864BDE8F08100BF00C001B8C7
:107F000000C000B800093D00F8B5184D04462B6AC2
:107F10001B0426D500F0AEFB2B6AA0FB044613F031
:107F2000787F4FEA9367C3F34450C3F3044505D108
:107F300040F25E422B21FCF7D5FC0120AD01B5FBE0
:107F4000F0F010EB871005D140F263422B21FCF7D3
:107F5000C9FC0120024600232046314616F0BAF93A
:107F6000F8BD00F0D7FAA0FB0401F9E700C000B8A3
:107F70000246012030B50B4CA0F12003C0F12005D2
:107F800024FA05F504FA03F32B4304FA00F59542AD
:107F90008B4100D330BD0F2801D00130ECE7FF202A
:107FA000F8E700BF40420F0010B50C46FFF7ACFFEA
:107FB000C30943EA4163C01A61EBD111FFF7D8FF4F
:107FC000FF2814D00F220C4B40F01000C3F888207B
:107FD000A3F58053C3F88800A3F580531B6ADBB276
:107FE000802B06D02046BDE8104000F02FBB0120BA
:107FF00010BD0220FCE700BF00E000B808B5064B4A
:108000004FF030401A68054992001EF0BDFEBDE8F1
:10801000084001F0E9B800BF04F7030008F70300C7
:1080200070B50C68651C15D0C4F302669E42C4F39B
:10803000074530D1A4B294422DD804EB8506B24254
:1080400029D2141BA50824F003040E59340F04D0C0
:10805000012C09D00022012303E06B1C51F82320DE
:1080600000230260037170BD0D4C34F8133042EAF6
:1080700003431A686B1C51F8234001EB83014B68E2
:1080800022405E4036F07044EAD11B0F032B04BF40
:108090008B681A43E4E7013501EB8501C1E700BFB6
:1080A000E0F6030007B501A8EFF784FB4822164B62
:1080B0005A65164AD2F8D43023F4FC33C2F8D430CF
:1080C000134B1B689DF80530023B012B19D8402249
:1080D000104BC3F8FC23104BD3F85C32DBB2FF2B00
:1080E00000D10623094A1B03D2F8FC139BB20B43B1
:1080F000C2F8FC33D2F83021084B1A6003B05DF8A7
:1081000004FB00F007FFECE7008001B8000002B8B4
:10811000002000B0001002B80080E00F38370020C7
:1081200000224FF400710F4B10B51A675A679A6717
:108130000D4AD162012102F5E8325161DA6812F08C
:10814000706FFBD14FF0304201245A6602F5FC52A9
:1081500008329C66DA64054B1B689847044B5C61E7
:1081600010BD00BF000002B8004000B80C13002092
:10817000002002B801230F4A0F49C2F880328A6AF0
:1081800022F002028A620D4A53600D4A53600D4A82
:108190005360A2F580425360A2F54042536002F55D
:1081A000C032536002F580425360A2F50042536032
:1081B000704700BF0080005000C0005000D000B8E1
:1081C00000500054005001B808B5FFF7D3FF0E4B24
:1081D0000E4ADA6700F096FEFFF764FF03220C4BAD
:1081E000C3F8E020012203F54043DA674FF46072E0
:1081F0005A614FF40072DA67FEF71CFBBDE80840D5
:108200000021FEF7B7BA00BF000002B80048F00036
:10821000005001B82DE9F04F044687B003908A461C
:108220005AF8046B731C06D1039B2660E01A801079
:1082300007B0BDE8F08FC6F30745012D38BF012513
:10824000324AC6F3016332F81320B7B247EA024755
:10825000EA002F490492043222448A424FEA1676F9
:1082600001D38C424FD907224FF00109D34622FA9D
:1082700003F303F0010309FA06F9029309F09403EA
:1082800004F1080801950593059B0BF1040B53B904
:1082900019F0420F19D119F0280F0BD148F8087CBA
:1082A0005BF8042C20E040F2AA7232210020FCF797
:1082B00019FBF3E740F2AF7232210298FCF712FB90
:1082C00007F5805248F8082CEAE74FF4F7623221AC
:1082D0000298FCF707FB07F50052012E48F8082C1E
:1082E000DED15BF8042CD243019B48F8042C013BFF
:1082F00007F1040708F108080193C5D1049B0AEBB4
:1083000085011C448BE7002092E700BFE0F60300E4
:10831000003000B0F8B50546F0B10026154B3446E4
:108320001F46154953F8042BBAB9A00000F130409C
:10833000294600F50150FFF76DFF30B940F66102A4
:108340003621BDE8F840FCF7CDBA0C4B01340444AB
:1083500047F8265023F81640F8BDAA42FCD0013653
:108360000C2E02D031F81640DCE740F66F023621C1
:108370000020E6E7A8370020F8420020FA4200205B
:1083800070B50446A8B1C1B1384A52F8043B9842CE
:1083900015D1002336498A689206FCD49B00354AE1
:1083A00003F1304303F50153C2F898302022324BD9
:1083B0009A6070BD01330C2B02D1304D12E00123C5
:1083C00052F8041BA142F5D12D4A32F81330E1E7EF
:1083D00004D16268C3E90012083403E0012A01D124
:1083E000043419602268531CE3D0C2F3016335F8EA
:1083F0001300110C93B211F0FE0F43EA00436068C2
:108400000DD00434CAB2022A2168E1D9D4E901604E
:10841000033AC3E9001698600C340C33F3E7120FEB
:10842000072AD9D8DFE802F00704090D1013181D38
:10843000C04303F500531860CEE71A6842401A6043
:10844000CAE703F58053F6E71BF068FCC4E7012296
:1084500003F580538240F2E7012203F50053824086
:10846000EDE71A6830EA0202FBD1B5E7A837002031
:10847000000002B8001E00B0001002B8E0F60300D1
:10848000F84200200122014BDA677047001002B861
:108490000122014BDA677047002002B84022014BED
:1084A000DA677047002002B84022014BDA67704754
:1084B000001002B808B50C4B1B68D3F8C83023B1C4
:1084C0001A68022A01D9186A08BDEDF74DFC074B5E
:1084D00002469B6D98B20028F6D0C3F30743D2083A
:1084E0005343B3FBF0F0EFE728380020004001B819
:1084F000064BDB68C3F30363984206D1044A536A10
:1085000023F0F00343EA011151627047000002B802
:10851000001F00B0054B1B68D3F8C83013B11A68B0
:108520000A2A01D8FFF7C6BF186C70472838002008
:1085300010B50446FFF7BEFF0F4AD2F838311B04CE
:108540000E4B48BF40089B6C03F4C053B3F5805FEB
:108550000ABF936BC4F30113C3F34163012B02D031
:10856000022B02D010BD4008FCE7C4F3C424013440
:10857000B0FBF4F0F6E700BF004001B8004000B8DF
:108580002DE9F0470E461BF0B3FB00248046DFF8D0
:10859000B4A0DFF8B49016F0B1FEDAF80C3007465C
:1085A000C3F30363012B0BD1711C35D01BF0A0FB6F
:1085B000A0EB0804384616F0A5FEA642EBD80DE065
:1085C000052BF1D00B2BEFD0023B012B09D9013643
:1085D00002D01BF08DFB384616F094FE1848BDE81B
:1085E000F087D9F80C3013F4603FDDD0D9F81030A3
:1085F0001A04C3F3891512D4013602D01BF078FB9C
:10860000384616F07FFE2DB26FF4FF73A5F1C80057
:108610009842B8BF1846E2E716F074FEBBE7731C39
:1086200003D01BF065FBA0EB08046FEA85556FEAE9
:108630009555384616F066FE15F5007FBDD0E3E788
:1086400000FEFFFF000002B800C000B810F1800F6C
:1086500004D04D28CEBF7F20323040B2FF22044BE1
:10866000C0B21A62A3F5805318620020704700BFA1
:1086700000E000B80B4B0C491A6E70B502F007020F
:108680001E6E8C5C1D6EEDF76FFBC6F3CD0606FB10
:108690000444C5F3454505FB04448001B0FBF4F0F8
:1086A00070BD00BF004001B8D8F60300084910B5FE
:1086B000D1F89C3040B11C46CA68D1F89C309C422D
:1086C000F9D1C2F30362027003F00F0010BD00BFC6
:1086D000000002B8094B01F080011B6F03F4800316
:1086E0000B4309D14FF40012054B1A62837F1BB173
:1086F0000122044BC3F80021704700BF000002B8FC
:10870000006001B8005001B82DE9F04F0A460C4650
:1087100085B0002181461EF011FB304B5D6915F0DC
:10872000010504D00024204605B0BDE8F08FFBF71A
:10873000E1FE0028F6D04FF06051294E294B2A4A1D
:10874000D3F82080D6F88C3011624FF00061A2F58A
:108750008052116224220421C6F88C20234A4FF44F
:10876000804B91604FF480522F46DFF88CA0CAF8FE
:1087700068B0F262A74213D304211D4A9160A2F5AA
:10878000F032C2F88C304FF06052174B1A6208EA90
:108790000203184A13624FF48042174B9A66C2E7ED
:1087A000B26E5104FCD5B268D205F9D5CAF868B0EA
:1087B000D6F890200135012D0392DBD9E21B042A63
:1087C000A8BF042209EB070003A9019300921EF041
:1087D000DBFA009A019B3A4497B2CBE7000002B85B
:1087E000004000B8004001B8006001B8001002B8B5
:1087F000002002B8005001B8006000B84FF6040134
:108800004FF60502044B01201B6C9BB28B4208BF44
:108810001346024A136670470080E00F00C001B89B
:108820002DE9F74FDFF8ECB081460F46DBF808A0E2
:10883000FFF730FA4FF0FF35CDE9000100202C465C
:10884000064606F110031B015BF8033003F0030832
:10885000B8F1010F15D13046FFF734FA02460B4646
:10886000DDE90001FFF7CAF8DBF8643006F1080221
:10887000D340DB0737D5002F3ED000252C463E6085
:1088800040460136082EDCD150B3224F0AF4403363
:10889000B96B00220131A4FB0141641941F10001CF
:1088A000B3F5003F30D17B6B0AF4405A013342F1FB
:1088B0000006BAF5805F22D13D6B15F5807505FB8A
:1088C00006F642F1000203FB0266A5FB03323244C6
:1088D000594304FB0212A3FB04341444C9E90034D5
:1088E00003B0BDE8F08FA84271EB0403C8D207B112
:1088F0003E6005460C46C3E73D463C46C0E73202B3
:1089000042EA13621B02E3E73B6B13F5807342F10B
:108910000002DDE700C001B808B51BF070FA044B97
:108920005A7B012302329340024A536108BD00BFC3
:108930000C380020002000580C4A10B5D2F84C31F9
:1089400054680B4A0B49944201EA030106D103F42F
:10895000FE43B3F5807F08BF41F4A06106481BF0D9
:1089600077FA2146BDE810401BF072BA0080E00F94
:1089700014001501E0FFF01FCF13468B2DE9F84FCF
:10898000044610B90020BDE8F88F00F11703B3F5D5
:10899000801FF7D21E4A002390461E4F3D789D420D
:1089A00018D800264FF0240AFFF7C6FF21681BF0F5
:1089B00075FA61681BF072FAD4F80C90B14511D1C8
:1089C00023698342DED1062D08D048F825400135C1
:1089D0003D7003E052F8041BA14201D10120D2E70F
:1089E0000133DCE70AFB06F3A26812EB030B0CD0A1
:1089F0000BF12301B1F5801F07D2D1581BF04EFABD
:108A000004220BEB02011BF03EFA0136D6E700BF51
:108A1000D83700207745002070B52C4B0C461A78CB
:108A200012B92B4A926D1A702A4AD26F52054AD552
:108A30001D78294B05F00F06B0FBF3F040434FEAD9
:108A4000151505D140F299622B21FBF74BFF012050
:108A5000224A0A217243B2FBF0F34843B3FBF1F61A
:108A600002EB5002B2FBF0F201FB1633042BD2B240
:108A700007D8C3EB8310C3EB80035BB283B96DB23D
:108A800017E0C3F10B0303EB8303DBB2B3FBF1F39A
:108A90002B44DDB20F2DF2D9013AD2B2053DEEE7FB
:108AA000053B5BB293FBF1F31D44EBB26DB2002DBD
:108AB00004DB002042EA0512226070BD013205335A
:108AC000D2B25DB2F5E70220F7E700BF784500209B
:108AD000008001B8000002B8403B25008096980055
:108AE0004FF0000C2DE9F84FA2FB017BC84EDFF8D8
:108AF0005CE3BE1999466BF10003B6457CEB0303BA
:108B000008D240F259220E216046FBF7EBFE02200C
:108B1000BDE8F88FD0F8C8A00C461546BAF1000F92
:108B200004D0DAF80030032B00F21A81B94BBA4AAC
:108B30009B6BD2F8FCA0C3F31408B84BD3F8EC300D
:108B40005800B64B48BF48F400181B6E48EA456809
:108B500059074EBF4FF440039B0503F0E07348EA0A
:108B60000308EDF701F9012D0646D0D10028CED03B
:108B7000AB4B984200F0038103F5122303F5F86331
:108B8000984200F00281A74B984200F03081002506
:108B900002462B4600204FF0007115F09BFB2B4640
:108BA000013007FB03F3C8F3130100FB0B33A1FBF8
:108BB0000662A7FB007001FB0522034420339B09DA
:108BC000C9F80030F60C984B46EA423618F4801F7C
:108BD0001C6008BF7642954B954DC9F8144034444B
:108BE0001E602C60BAF1000F00F0B880002391499C
:108BF000C8F381528A5C194618F0807F18BF640858
:108C0000002EB8BF764292066008C2FB06012246DB
:108C100015F060FBDAF800300E2B08D97F4B7D4A47
:108C2000916BDA69D3F80C31D20600F1CD8018F4DB
:108C3000001814BFC42240F207127F4EC0F3130085
:108C4000C9F80400A6FB04064FEA561602FB06F616
:108C5000DAF818104FF4FA73B6FBF1F618BF4FF0BC
:108C6000000806FB03F3A4FB0202FA33A3FB013165
:108C700004FB08228342914138BF0136F6B246F424
:108C8000006CC9F808C0002E7DD0DAF81C00A6FBE5
:108C900000311CB1B4FA84F20E2A7DDDE203002912
:108CA00077D1B2FBF3F2530003FB0663A3FB007121
:108CB0004FEA044EBE454FEA144474EB010109D358
:108CC00076003344A0FB0371BE4574EB010102F151
:108CD0000102F6D2C2F30E024CEA023343F0006303
:108CE000C9F80830EDF740F82B68002B00F08A80B7
:108CF000B3FA83F4D4F102044CBF1C4623FA04F403
:108D00004E4B9C4288BF6408002867D0B4FBF0F348
:108D1000642100FB134201FB02F2904265D85A1E07
:108D200052085B08013B120242EA0313C9F80C30F7
:108D3000ECF7EAFF00285ED0B4FBF0F2642100FB00
:108D4000124401FB04F4A04260D8531E5B08520891
:108D5000013A1B0243EA0213C9F810300020D7E69B
:108D6000042BDAF828807FF4FCAE18F0807F0CBF6B
:108D700008F0E0734FF4400328F0E078EFE60023BA
:108D80002F481D460DE70120C2E600232D481D4651
:108D900007E73346002289E7C2F10F0702F1110EFF
:108DA00001FA0EFEFB4043EA0E03A7F1200E21FA62
:108DB0000EFE43EA0E03F940013341F1000104FACB
:108DC00002F20029E5D16CE701F4801103F40013ED
:108DD000194308BFC0F5801029E7044640F2DD4280
:108DE0002B210020FBF77EFD2346013B97E7002364
:108DF00015481D46D5E64FF4A0622B21FBF772FD06
:108E0000621EA2E70028E8D01C46EEE71446F7E70A
:108E1000006CCA88008001B8001F00B0004001B893
:108E200000F04902005A6202F8370020F4370020AF
:108E3000F0370020F0F60300D34D62103FBE40250E
:108E40000A3BB2DF313641DCD694BFD6807C814A02
:108E500010B50B46044686B039B9827901682148BD
:108E60006B460068FFF73CFE6B461F4A196851636A
:108E70001E4AD2F8FC2062B35A6842B11C4A1D490E
:108E8000C2F80C115968A2F58052C2F80C119A6808
:108E900042B1174A1849C2F8EC109968A2F58052FD
:108EA000C2F8EC101549D868D1F8642122F4EE62BA
:108EB0000243C1F86421D1F85C21186922F4EE6202
:108EC0000243C1F85C21A1F5FF4158692839FFF739
:108ED000A3FD0020A2880A4B9A6203F5A033186410
:108EE00006B010BD28380020008001B8001F00B077
:108EF000006001B8FFFF0F00FFF8FF0F000002B88D
:108F0000004000B84FF48062014BDA67704700BF41
:108F1000001002B84FF48062034BDA67034B1B78F2
:108F20000BB1034A93657047002002B878450020D2
:108F3000008001B80523054A538692F8313003F0CA
:108F4000010363F0730382F831307047001F00B0F3
:108F500008B50A4BDB68C3F30363022B0CD11AF08C
:108F6000C8FD30B1064B93F8AC2012B1002283F853
:108F7000AD208022014B1A61002008BD000002B81C
:108F8000001E00B040B10368012B05D90069034BF6
:108F9000002808BF1846704700487047F8F60300DD
:108FA000084BC1171A68A2FB000302FB013310F142
:108FB000807043F10003400E40EAC310803820EA7D
:108FC000E0707047003800200722164B70B5DA6653
:108FD0001AF0EEFE144BC408010B0546E005C0185C
:108FE000124A41F10001002315F074F9104B114EA3
:108FF00018604EF66020FFF7D3FF4042C6F88400A9
:109000000D48FEF7F5FE024658B1E3015008181866
:109010004FEA15714FF0000341F1000115F05AF9C4
:10902000F06570BD000002B8B2E60E0065CD1D000F
:1090300000380020001F00B040420F002DE9F0472B
:10904000064608469846FFF79DFF154607461EB39D
:1090500008F0020918F0040820D1B9F1000F1BD064
:109060004FF47A7073685843002B40F08680FFF706
:1090700097FF68627369002B00F085804FF47A7265
:10908000B86802FB0300A0F503501038FFF788FF13
:109090002862B8F1000F52D1BDE8F087306900288E
:1090A00062D04FF47A735843BB68A0F6AC50C01A34
:1090B000FFF776FFE861B08B002858D04FF47A7341
:1090C0005843BB68A0F6AC50C01AFFF769FF28618F
:1090D000324BF468D3F800A0002C4BD04FF47A73D5
:1090E0005C43BB68A4F6AC54E41A7B68E41A2C4BCE
:1090F000E1171A68A2FB044302FB013314F18074E8
:1091000043F10003640E44EAC314803C254B6C61B8
:10911000DB6E254CAB6123684BB150461AF0E9FC7D
:1091200028B12A4639462368DAF87C009847B069A6
:1091300000211AF049FFA862B9F1000F90D1B06880
:1091400020BB47F23050FFF72BFFA8604FF47A7036
:109150003368584323B13B6803F51C53103318445C
:10916000FFF71EFFE86097E74EF66020A0E74EF697
:109170006020AAE74EF66024B9E73B6803F51C536C
:109180001033184473E747F230507FE74FF47A7397
:109190005843A0F503501038D5E700BF2838002009
:1091A00000380020001F00B0FC37002010B5084632
:1091B0001C461AF0A4FD094B0246D3F8FC00FFF749
:1091C000E1FE4368A018002B054AA8BF4FF4FA72CD
:1091D0001A44044B92FBF3F2104410BD001F00B080
:1091E0000CFEFFFF18FCFFFF70B5124C88B001ADFC
:1091F0000FCC0FC594E8070085E80700EC2200219A
:109200000D481DF09BFD882200210C481DF096FDA5
:109210000B4B0C4ADA61FFF78DFE0B4B1B783BB111
:10922000044E01AD0FCD0FC695E8070084E8070096
:1092300008B070BDC41F00B0141F00B08C1E00B079
:10924000001F00B0101111116A4500200A4B197857
:1092500001F0FF0229B10021197008499202C1F8FA
:10926000B420597801F0FF0229B10021597093020E
:10927000024AC2F8B830704779450020005000B863
:10928000064BD3F8C00E064B5B6F1A0103D4054B97
:109290009B6E1B0401D500F580707047001000B074
:1092A000000002B8004000B808B516F027F80E4BD1
:1092B0001A78A2B90D4A126812F4843F0FD10C4AF1
:1092C0001021D1671B7863B9084B1B68DB0508D4F4
:1092D000074B2022DA67BDE8084016F013B8054AAC
:1092E000EEE7044BF5E700BF7D450020501B002052
:1092F000002002B8001002B810B515F0FFFF0E21D3
:1093000004460320FFF7F4F840F20122034B204605
:10931000BDE81040DA6215F0F5BF00BF004000B8AC
:109320000022044B1A70044B197811B11A70FFF720
:10933000BBBF70477C4500207D45002008B515F077
:10934000DDFF4FF00042224BC3F88020BFF34F8F68
:10935000BFF36F8F0122C3F88420BFF34F8FBFF399
:109360006F8F0222C3F88420BFF34F8FBFF36F8F3C
:109370000422C3F88420BFF34F8FBFF36F8F0822FE
:10938000C3F88420BFF34F8FBFF36F8F1022C3F851
:109390008420BFF34F8FBFF36F8F2022C3F8842048
:1093A000BFF34F8FBFF36F8F4022C3F88420BFF30A
:1093B0004F8FBFF36F8F4FF48072C3F88420BFF3D9
:1093C0004F8FBFF36F8FBDE8084015F09BBF00BF04
:1093D00000E100E008B515F091FF4FF00042094BA5
:1093E0001A6001225A6004225A6008225A60102230
:1093F0005A6020225A6040225A60BDE8084015F0A9
:1094000081BF00BF00E100E0012370B5074C23706D
:10941000074B1E68074B3240D3E9005319402840E0
:10942000FBF7A2FD0023237070BD00BF7B45002029
:1094300008380020501B00202DE9F047DDF820A05F
:1094400003EA0108099B06460C4602EA000703EA04
:109450000A09BAF1000F40F04E81031F0B4300F0E0
:109460000E81052871F1000380F0E48050EA0103C9
:1094700000F06081431E0B4300F02481FFF75EFF84
:10948000AD4AD2E9005323EA040325EA06053D4329
:1094900043EA0807A94BC2E900571E68DFF8F482C7
:1094A00026EA0A0646EA09061E60FFF7FDFE15F0E9
:1094B0002A4F14BF48F202034FF40043A04AB007FA
:1094C000D26EA04848BF43F4005383EA020122EA67
:1094D0000302C2669C4A0B408166D366C5F3804294
:1094E0001203290348BF42F48072EB0648BF42F4DE
:1094F0000052964BAC0648BF42F400726806D3F89F
:109500000C3248BF42F48062290648BF42F4006230
:109510008F4882EA030123EA0203C0F80C328D4B24
:109520000A40C7F34024A404C0F80812C3F80C2270
:10953000EA0448BF44F48034AB0348BF44F48014C9
:10954000A80748BF44F4800415F4001F06D0D8F8DB
:1095500000001AF01EFE08B944F40024E90248BFD6
:1095600044F40034FA0648BF44F4000473077A4B0D
:1095700048BF44F004041A6A44F4001484EA020365
:1095800023F0010375491A400A621C40CB61744BF9
:1095900016F0010F1C62734B734A18BF1A46734BC7
:1095A0007C071B6F48BF42F00062714882EA0301EA
:1095B00023EA020303676F4B0A4041661A676E4A4B
:1095C00005F00103516CA0F5803081EA030221EA25
:1095D0000301416482631A40684B28025A64D8F838
:1095E000002048BF664B92F8292158BF654B690798
:1095F00048BF43F4806322B115F4C06F18BF43F431
:1096000080733207604A48BF43F00043D2F8EC1041
:109610005E4883EA010222F4A0221140C0F8EC1057
:109620001340C0F8E0205A4ABDE8F047C2F8EC30D9
:10963000FFF7D0BEA0F580630B4306D020F4806313
:10964000A3F500730B437FF419AF15F057FE3A49A9
:10965000D1E9003223EA060322EA040242EA0802C0
:109660003B43C1E900324B4A126892F82911474A3C
:1096700009B313F4C06F1ED04FF4807311E015F0DE
:109680003DFE2D4AD2E9003123F004033B4341EA79
:10969000080157EA0807C2E900314FF480633B4AEA
:1096A0000BD0C2F8E030A2F58052C2F8EC30BDE831
:1096B000F04715F027BE4FF48073C2F8EC30C2F8C3
:1096C000E030F4E715F01AFE1B4AD2E9003123F02E
:1096D00001033B4341EA0801C2E9003101232E4A5C
:1096E00057EA08071BBF9363A2F580525364536483
:1096F00008BF9363DBE750EA01037FF4BFAEBAF122
:10970000010F7FF4BBAE15F0F9FD0C4A136823F08E
:10971000010343EA090313604FF48063144AB9F16B
:10972000000F04D05366A2F580521367BFE713679A
:109730005366BCE7BDE8F087501B002008380020C6
:10974000004000B8006000B8005000B8004001B808
:10975000006001B8005001B8000002B8002002B853
:10976000001002B8041C00030418000300C001B874
:1097700000E001B800D001B800C000B800D000B8C7
:109780000D0A0A09090A0A09004000540060005441
:10979000005000542838002000E000B8024B586800
:1097A000C0F3C000704700BF501B0020024B186878
:1097B00000F00100704700BF501B0020024B5868AA
:1097C000C0F3C030704700BF501B002010B50446E6
:1097D000FEF7FAFCFFF7B2FD04F18000FDF74EF949
:1097E000FEF79EFCFEF77CF8FEF7E8F8FFF7ECFBCF
:1097F00013490723134AD1F8FC1004F1D800FFF7EE
:109800001DFC4FF080710020FEF738FA4FF0007217
:109810000D4B4FF400110120C3F80021FEF72EFA82
:10982000FEF7ECFF20B940F2E7221421FBF75AF8CB
:109830001AF0C8FBBDE810400120FDF76BBF00BF68
:10984000001F00B0581F00B000D001B88022074BA5
:109850001A67082203F580531A67054AD2F88C3E2E
:1098600023F02003C2F88C3E704700BF001002B8FE
:10987000001000B008B515F041FDFFF7E7FF012229
:10988000024B1A61BDE8084015F03CBD000002B86B
:10989000F8B5194C0546207840F20642B0FA80F03F
:1098A0003E214009FBF71EF855B9607840F20642A8
:1098B000BDE8F840B0FA80F03E214009FBF712B84D
:1098C0004FF440660D4F0E4DD7F8B43040F20642CB
:1098D000C3F381232370C5F8B46060783E21B0FAE9
:1098E00080F04009FAF7FEFFD7F8B830C3F38123C0
:1098F0006370C5F8B860F8BD79450020004000B835
:10990000006000B8F8B5084C084D236F0423084FD9
:109910002B67236F5B0300D4F8BD042602203E674B
:109920001AF0FCF92E67F4E7000002B8001002B844
:10993000002002B8A82238B51A4B1D6F03F500535A
:109940001A6710229A60A3F5804302F100521A6749
:109950005A66FFF77BFC144B1B7813B90320FEF704
:109960005FF80024114B9C67FFF7CCFF104A114BA6
:10997000D2F8C01E0B40C2F8C03E04220E4B1A673C
:109980000E4BAA06C3F8944008D503F580735B6BB1
:10999000B3F5817F22BF8022024B1A61BDE83840B7
:1099A000FCF75CBB000002B88045002000C001B895
:1099B000001000B0DF0000FF002002B8001E00B061
:1099C00010B549B930B3164AD3681B0E13F00E0F09
:1099D00020D193689A061DD4FFF78EFC104C00200E
:1099E000FEF764FE032801D0092805D1636FDB036D
:1099F000F5D4E36D0C2BF2D9FFF784FF4FF400721E
:109A0000084BDA62012203F5E8335A61042203F5B8
:109A100080531A674FF4C062034BDA6210BD00BF77
:109A2000000002B8004000B8006001B808B503218A
:109A30000920FEF75DFD2022014B1A6108BD00BF21
:109A4000000002B838B5054615F058FC0446FCF78E
:109A5000CFFF35B1FFF764FC2046BDE8384015F074
:109A600051BC084B1B78002BF6D0074B1D78002DFE
:109A7000F2D1FFF755FC2A464FF480400021FFF752
:109A8000C3FCE9E77C4500207B4500202DE9F84F29
:109A90005F4B06460D4614461B6F002A40F0B1800E
:109AA00013F0A00F14BF4FF001094FF00009FCF7AD
:109AB000D5FAA0234FF0000ADFF870810320C8F820
:109AC0007030FDF7ADFF0420FDF7AAFF514FFFF7FF
:109AD00027FC514B4FF0040B7B67C7F878A0FFF7CA
:109AE00011FF4E4B4FF48071D3F88C2E42F02002C0
:109AF000C3F88C2EFF22C8F80820454A1161D3F81C
:109B0000C02E47491140C3F8C01EC8F870B0C3F852
:109B100094AE7B6913F0060F04D0FEF74BF958465C
:109B2000FDF77EFFB9F1000F08D04FF400623D4B06
:109B30001A674FF40042A3F5E0339A6666B13A4BD8
:109B4000DB6C180701D4FFF7D7FBFFF76FFF04208A
:109B5000FDF766FFFFF77AFB2D4B5A69D1074BD50E
:109B6000DA6812F0706FFBD1304B314A1A67314A14
:109B7000536A23F0F003536215B12046FFF762FFEA
:109B80002D4BD3F84C315A1C05D05B0003D42B4B22
:109B90001B78012B38D80122244B5A6164B3224B25
:109BA000DA6E03F500539A6603F5D0331B6A1F4A39
:109BB00023F00103D361224BD3F80C1203F50053B9
:109BC000C3F8081203F50053D3F8841003F50053CB
:109BD00099671C4BD3F8EC1003F50053C3F8E01061
:109BE000194B596C03F500539963184903F58033F9
:109BF00059664FF6084313670020BDE8F84FFCF79D
:109C00009FBC4FF0000952E7082BC7D1C3E700BF44
:109C1000000002B800C001B800000101001000B04F
:109C2000DF0000FF001002B8004000B8002002B8BA
:109C300010003000001F00B00080E00F651600200B
:109C4000004001B80040005400C000B85000002F90
:109C50009B4B2DE9F04F9F6EDB6E85B01F40994BFB
:109C60009F66994BD3F8E050D3F8EC301D40974BEA
:109C7000C3F8E050964BD3F80822D3F80C3202EA2E
:109C80000309944BC3F8089203F52043DA691B6A71
:109C900002EA0308904B914A08EA0303D361904B10
:109CA000D3F80422D20605D4D3F80431C3F3001646
:109CB000DB0650D515F022FB8A4B5A695E6E1B6F8E
:109CC00012F0060F06EA0306874A26F0007314BF57
:109CD0004FF0010A4FF0000A23F400637407536643
:109CE00004D5824A537D0133DBB2537515F00AFB6C
:109CF000002F00F0E18017F4004300F0D28015F04F
:109D0000FDFA0146FFF7BCFA0446DFF8D8B1DBF8EC
:109D10002020DBF820309A42FBD0DBF82020934251
:109D2000FBD0FFF7ADFAA04217D1084615F0EAFACA
:109D30006F4B1C606F4BD3F870B01BF4E0520ED128
:109D400024F07F4424F0DF040CB9FFF7F3FD4FF05B
:109D5000807B002414E0B246CAE70446D7E70192AC
:109D6000FFF7E8FD5D4B019A1BF480541A6740F041
:109D70009A801BF4806F0CBF4FF0805B4FF0806BBC
:109D8000B80715D55B4A5548126F02F46041016768
:109D9000002900F08B80110400F18B8012F4005F29
:109DA0000CBF4FF000524FF0006200244BEA020B50
:109DB000C7F340377F00504A2A40002A4AD015F4A2
:109DC000206F0AD040F60F0206210020FAF78AFD24
:109DD0000020FFF737FE25F48025EB0506D5FF218F
:109DE0003E4A4BF4C06B9160FFF786FA15F0090FFD
:109DF0000AD040F6240208210020FAF773FDFFF78D
:109E000015FE0121304A116315F0106F0CD040F699
:109E10002D0209210020FAF765FDFFF707FE002259
:109E200011461046FCF7BCFD15F4202F0AD040F671
:109E3000350207210020FAF755FD0020FFF702FE4A
:109E400025F48025E80301D5FCF716FF002DB8BFE7
:109E500047F0080769070DD51B4AD26A12F4005F64
:109E60004FF4005217BF19492449CA624BF4000B42
:109E700008BFCA626A0548BF4BF0040B15F4802383
:109E8000019300F0A180FCF7B3FE0138062837D813
:109E9000DFE810F02501280125012B012E013101F9
:109EA00031019B4655E74FF0804B52E74FF000726F
:109EB0007BE74FF0004278E7BB463C467BE700BFBC
:109EC000004000B8006000B800400054006000543A
:109ED000004001B8006001B80000F7FF002002B8A0
:109EE00000E100E000C001B800E001B80C3800203B
:109EF00004380020000002B8090B0B890050005400
:109F000040F6660203210020FAF7ECFC01218448A8
:109F1000826ED0F8883002F00702063201FA02F2AF
:109F2000C3F30C0CA2EB0C0292B2072A12D97D4AA1
:109F3000126F53020ED47C4B826B806D5B6D5BB1F4
:109F400002F0070206329140C0F30C00091A89B2F0
:109F5000072901D84BF4007B744A1278002A33D0C9
:109F60006F4AD2F8E02012F4A02F2DD1704A714927
:109F700012789AB9F20411D40A787AB14FEADB0266
:109F80006D4842EA447282F00102D0F8C00E02F03D
:109F90000102520020FA02F2930715D10420FDF7C6
:109FA0003FFD664A66485067FFF7BAF961490A788B
:109FB00032B9644A644912680BEA02020A4201D1CA
:109FC0004BF4804B26F48056B9F1000F1DD019F4E4
:109FD000805F18BF4BF4802B19F4807F18BF4BF4BF
:109FE000002B19F4005F18BF4BF0100B19F4007F21
:109FF00018BF4BF0200B19F4806F18BF4BF0400BCB
:10A0000019F4006F18BF4BF0800BB8F1000F48D067
:10A0100018F4001F0AD04D4A13683BB1414A4C481E
:10A02000116F00680022C1F3C061984718F4802FB7
:10A0300018BF44F4007418F4803F18BF4BF4805BE1
:10A0400018F4801F18BF4BF4003B18F4800F18BFA2
:10A050004BF0020B18F4003F18BF4BF4801B18F4B0
:10A06000000F18BF44F0100418F4002F19D0324A22
:10A07000D2F88C2E12F0C00F13D02A49CA68C2F34E
:10A080000362032A01D0072A05D14A6FD00602D401
:10A090008A6F120732D54FF400212E4A28F4002887
:10A0A000D161002E00F01881330540F18C802A48E0
:10A0B000DFF88890C2782949002A55D04FF4006310
:10A0C000013AD2B24B66C27032B9254A1278C2B197
:10A0D00040F60141234A51670022002170E04BF411
:10A0E000803B13E74BF4006B10E74BF4806B0DE7FC
:10A0F0004BF4807B0AE74BF0080B07E74BF4001B9F
:10A10000CFE7D9F8782012F4A05F15BF4FF4807222
:10A1100040F60142C9F85820C9F87820DCE700BFB2
:10A1200000400054000002B8004000B87D45002007
:10A130007C4500207E450020001000B000C001B822
:10A1400000000101501B0020088D01003437002061
:10A1500028380020002002B86F45002000E001B838
:10A160008045002000D001B80320FDF759FCD9F844
:10A170001420A84B12F0060F04BF41F61F72A64927
:10A18000A64808BF4A674FF40061A34A5166D9F850
:10A19000142012F0060208BFC9F87820DA8A12F4F7
:10A1A000006162D022F40062DA82027802F0FF09D4
:10A1B000002A5ED1FDF7FEFDFFF7BCFB4A462021D9
:10A1C0004BEA020B0C43B00009D52E20FDF77CFBB7
:10A1D0004FF00051904A44F0080411675166F106AF
:10A1E00006D52B20FDF770FB10218B4A11675166B5
:10A1F00016F0306F05D1F20463D5BAF1000F00F00C
:10A20000C080330117D52920FDF75EFB844A526CCC
:10A2100012B11021834A9160FFF7C0FA48B1824A17
:10A2200082487D494A66026700F54050C068400494
:10A2300022D444F0040416F0007A28D00420FDF75C
:10A24000EFFB2720FDF740FBFFF774FB4FF0007199
:10A25000714A5166764AD2F8C01E4B0679D4022163
:10A26000704A916044F0020428E002784FF40052F2
:10A27000A6E74FF4004230E70A6720204A66FDF760
:10A2800023FB2D2044F00C04FDF71EFBD3E716F052
:10A29000807FDFF88C9147D00420FDF7C1FB282098
:10A2A000FDF712FBD9F87820002A3AD1FFF742FBDC
:10A2B000594A5D4944F00104116751660021584A2A
:10A2C0009165720508D55B498A78002A00F0D8802C
:10A2D000013A8A7000221743554AD2F88C2E130691
:10A2E00003D558462146FCF733F93A4658462146ED
:10A2F000FFF78AF8019B0BB1FCF7B0FC01224E4B33
:10A3000005F00435C3F8E0504C4B18F4002FC3F8A7
:10A3100084211EBF4FF40022424BDA6105B0BDE834
:10A32000F08FC9F878A0C3E7F204C7D50420FDF781
:10A3300077FB434AC9F87420FDF73CFDD9F8642047
:10A3400012F0407FBAD12A20FDF7BEFAFFF7F2FAE9
:10A3500080E7D2F88C2E900684D40221394A91608D
:10A36000394A126892F91020002ABFF67BAF374AAB
:10A3700092F8AC20002A3FF475AF8021344A116175
:10A3800070E7344A1268013202D04BF0010B98E7B3
:10A3900028490A7952B1013AD2B20A7112B9234A54
:10A3A0002D49516700224BEA020B8AE70420FDF792
:10A3B00037FB0320FDF734FB194A2149516714F09C
:10A3C0009DFF81460DF10F00FEF770F9234A82468A
:10A3D00012780AB1FEF790FFBAF1030F0ED1DFF841
:10A3E00070A00020FEF762F9032807D1DAF8742084
:10A3F000D103F6D4DAF85C200C2AF2D99DF80F20AC
:10A40000032A2FD10121164A4846117014F07AFF11
:10A41000C8E700BF0C38002000E001B880450020EC
:10A4200000C001B8002002B81000002000D001B820
:10A43000001000B06F4500200060005400E100E013
:10A4400000000101001002B828380020001E00B0F2
:10A45000000002B8001300200000010D7F4500201D
:10A460007C450020094AD2F8E02012F4A02FC9D17F
:10A47000FEF756FF484614F045FF4FF4804292E73E
:10A480000220FDF7CDFA012225E700BF004000546D
:10A490000122024B1A62DA61704700BF002002B845
:10A4A0000C4B10B5DC691A6A14400B4AA1B2D16199
:10A4B000E20704D5D868C0F30360FFF7E9FF63073C
:10A4C00006D5BDE81040042200200021FEF79CBF05
:10A4D00010BD00BF000002B8002002B80C4A08B549
:10A4E000936B526C13400B4A9363DB070FD50A4BF7
:10A4F00040F6AC221878122100F00100FAF7F2F9C8
:10A50000BDE80840002201200021FEF77DBF08BD04
:10A5100000C000B800E000B8501B0020054AD2F887
:10A520008430DB07FBD4936FD2F884201340024AB7
:10A5300093677047008001B800A001B870B5144659
:10A540000D4614F0DBFE064BD3F88C6E74402C40A5
:10A550007440C3F88C4E14F0D5FE06EA050070BDB9
:10A56000001000B0034BD3F88C3E99430CBF012080
:10A5700000207047001000B02DE9F04117460A4353
:10A58000012A1D469DF818409DF81C60DDF82080CA
:10A5900029D8B44227D2082E25D8032B23D8B8F1C6
:10A5A000000F20D00A460021FBF7C0FCFF21EB0082
:10A5B0009940C943DFF834C008F1FF38FF00E2B228
:10A5C000964202D80020BDE8F0813D190CEB8505CC
:10A5D000D5F8C82018F8010F0A4098401043C5F874
:10A5E000C8000134EBE70120EDE700BF001E00B01A
:10A5F000034B1868034B002808BF1846704700BF7C
:10A600002438002010130400F8B50D4610B90024BA
:10A610002046F8BD0E4F3E68002EF8D1F9F70CFF2A
:10A6200004460028F3D03860F9F752FF204618F0AE
:10A63000F0FF38B130463E60F9F74AFF204618F087
:10A64000E3FFE4E7002DE3D02046A847E0E700BFA2
:10A6500028380020024B1868003818BF01207047C6
:10A66000283800200021024B08465B68184700BFCD
:10A67000F812002010B519F010FA044618B9034B6F
:10A6800001215B689847204610BD00BFF8120020EA
:10A6900010B5FBF709FE044618B9034B01215B68AE
:10A6A0009847204610BD00BFF812002010B519F0E1
:10A6B00010F8044620B90121024B08465B68984710
:10A6C000204610BDF81200204FF4007307B50A4968
:10A6D0000DF10602ADF8063019F024FDBDF8063084
:10A6E000B3F5007F05D1022808BF002003B05DF854
:10A6F00004FB0120FAE700BF2C38002038B50D46D6
:10A70000044614F006FE064A13889BB22DB123437B
:10A710001380BDE8384014F002BE23EA0403F7E7D3
:10A72000144300200022034B01214FF480701A7063
:10A73000FFF7E4BF8745002008B5054B186819F0FE
:10A7400079FC00F00300C31E5842584108BD00BF09
:10A75000443A00200023F0B585B0CDE901330393DE
:10A76000124B134D1B78134E8DF8043014F0D1FDAD
:10A770002A78337804469A420F4F0CD031783868E3
:10A7800001AA2970FFF792FF50B140F699110B48CA
:10A79000EFF7C2FB04E0386819F04CFC0128EDD05B
:10A7A000204614F0BCFD05B0F0BD00BF78160020B7
:10A7B0007516002076160020443A00203813040055
:10A7C00038B5044614F029FC0C4B054619789878E6
:10A7D00081420FD0631E082B0CD8DFE803F0050D73
:10A7E0000B0D0B0D0D0D0D0000220146044B1868DA
:10A7F00019F01EFC284638BD0022F7E77816002025
:10A80000443A0020F8B52B4B1B7823B140F67B313E
:10A810002948EFF781FB14F07CFD284B06461C8885
:10A8200014F0060409D001214FF48070FFF766FF91
:10A830003046BDE8F84014F072BD21464FF48070F8
:10A84000FFF75CFF204602F02FF802280AD1802291
:10A850001B4B8021186818F03AFF15F08DFDFFF7AB
:10A8600079FFE5E7204602F01FF8054638B10128D8
:10A8700007D040F6BD311048EFF74EFBD8E702464F
:10A88000E6E70F4F3868FFF7EDFE386819F0D2FBA6
:10A8900001280CD02A462946386819F0CDFB2146FC
:10A8A0002C20FFF78DFF21460A20FFF789FF15F0C6
:10A8B00064FDBDE7874500203813040014430020E1
:10A8C000443A002038B54FF0FF300C461CF071FAC6
:10A8D0000A4B054618681CF06CFA641B241A20B257
:10A8E00010F1630F06DB10F1240F05DA64308000ED
:10A8F000C0B238BD0020FCE7FF20FAE7443A002050
:10A9000010B50E4C236823B940F62C410C48EFF7E4
:10A9100003FB2068013019F0B1FC00F007000328A8
:10A920000AD1246809220121204601F0D3F8205CD5
:10A93000031F5842584110BD0020FCE7343A002064
:10A940003813040008B5134B1B78062B04D040F2D3
:10A95000DF711148EFF7E0FA104B1B881B0704D496
:10A960004FF4FC610C48EFF7D7FA0D4B2A20197809
:10A97000FFF726FF00210820FFF7C0FE0222094B47
:10A980001A70094B1868FFF76DFEBDE8084016F015
:10A99000CBB900BF874500203813040014430020C2
:10A9A0008445002073160020443A0020002101480D
:10A9B00002F024BE5C1300207F2837B5044612D174
:10A9C0004FF6FF7318490246ADF806300988022396
:10A9D0000DF1060015F0F8FCBDF80640E2054CBF8D
:10A9E0006FF04A0464B214F094FC104B05461C70DE
:10A9F0000F4B1B88DB0710D50E4B1B78002B0E4B23
:10AA00000CBF21466FF07F01186818F081FE20B15D
:10AA100040F602610948EFF77FFA284603B0BDE827
:10AA2000304014F07CBC00BF16C403006D1600203B
:10AA30001443002088450020443A002038130400C5
:10AA400008B50A4B1B88DB0604D440F6020108480F
:10AA5000EFF762FA00211020FFF750FE002001F00E
:10AA600085FEBDE8084016F05FB900BF1443002022
:10AA700038130400F7B5124CD4E9006586EA020CDD
:10AA800085EA03070CEA000C0F405CEA070E15D0BC
:10AA900086EA0C067D40C4E90065CDE900230B463B
:10AAA00008490246086818F00BFE38B140F2F1116F
:10AAB000054803B0BDE8F040EFF72EBA03B0F0BD93
:10AAC000581B0020443A00203813040010B514F03D
:10AAD000A4FC60B114F0A3FC0B4A80B141F20D0359
:10AAE000BDE8104041F20D010748FFF7C3BF074B17
:10AAF0001A789B789A4204D100220023F0E70D23B4
:10AB0000EEE7034AF9E700BF400D03007816002086
:10AB1000488D010038B5294B04461B889B0747D553
:10AB2000274B00221868012119F01FFB012C254B2F
:10AB30002DD1197859B30139C9B2197011B9202032
:10AB4000FFF7DCFD00210220FFF7D8FD04221E4B99
:10AB500000211E481A7002F051FD1D4C2068013082
:10AB600019F08CFB00F44060B0F5006F23D124682D
:10AB700001210422204600F0ADFF204419F07EFBA5
:10AB80000146BDE838400022202017F0BDB9002161
:10AB9000104D02201970FFF7B1FD2B78FF2B04D068
:10ABA0004FF4CA610C48EFF7B7F92C7016F0BCF8F7
:10ABB000012CD2D038BD4FF6FF71E2E714430020DC
:10ABC000443A002086450020874500203C130020A1
:10ABD000343A0020741600203813040038B5124CA3
:10ABE00005462388580709D5FFF7A6FD014607202B
:10ABF000FFF7E6FD00210420FFF780FD2388990779
:10AC00000AD50A4B284619788A1F51425141FFF74D
:10AC1000D7FD0120FFF77EFF23881B0703D5BDE882
:10AC20003840FFF78FBE38BD144300208745002011
:10AC30002DE9F04F5706804614461D4691B005D5C4
:10AC4000FFF77AFD01460120FFF7BAFDEE0403D5B8
:10AC500000212D20FFF7B4FDA00223D5404619F0B6
:10AC60005DFA0146F0B94020FFF748FD40460AA9C9
:10AC700018F0E4FDB0B99DF83030022B6DD1BDF86D
:10AC800028000FF065FDFF2808D1404618F0D4FDDC
:10AC900040B901214020FFF731FD03E00FF090FDA6
:10ACA0000028F2D1A10305D5FFF746FD0146032098
:10ACB000FFF786FDE20104F0807354D5AD4B1B888D
:10ACC0009F072FD5AC4E306818F059FD50BBAB4BE9
:10ACD000AB4F18703B78FF2B04D040F20D61A948B0
:10ACE000EFF71AF94FF0000900210220FFF706FDE7
:10ACF00087F80090A44F3B78062B07D1012108204C
:10AD0000FFF7FCFC49462820FFF75AFD3B78052B4E
:10AD100006D100212B20FFF753FD3068FFF7A2FC7E
:10AD200016F002F8260740F1C180934F03213868DE
:10AD300005AA19F0F9F9064620B94FF4D0619148F7
:10AD4000EFF7EAF89DF81430072B49D0FFF7F4FC31
:10AD500001460420FFF734FDA8E0032BA2D10AA886
:10AD60001BF00EFA9CE705F0020213430BD0864B52
:10AD7000262019788E1F71427141FFF721FD0120B5
:10AD8000FFF7C8FECEE704F080531A4309D07E4B8C
:10AD90001978881F414241412620FFF711FD02200A
:10ADA000EEE704F088410B4306D0774B2720197853
:10ADB0008A1F51425141F0E705F008030B4302D0CE
:10ADC0002320FFF7FDFC6B0703D500212420FFF7AC
:10ADD000F7FCEF07A6D500212520FFF7F1FCA1E73E
:10ADE000314638680AAA19F0A7F920B140F2876104
:10ADF0006448EFF791F8BDF81610386802310AAAD6
:10AE000089B219F09BF920B140F296615D48EFF7E5
:10AE100083F80023009331460423386804AA19F00C
:10AE2000B1F9042804D040F29C615648EFF774F859
:10AE3000DFF8609199F80030002B40F0AD800DF103
:10AE4000110019F01BFA00F00700022840F0A4805E
:10AE5000FFF772FC01460920FFF7B2FC4A4B1B7852
:10AE6000062B23D1494B9DF813201B789A421DD104
:10AE70009DF8353023B940F2B2614248EFF74CF803
:10AE80000DF1110019F0FAF9C0F30016314629202E
:10AE9000FFF796FC00210820FFF730FC3C4B1E70AA
:10AEA000FFF72EFD10B93868FFF7DCFBE20505D58A
:10AEB000FFF742FC01460420FFF782FC14F4863FB2
:10AEC00005D0FFF739FC01460220FFF779FCA3010A
:10AED00011D5FFF731FC01460820FFF771FC002176
:10AEE0000420FFF70BFC284B1B78012B03D1224BCE
:10AEF0001868FFF7B7FB14F0084F09D0FFF71CFCE8
:10AF000001460720FFF75CFC00210420FFF7F6FB59
:10AF1000A70009D5FFF710FC01460620FFF750FCFB
:10AF200000210420FFF7EAFBA60705D5114B1B887B
:10AF30001C0701D5FFF706FD680603D500210A208E
:10AF4000FFF73EFC290602D5012019F031F9EA0588
:10AF500040F1C080404619F069F8052800F2B08041
:10AF60000138042800F2B680DFE800F0B1C1B1B1C9
:10AF7000B10000BF14430020443A00208645002061
:10AF800074160020381304008745002082450020F5
:10AF9000731600208A450020BDF8160001210830F4
:10AFA00080B202F0BFF9039000283FF4CFAE02F068
:10AFB000F3F80799BDF8182006461BF0E5FE08993E
:10AFC00041B1BDF81800BDF81620121A92B23044F3
:10AFD0001BF0DAFE99F800A0BAF1000F20D106F1BB
:10AFE000010B584619F04AF9800658D5386819F00F
:10AFF00095F80746FFF7A0FB05370146F8B2FFF7C3
:10B00000DFFB584619F03AF900F0070003283D4FDE
:10B010002DD001210420FFF771FB18F0F1FB3860FF
:10B0200000223949BDF816300978F718F1549DF817
:10B030003630BB709DF83730FB700A9B190E3971A2
:10B04000190C7971FB71190A99F80030B97123B99B
:10B05000737892B343F020037370002001F0B4FDC5
:10B060007870039802F0BAF915F05EFE1EE7012130
:10B070000922304600F02EFD305C01210428C9D1A0
:10B08000FFF73CFB18F0BCFB204B38601B885906CF
:10B09000C6D551464020FFF731FB0122C1E7FFF73B
:10B0A0004BFB01460920FFF78BFB194B1B78012B4B
:10B0B000B6D13868FFF7D6FAB2E723F02003CBE722
:10B0C000342804D00FD8142801D0242811D12620E8
:10B0D000FFF784FDAB0512D50121802011B0BDE83A
:10B0E000F04FFFF70BBB00F0EF004428EEE72720FE
:10B0F000EEE740F69E010748EEF70EFFEAE711B0D3
:10B10000BDE8F08F303A002075160020144300206F
:10B110008745002038130400F8B5164E0D463378E5
:10B1200002F0010423B140F28A311348EEF7F4FE35
:10B13000124B134F1D60134DA4B1134B997801B1FD
:10B1400001212020FFF7DAFA2B783B700F4B1C7897
:10B150000F4B00211C70042333700E48BDE8F840EB
:10B1600002F04CBA21462020FFF7C8FA2B783B703A
:10B17000EEE700BF8745002038130400343A002072
:10B180008445002077160020383A002085450020AD
:10B19000864500205C1300202DE9F84314F0B9F82F
:10B1A000DFF8A0810546B8F80030614C13F4807FC9
:10B1B00003D0237873BBFFF725FB00210846FFF778
:10B1C000FFFA5C4B1A78FF2A13D01A7802F0FF06B8
:10B1D00032BBFF221A702378052B0AD100232846A0
:10B1E000237014F09CF8304618F0D5FF14F091F855
:10B1F00005462378504E062B09D13378FF2B06D015
:10B200003378022B15D100214C4802F0F7F9FF23C7
:10B2100033702BE000214FF48070FFF76FFACCE71A
:10B220001A78012A4FF0FF0214BF33264C261A70F9
:10B23000D4E7337813B13378012B22D1FFF760FBC9
:10B2400007463E4896F8009002F074FAFF235FFA32
:10B2500089F9337077B1B9F1010F44D164213748CE
:10B2600084F8009002F0CAF9FFF774FA284614F047
:10B2700056F806E02846277014F051F8384618F0C2
:10B280008AFFB8F800301B0605D500218020FFF7A3
:10B2900035FA15F04FFD02F0B3F8294E308000B3B7
:10B2A0002778012F42D101F077FF054610B3013016
:10B2B00018F0E4FF00F44060B0F5006F1AD10422EA
:10B2C0003946284600F006FC284418F0D7FF4FF610
:10B2D000FF7398420ED10020318801F099F90023C4
:10B2E0003380BDE8F88300232846237014F017F854
:10B2F0003F20C4E7114802F01DFA002108462170E2
:10B30000012501F037F923780BB9FFF77BFA00200C
:10B31000318801F07DF900233380002DE1D02078C1
:10B320000028DED1BDE8F84319F009B90025EAE7A5
:10B330008745002074160020731600205C1300203F
:10B34000124300201443002008B513460A4619464C
:10B35000064B186818F064FA30B1BDE8084040F2B6
:10B36000AF410348EEF7D8BD08BD00BF443A002006
:10B370003813040008B513460A461946064B1868E8
:10B3800018F048FA30B1BDE8084040F2B641034831
:10B39000EEF7C2BD08BD00BF443A002038130400D8
:10B3A000024B1878B0FA80F04009704787450020BA
:10B3B000024B1878431E5842584170478745002079
:10B3C00008B5064B1B7823B140F2DF410448EEF785
:10B3D000A3FDFFF717FA002008BD00BF8745002036
:10B3E0003813040008B5064B01EB810118684900C9
:10B3F00018F0A5F9002814BF2120002008BD00BFC7
:10B40000443A002008B5044B1868F9F755FA0A23A6
:10B4100090FBF3F040B208BD443A0020014B18788D
:10B42000704700BF7616002008B5044B186818F066
:10B4300004F9B0FA80F0400908BD00BF443A00208A
:10B4400038B5124D0C462B78012B04D94FF4A0616E
:10B450000F48EEF761FD21460020FFF7E5FF90B1B0
:10B460000C4B1C702B785BB9FFF7CCF90A4B93F9A6
:10B4700000100A4BC901186818F024F9002038BDE3
:10B48000FFF768F9F2E72120F9E700BF87450020C0
:10B49000381304007616002089450020443A002025
:10B4A00008B5054B0121186818F0E1FD0028B8BF68
:10B4B000033040F3870008BD443A002008B5074B2D
:10B4C000186818F0B4F830B1054BB3FBF0F083B254
:10B4D0000BB1184608BD0120FCE700BF443A00202C
:10B4E00040420F0008B5074B186818F0A4F830B1B7
:10B4F000054BB3FBF0F083B20BB1184608BD012039
:10B50000FCE700BF443A002040420F002DE9F3471A
:10B51000534F012014F032FF3B88990704D440F6C2
:10B52000CB315048EEF7F8FCDFF85C8198F800303A
:10B53000053B012B04D940F6CD314A48EEF7ECFC2F
:10B54000494E336823B94FF43D614648EEF7E4FCB9
:10B550003C8814F020045CD001212220FFF730F950
:10B560004FF47A74FFF7BEFF33681B780933434307
:10B5700004EBC30498F80030A5B2062B0BD1FFF7FB
:10B580009DFF0446FFF7AEFF602358430C2303FBE7
:10B590000400284485B2D6F80090344B99F8008016
:10B5A0001C7808F1FF38324E1FFA88F8002C3FD182
:10B5B0003B885A0532D57378DFF8C8A026468AF84A
:10B5C0000030CAF8085013F031FF30B113F02CFFEF
:10B5D000012814BF102308231E43264D802349460B
:10B5E0004246286818F09CFD234B1978234B1970AC
:10B5F0003B889B061FD5CDF800A03246204B28681B
:10B60000FFF746F810BB002002B0BDE8F04714F089
:10B61000B5BE21462220FFF7D3F8A3E709F10100C8
:10B6200018F02CFE10F020047378C5D00124C3E775
:10B6300000247378C0E73246124B2868FFF71AF8E7
:10B64000014618B92520FFF7BBF8DCE72146262084
:10B65000FFF7B6F840F673310248EEF75DFCD2E72B
:10B660001443002038130400343A00208A45002097
:10B6700078160020443A0020761600207516002027
:10B68000383A0020201300208745002008B5174BCA
:10B690001B889B0704D44FF463611548EEF73CFC0C
:10B6A000144B1B78053B012B04D940F6316110483F
:10B6B000EEF732FC104B1B6823B940F633610C489F
:10B6C000EEF72AFC00220D4B21200D491A70FFF7DE
:10B6D00077F818B9BDE80840FFF718BF022803D172
:10B6E000BDE80840FFF716BA08BD00BF14430020AC
:10B6F0003813040087450020343A0020814500209B
:10B700009DB80100F8B5594C23889A0704D540F23A
:10B71000D6215748EEF700FC564802F00BF813F01C
:10B72000F8FD238805465B070BD518F069F8524BE6
:10B730001B68C01AB0F5717F03D900210420FEF701
:10B74000DDFF28464D4D13F0EAFD2B78042B32D156
:10B7500013F0DFFD238806465F0708D54548002122
:10B7600001F04CFF3046BDE8F84013F0D8BD13F0AF
:10B77000D6FD13F0CEFD424B06461B78414F13B960
:10B78000238859050FD50523012102202B70FEF7D0
:10B79000B5FFFFF77BFF304613F0C1FD3B68DA7859
:10B7A000394B1A70F8BD3868013018F067FD820611
:10B7B000E9D50623E8E7062B4DD1344B1B78FF2B48
:10B7C000F0D1334E13F034FE3378002B3DD013F01C
:10B7D000A0FD238805465B0705D52648002101F01A
:10B7E0000DFF2846BFE713F09AFD3378013B337015
:10B7F00013F08FFD044601210220FEF77FFFFFF7C3
:10B8000045FF20461F4C13F08AFD2068013018F0D8
:10B8100035FD00F44060B0F5006F13D124680121BC
:10B820000422204600F056F9204418F027FD014676
:10B83000184B04201A783378D21AD2B2BDE8F840F7
:10B8400016F062BB4FF6FF71F2E740202B70BDE8A7
:10B85000F84018F0A0BC012BA4D100232B700E4B94
:10B860001868FEF7FFFE3F20F1E700BF14430020F9
:10B87000381304005C130020303A00208745002074
:10B880008A450020343A00208245002073160020AB
:10B890008445002077160020443A002008B50A4B62
:10B8A0001A7882B9012210281A7004D040F6276154
:10B8B0000648EEF731FB00212020FEF71FFFBDE810
:10B8C0000840FFF723BE08BD81450020381304005F
:10B8D00038B510200C460121FEF710FF064B1D68FD
:10B8E000FFF7ECFD012200FB04F1044B284618F0A1
:10B8F000A7FB002038BD00BF443A002041AA010048
:10B9000008B5094B1B88DB0604D440F27651074882
:10B91000EEF702FB10200021FEF7F0FE044B186842
:10B92000BDE8084018F09ABB144300203813040007
:10B93000443A002010B5064C206817F045FFC307B5
:10B9400004D52068BDE8104017F040BF10BD00BF0F
:10B95000443A0020012208B5084B1146186818F037
:10B960006BFB00212C20FEF72BFF00210A20FEF7A5
:10B9700027FFBDE8084014F000BD00BF443A002096
:10B980000148EEF7C9BA00BF52130400014B40084A
:10B99000185C70476F16002008B513460A46194612
:10B9A000064B186817F042FF30B1BDE8084040F67A
:10B9B00071410348EEF7B0BA08BD00BF443A002019
:10B9C0003813040008B5044B186818F033FB01382D
:10B9D00018BF012008BD00BF443A0020054B10B538
:10B9E0004C0022460146186817F082FE031B58429D
:10B9F000584110BD443A002070B5054613F089FC4B
:10BA00000E4B0F4E1B880446DA07357008D50D4BD8
:10BA10000D4D1B78012B08D90121286818F07CFBFB
:10BA20002046BDE8704013F07ABC1BB113F0F3FC64
:10BA3000C305F1D4317881F00101EEE71443002011
:10BA40006E16002088450020443A00200C4B10B5AB
:10BA50001B880446DB0711D5FFF738F8094B84F043
:10BA6000010208211868D20017F031FE30B1BDE89C
:10BA7000104040F6BF610448EEF74EBA10BD00BF5B
:10BA800014430020443A00203813040008B5044B46
:10BA90000146186817F0D5FE003818BF012008BD10
:10BAA000443A002010B50A4C23787BB1FFF752FFCF
:10BAB00000210420FEF722FE00210220FEF71EFED8
:10BAC00000232370BDE81040FEF79CBE10BD00BFF0
:10BAD00087450020032A134601D918F076BB014A96
:10BAE000D05C70475C13040018B1034B0020196050
:10BAF0007047024BFAE700BF483A00204C3A00205A
:10BB00002DE9F8431046174618F0B8FBDFF81C8102
:10BB10000546D8F800302BB9424B1B6813B90020FA
:10BB2000BDE8F88315F4406905F040060FD136BB37
:10BB3000B5F5804F52D24FF48074D8F80030002B06
:10BB400056D1384B1B68002BE9D0002262E0F81C6C
:10BB500018F094FB4FF6FF73984214BF012402249F
:10BB600086B1052605F44043B3F5004F44F00804C0
:10BB700024D0B5F5804F23D244F4807420E04C46A5
:10BB80000326EFE7B5F5804F4FF00506F4D3B9F57E
:10BB9000406F14BF022008203044384418F06EFB78
:10BBA000214B05F44045B3F85C3083420CBF44F0B0
:10BBB000080444F00404B5F5004F01D144F08004BA
:10BBC000B9F5006F0ED1B81918F058FB164BB3F841
:10BBD0005E308342B1D144F01004AEE74C460326F8
:10BBE0000220D9E7B9F5406F08BF44F02004A4E76C
:10BBF0000022D1B233F8110033F911100029A0DB73
:10BC0000A04202F10102F4D1012089E7A04202F131
:10BC10000102F9D0D1B233F8110033F91110002923
:10BC2000F4DA7CE7483A0020EC3A00204C3A002055
:10BC30002DE9F04F104685B01646984618F01EFBC9
:10BC40005D4F00F00803B7F85C10044600F00709E8
:10BC5000F01C02930391B7F85EB018F00FFB06F1E9
:10BC6000050A0546504618F009FB03464FF6FF70DB
:10BC7000854218D00399A1EB050CDCF1000545EBDA
:10BC80000C056D004FF6FF718B420ED145F0040597
:10BC900000F0EAF9029B6BB1B9F1000F11D042201C
:10BCA00005B0BDE8F08F0125ECE79B4508BF45F0E6
:10BCB0000805EDE7B9F1030FF1D8DFE809F0021B41
:10BCC000795D00F0D1F908B9A807E8D524F0080497
:10BCD000A4B2B4F5004F05D0B4F5624F02D0B4F56C
:10BCE000404FDCD10025294697F8A820002018F005
:10BCF000ECFB3CE0D7F88030E3B90021324608463F
:10BD0000FFF7FEFED8B948F6410224F038039BB293
:10BD10009342C4D10A2D49D0062DC0D197F877306F
:10BD2000023B012BBBD8FFF743FB0028B7D140F6FD
:10BD3000040505E04146304698470028DDD0082537
:10BD4000E20648BF45F08005A30648BF45F480558C
:10BD500005F00C03042BC6D1F01D18F08FFA97F8EC
:10BD6000A8303246009341462B4618F083FB08B3B7
:10BD70000E9B1880002093E7A90705D14FF6FF73AB
:10BD8000B7F85C209A428AD104F44063B3F5006F9F
:10BD90000AD0B3F5406F82D10822504607491AF005
:10BDA000A3FF00287FF47BAF0C25C9E70425C7E774
:10BDB000432075E7192073E7EC3A00204C3B002044
:10BDC0000023074A07491360074A1360074A1360B4
:10BDD000074A11600121074A1170074A1360704732
:10BDE0005C3A002025450300583A0020543A0020D0
:10BDF0007C1300207B160020643A00200E2A70B5C8
:10BE00000C4606461546194603D9FFF7D9FF5020C0
:10BE100070BD012807D10020FFF7E4FAF8B1FFF761
:10BE2000CFFF2120F4E74FF4FE42264B00211A8079
:10BE30007F22254B1A708022244B1A70244B1980C4
:10BE4000244B1960244B1B684BB1342001F06AFA73
:10BE5000224B188018B9FFF7B3FF0120D8E724F070
:10BE6000FF6323F4FF231BB1FFF7AAFF4F20CFE7A7
:10BE700074B92046FFF7D2FA0124032510F0800F91
:10BE800043B21BBF00F01F039C409C4044F0784429
:10BE90000020134B24F078441E70124B12491D7081
:10BEA000124B1C60124B1870124B1A6800F0E2FA29
:10BEB00018B1FFF785FF0420AAE79DF810200E4B6C
:10BEC0001A70A5E7184300208C4500208B45002000
:10BED00016430020603A0020543A00201A43002004
:10BEE000914500208F450020E5C20100643A002002
:10BEF000904500205C3A00208D4500207FB5244B02
:10BF000000251A7801232348234903FA02F2007816
:10BF10001A440A60ADF80E5020B3984236D11F4C37
:10BF20001F4B20781B680DF10E0198471D4EBDF880
:10BF30000E20307092B11C4B2946009328460223F4
:10BF4000019500F0D1FA3278237822B1012A12BF8C
:10BF50001B230133DBB2237004B070BD013818BF5E
:10BF60000120F0E778235A43013A0A6008220F497A
:10BF700000F086FC0B49094A0978137821B10129A0
:10BF800012BF1B230133DBB21370E5E71846E3E76A
:10BF90008F45002091450020683A00209045002000
:10BFA0007C1300207B16002021C30100B1BF0100DB
:10BFB00010B5244B244C1878002834D1FFF770FAC0
:10BFC000224A136801331360214A92F9001081421A
:10BFD000B8BF10701F4A92F900108142C8BF10709C
:10BFE000012B1D490DD10002088023680BBB1B48A3
:10BFF00018F0D3FC014620BBBDE81040174801F003
:10C00000FDBAB1F90020A2EB221303EB00131BB21F
:10C010000B801349A0EB2323A0EB22200A8813FBFB
:10C0200000230B80E1E72368002BE0D04FF470720F
:10C0300000E0082200200B4900F022FC2368013BAD
:10C04000236010BD91450020683A0020603A00202E
:10C050008B4500208C4500201843002080130020D1
:10C0600016430020B1BF0100054B1B682BB9054BDF
:10C070001868003818BF012070470120704700BFC2
:10C08000583A0020543A002037B505461C46FFF7C1
:10C09000EBFF68B974B1084B1A60084B0A461C6084
:10C0A0000123294600930323FFF7A8FE03B030BD08
:10C0B0004D20FBE72520F9E7503A0020583A0020B0
:10C0C00013B50446FFF7D0FF58B962B1074B1A60A9
:10C0D00001230A46009321460323FFF78FFE02B097
:10C0E00010BD4D20FBE72520F9E700BF543A0020A2
:10C0F0002DE9F0410446DDE906861D469DF82070D5
:10C10000FFF7B2FF88B99EB1A2B10B4B01201A60B4
:10C110000A4B0A46C3F80080094B21461E602B4695
:10C120000697BDE8F041FFF769BE4D20BDE8F081FC
:10C130002520FBE72120F9E77C1300205C3A002052
:10C14000583A0020014800F04DBE00BF1A430020BD
:10C150002DE9F0410020FFF7A5FC0F4B0F4C1E68A6
:10C160000F4B20881D680F4B0F4FD3F8008010B184
:10C17000397801F049F800203870FFF721FE00F00F
:10C1800033FC0EB14046B0471DB12088A8470023BC
:10C190002380BDE8F08100BF583A00201A430020F8
:10C1A000543A0020643A0020924500202DE9F047DF
:10C1B0003D4801F0BFFA3D4B1C78002C42D120468F
:10C1C000FFF72CF93A4F05463B68002B3AD0394E21
:10C1D000012B1EBF348803F1FF33B4FBF3F4364B5D
:10C1E00034801C68DFF8F0A0DFF8F080DFF8F09012
:10C1F00034B19AF9013098F9002099F90010A0475C
:10C200002E4B1B688BB12E4C2378312B0DD82D4B28
:10C21000188800F0C1FF23785A1C227098F800207B
:10C22000C25423785A1C2270C5544FF4FE43AAF816
:10C2300000307F2389F80030802388F80030002305
:10C2400033803B60204C23781A2B23D81F4A127866
:10C25000012A09D100211E4A156825FA03F0C007FA
:10C26000DAB20FD501B122700020FFF7D7F821789C
:10C27000884213D10022174B1A70FFF73FFE48B9CE
:10C28000BDE8F0870133D8B21A284FF00101E4D994
:10C290000A442270BDE8F047FFF75ABF0020FFF7BD
:10C2A000CFF80028E6D0F5E7801300209145002064
:10C2B000603A002016430020503A0020543A0020F3
:10C2C000924500201A430020904500207B16002054
:10C2D000643A00208E450020184300208B45002042
:10C2E0008C45002008B50B4B187880B90221FFF768
:10C2F00067F8094B1B782BB100214FF6FF720846F7
:10C30000FFF738F8BDE808400448FFF74FBF0021A9
:10C310000846ECE7914500208D4500208013002061
:10C3200038B5144B0C461D78012D21D181B9084632
:10C33000FFF774F8104A05FA00F013680F4923EA72
:10C340000003136020462A46BDE8384000F098BA42
:10C350000B4A13780133DBB2022B137004D9BDE80A
:10C3600038400848FFF722BFFFF7C8FD0028F6D184
:10C3700038BD00BF91450020643A0020B1BF0100E4
:10C380008E4500208013002038B5094800F02AFDB2
:10C390000024084D95F84430E0B2834200D838BDFF
:10C3A00005EBC000043000F01DFD0134F2E700BFD2
:10C3B0008C3B0020EC3A002008B510460249482288
:10C3C0001AF0E2FC002008BD443B002008B50548F7
:10C3D00018F0E3FA014620B9BDE80840014801F031
:10C3E0000DB908BDA0130020002238B51B4B15461F
:10C3F0001C461A700132082A5D609D8043F8085F70
:10C40000F8D14822002116481AF098FC4FF6FE7326
:10C41000A4F868306FF480337F2200211148E3656F
:10C420001AF08CFC104BC4E91255C4E9283584F885
:10C43000445084F85050656584F8A850EDF7C8FE64
:10C44000FF220A4B01211870094B00201A70E8F7EF
:10C45000BFF90020FFF7BAFF002038BDEC3A0020FA
:10C46000443B00206C3A00200000FFFF9345002071
:10C47000DE45002010B5AC24084B04FB0030836C73
:10C4800053B990F850403CB931B1C0E9121220467E
:10C49000FFF79CFF204610BD2120FCE7EC3A00206E
:10C4A000AC2370B503FB00F5094E731993F85040A7
:10C4B0005CB9204610F00AFA735D204643F002038F
:10C4C0007355FFF783FF204670BD0120FCE700BFD6
:10C4D000EC3A0020AC235843024A135C23F00303D8
:10C4E00013547047EC3A002070B516461F4A0446B4
:10C4F0001278C2BBAC211E4D01FB00518A6C92BB6D
:10C5000091F850203AB1022B2DD191F8441007290F
:10C5100007D91C2026E091F844100729F9D8012BEF
:10C5200008D0AC2000FB0450CA00011D0C301AF0EA
:10C53000EBFB0021AC2303FB04F000249DF8143036
:10C5400000EBC1012944CB71049B8E808B602B18BA
:10C5500093F84420204601328C7183F84420FFF781
:10C5600035FF204670BD0120FCE700BF8A45002052
:10C57000EC3A0020F8B5234B04461B780F46002BFD
:10C580003ED1AC23204D03FB0053B3F8A03023B9B8
:10C5900040F236311D48EDF7BFFCAC2202FB0452DD
:10C5A000D2F8A46036B192F8A33039460020B2F830
:10C5B000A020B047AC2300216343EA18A2F8A010E2
:10C5C000C2F8A410482192F8A82001FB02322A44A4
:10C5D000D2F89820964213D0EB5C9B070CD5AC2286
:10C5E0006243AB5C204623F0020343F00103AB54EB
:10C5F000BDE8F840FFF7EABE10F08AF90028EED156
:10C60000F8BD00BF8A450020EC3A0020A3140400C6
:10C610002DE9F04F8BB0079008460D4600F0BCFDA9
:10C62000044618B921200BB0BDE8F08F284600F071
:10C63000CFFDC0B20838221892F802B092F803A0D9
:10C640005268215C069200222678B4F80130ADF8D9
:10C650002620434A059192F80090B9F1000F09D0C5
:10C66000404B1B6823B1514620464FFA8BF2984746
:10C670000020D8E703F00703022B6ED00134092213
:10C6800049462046FFF726FA023EF6B2331ADAB2DE
:10C690001B0607460392C5D4DFF8CC80D8F890304B
:10C6A0002BBB00210DF12609039B22460846CDF83D
:10C6B0000090FFF7BDFAC3B20546002B48D1BDF884
:10C6C000260017F028FEC8B9BDF8260017F01FFF96
:10C6D0000490BDF8260017F01EFED8B9012332469B
:10C6E0002146484600F0A4FEC8B119209BE74A46FF
:10C6F0000121284698470028D3D193E7D8F89430F1
:10C70000BDF82600002BDFD0E11998470028DBD1C7
:10C71000022088E7039A0498E1191AF035FBBDF866
:10C72000260000F039FD059B079A8372069B80F86E
:10C7300008A01BBAC360AC2303FB028393F850200C
:10C7400080F809B0BDF8260022B1DB6C03B1984730
:10C75000E8B268E7D8F87830F8E7012063E700BF6F
:10C760008A4500202C3A0020EC3A0020AC2370B51A
:10C77000094C054603FB00435E6D26B940F2F731D4
:10C780000648EDF7C9FBAC2303FB054400236365B2
:10C790003346BDE870401847EC3A0020A31404006B
:10C7A0002DE9F84308460F46164602F1010917F035
:10C7B000B3FE8046384617F0A7FD042856D1384608
:10C7C00017F0C6FD48F661054FF6FF7248F64103C3
:10C7D000294C904208BF1D46B4F85C10301D17F07C
:10C7E0004FFD384617F0B4FD0146B01D17F048FD67
:10C7F000B4F85E1006F1080017F042FD06F10A04D5
:10C8000038460DF09FFD10B145F01005ADB2294638
:10C81000484617F035FD384617F079FE4246014686
:10C8200020461AF0B1FA3846012100F03FFD444499
:10C83000074660B100F0CCFC0546384600F0ACFC81
:10C84000EDB201462A4620461AF09EFA2C440B4AC5
:10C85000A41B13780134591C1170F37034703046E6
:10C86000BDE8F84309220121FFF734B9484617F023
:10C8700005FD4C460546C3E7EC3A002093450020F1
:10C8800010B40C461146AC22064B02FB0033586D27
:10C8900020B95C655DF8044BFFF71AB802205DF81B
:10C8A000044B7047EC3A0020AC2210B548245043AA
:10C8B000094B1A1892F8A81004FB0100034493F8DE
:10C8C0007700022806D092F850301BB9032818BF11
:10C8D000012010BD0020FCE7EC3A002070B508B143
:10C8E000012070BD234C94F8A850002DF8D12946A2
:10C8F000B4F85C20FEF73EFD29462846B4F85E20D9
:10C90000FEF722FD2946284604F16002FFF744F8AD
:10C9100094F87730002BE3D0284694F85860FEF75F
:10C920007DFD864215D1002094F95A50FEF76AFD2C
:10C93000854216D10020FFF7B7FF04460020FEF71E
:10C940002FFD0028CDD02146BDE870400020FEF725
:10C9500037BD284694F85810FEF772FD0028E2D043
:10C96000BFE7002094F95A10FEF73CFD0028E1D003
:10C97000B7E700BFEC3A00200346AC2010B51446E0
:10C98000164A00FB032292F8770002280CD1E07FC0
:10C99000022809D141B112490978012913D992F825
:10C9A0005810227891420ED118462178FEF73CFDAE
:10C9B00090B1482221460B481AF0E6F90020FEF714
:10C9C000EFFC08B9002010BD044B93F8A800002824
:10C9D000F8D1FFF783FFF5E72120F4E7EC3A0020D8
:10C9E00045160020443B0020AC2208B5084B02FB52
:10C9F000003300205A6DD86483F8500012B1586596
:10CA0000FEF77EFF0020FFF769FF002008BD00BF92
:10CA1000EC3A00207FB51C4C94F8A83023B10020DC
:10CA200084F8A800FFF75AFF94F85A30B4F8A050E1
:10CA30008DF80F3025B940F2ED211448EDF76CFA6E
:10CA4000134A29460020FFF7ABFEE66F0246104C62
:10CA50009EB10DF10F030193002321462846009358
:10CA6000B0470246247854B920462146FFF782FD9C
:10CA70002046FFF7ABFC04B070BD0122F2E70020B6
:10CA80000349FEF749FBF6E7EC3A0020A314040043
:10CA90006C3A002038B5494B1C78002C58D14848D6
:10CAA00000F048FE2046FEF77BFC002850D0454CA5
:10CAB0002378D90733D594F850201AB123F0030313
:10CAC000237045E023F0010323700FF009FF237862
:10CAD00005469A0701D50FF0F9FE294600200FF010
:10CAE000F7FD40B92378284643F001032370BDE8E1
:10CAF00038400FF0EBBE0023482284F8A33094F8AE
:10CB0000A83084F8A25002FB0343D3F89830A4F86D
:10CB1000A000C4F8A430BDE83840FFF77BBF94F80C
:10CB20004400B0B104F1A003251D95E8030083E89B
:10CB30000300FFF76FFF94F844202846D20004F169
:10CB40000C011AF0E1F894F84430013B84F84430C9
:10CB500038BDA26C62B99B0711D52378002023F061
:10CB6000020343F001032370BDE83840FFF72EBCF9
:10CB70000123A06484F85030904723789EE70FF09B
:10CB8000C7FE0028E9D194F8A83073B1F5F774F91D
:10CB900094F85030002BDBD1FF2818BF84F8A80090
:10CBA000BDE838400020FFF799BED4F88C30002B48
:10CBB000ECD098470028CBD1E8E700BF8A45002099
:10CBC000A0130020EC3A0020AC22034B02FB003300
:10CBD00093F8A800704700BFEC3A002070B50446F7
:10CBE0000020FEF7DDFBAC235C430B4E351995F8B6
:10CBF00050300BB1002070BD0028FBD0074817F063
:10CC0000CCFE0028F6D1335D002BF3D195F844001B
:10CC1000B0FA80F04009EEE7EC3A0020A0130020C3
:10CC200028B1034B1B68C01A4010013080B2704716
:10CC3000A83B002030B1044B00F100401B680138D4
:10CC400003EB4000704700BFA83B002010B5084A26
:10CC5000034617F07CFC14684FF6FF7203EB4003A9
:10CC60009C42184603D9018802339142F8D010BD86
:10CC7000A03B00202DE9F047204F05463B88A3B399
:10CC8000B0F90230002B30DBDFF87C801C49D8F88B
:10CC900000001AF06FF820B940F2CD111948EDF7F5
:10CCA0003BF90026DFF85CA0DFF860903A88B3B269
:10CCB0009A4204D840F2CF115046EDF72DF9D9F839
:10CCC0000030B2B253F83200D8F8001003EBC204BF
:10CCD00068B943F83210A38828460133A38017F0BF
:10CCE00036FCE38803EB4003E380BDE8F0871AF0ED
:10CCF00041F801360028D9D1EDE700BF1C430020E0
:10CD0000601304006A130400C01300209C3B002041
:10CD100038B5094C094D22682B689A4204D94FF462
:10CD200083710748EDF7F8F828682368C01A20F0E7
:10CD3000010080B238BD00BFA03B0020A43B002012
:10CD40006A13040008B50B4A0B4B0C491A600C4BD4
:10CD50001B6823F0010313440B600A4B1A60FFF7B2
:10CD6000D7FF642805D8BDE80840F0210648EDF754
:10CD7000D3B808BDE02A0020A83B0020A43B002037
:10CD800054F40300A03B00206A13040038B5094C9A
:10CD9000094D22682B689A4204D34FF486710748E4
:10CDA000EDF7BAF828682368C01A20F0010080B2B5
:10CDB00038BD00BFA83B0020A43B00206A1304003C
:10CDC000064B1B68834206D8054B1B68834294BF01
:10CDD0000020012070470020704700BFA83B0020C2
:10CDE000A03B00202DE9F0411D4B04461B78012B90
:10CDF00024D10088FFF71EFF0546D8B10426DFF8CE
:10CE000064802C4612F085FA07462046FFF732FF71
:10CE1000638843EA08036380A05BFFF70BFF0446C7
:10CE2000384612F07CFA1CB1B4F90230002BE9DA72
:10CE3000062E01D1BDE8F0810626E2E7022BF9D1EA
:10CE400012F067FA02462088FFF7F4FE18B1038853
:10CE5000C3F30E0323801046BDE8F04112F05FBA21
:10CE6000944500200080FFFF2DE9F04F0024BA4BCD
:10CE700097B006461C8012F04CFA0123DFF8EC82D2
:10CE8000B64F3B70B8F80030A8F80040ADF8163047
:10CE9000B34B1B68019312F042FAB24B21461A8839
:10CEA000B14BD200186819F049FF0DF11600FFF7D9
:10CEB00099FF002E3CD1DFF8B8924FF0000B01250E
:10CEC000D9F80040019B9C4239D3BBF1000F39D106
:10CED000002DF2D0D9F80040DFF898A2254622466E
:10CEE000019B9A4273D302230DF116003B70FFF7AA
:10CEF00079FF002E40F08F80D9F800603246AA42B8
:10CF000080F0A2809088FFF795FE18B10388C3F3E4
:10CF10000E039380D088FFF78DFE18B10388C3F30A
:10CF20000E03D3801046FFF791FE0246E7E79847CD
:10CF3000E3B256F823300134002BF8D1BBE7BBF144
:10CF4000000F3ED00BF1FF335FFA83FB16AB03EB10
:10CF50008B0252F8402CB2F9020051880028B1DA55
:10CF60004B04AFD4924641F48040931D2AF8020F3F
:10CF700002933AF8020FFFF75DFEF0B1B0F902E05C
:10CF8000B0F802C0BEF1000F17DB6FEA4C4C6FEA3D
:10CF90005C4CA0F802C00390FFF76CFEBBF10F0FD2
:10CFA0008FBF002516AB039A03EB8B009EBF0BF1DE
:10CFB000010340F8402C5FFA83FB029B9A45D8D1CD
:10CFC00080E72046FFF742FE22460446C3E71046AC
:10CFD00017F0BDFA8346B2F90200118800280AEA68
:10CFE000010108DA2046FFF71BFE084381B204EB7B
:10CFF0004B0402EB4B0510461180FFF727FE02465B
:10D000006EE798475FFA8AF356F823300AF1010A6F
:10D01000002BF6D170E74FF0000AF3E73046FFF738
:10D0200015FE82467EB1B6F902307188002B0ADA0D
:10D030003088C0F30E00FFF7FDFD864203462DD178
:10D04000C1F30D0171805646AE42E7D3DFF81CA153
:10D0500012F05FF900210646504617F019FBFFF762
:10D06000E9FD0546002800F08780304612F057F9A8
:10D07000284617F06CFA06462046FFF7D1FD814698
:10D08000760032462946204619F03EFE00224946E7
:10D090000DF1160017F090FA3444D9E71BD9304649
:10D0A00017F055FAC1F30D01420071801846314660
:10D0B00092B219F029FEC6E75046FFF7C7FDD146E8
:10D0C000854203D9B0F90230002B01DA824603E031
:10D0D000FFF7BCFDF4E7B146554507D9BAF80000A3
:10D0E000C0F30E00FFF7A6FD8245E5D3B9F1000FAE
:10D0F00030D0B9F80000C0F30E00FFF79BFD0346E7
:10D1000038B93346CB46994513D8B1459BD0D9465B
:10D11000ECE7484617F01BFAB9F802204946C2F37B
:10D120000D02A9F80220420092B2184619F0ECFD57
:10D13000E7E718460193FFF789FD019B9B4685426F
:10D1400003D9B0F90230002B01DA0346DBE7FFF721
:10D150007DFDF4E7CB46DAE71E430020944500202E
:10D16000A03B00201C4300209C3B002020430020CB
:10D17000A83B00200080FFFFBDF816303870A8F8EB
:10D180000030044B30461C6012F0C9F817B0BDE8FF
:10D19000F08F00BFA03B002010B5044608B9002066
:10D1A00010BD17F0E5F920B940F2C4410748ECF78B
:10D1B000B3FE2046FFF73EFD0028F0D00388DB0BCE
:10D1C00014BFD0F80A000830EAE700BF6A13040071
:10D1D00010B508B9002010BDFFF72CFD044617F06C
:10D1E000BEF920B940F2DE410648ECF795FE002C6E
:10D1F000F0D02388DB0B0ABF60882089C0F30C00C5
:10D20000E9E700BF6A1304002DE9F0410546FFF786
:10D2100011FD0F460446D8B117F0A1F920B940F22C
:10D22000F1412048ECF778FE2846FFF7D1FF05468C
:10D230002046FFF70BFDBD42064609D004D840F258
:10D24000F9411848ECF768FE2588ED0B02D02781DC
:10D25000BDE8F0816780204617F079F9074604EBB6
:10D26000400812F056F8104B1A68B2420AD1C3F8BF
:10D27000008012F054F82A464046BDE8F041FF21F4
:10D2800019F05CBDA6EB0806B5B212F048F8072D00
:10D29000F1D90023083D44F81730C8F80430A8F845
:10D2A0000250D5E76A130400A03B002038B5FFF711
:10D2B000C1FC0D46044650B117F051F920B940F2B7
:10D2C00036510348ECF728FE023534F8150038BD16
:10D2D0006A13040070B5FFF7ADFC0C461646054610
:10D2E000B0B117F03CF920B940F241510C48ECF7CD
:10D2F00013FE3046FFF79EFC17F031F920B940F2DB
:10D3000042510748ECF708FE023425F8146070BD5E
:10D3100040F24651BDE870400148ECF7FDBD00BF4A
:10D320006A1304002DE9F843C41CA408274B6400C9
:10D330000434B0F5005F81460F461E68A4B204D3E2
:10D3400040F272512248ECF7E7FD11F0E2FF21496B
:10D3500080460B687BB9204B1D68761BC6F34F06D1
:10D36000B44223D90025404611F0D9FF2846BDE834
:10D37000F843FFF755BC7FB1174A15685A1BC2F333
:10D380004F029442EED81448620005EB4404046056
:10D390007FB913440B600CE0F61AC6F34F067EB952
:10D3A00040F283510A48ECF7B7FDDBE705EB440494
:10D3B0001C600023A5F80290AB80EB802B80D2E7A5
:10D3C000B442CFD8044A1568DDE700BFA43B002073
:10D3D0006A130400983B0020A03B002038B50546A6
:10D3E00011F097FF044629460448002217F0E4F89C
:10D3F0002046BDE8384011F092BF00BF2043002016
:10D4000038B511F086FF00210546044817F040F9B1
:10D410000446284611F083FF204638BD20430020F3
:10D42000024B1888B0FA80F0400970472043002072
:10D430002DE9F74F044600881F46FFF7FBFB88469F
:10D440001546064617F08BF820B940F2DA613F48DE
:10D45000ECF762FD3388DB0B009306D033892B4455
:10D460003381002003B0BDE8F08F2088FFF7B0FEC5
:10D4700082463046FFF7EAFB019011F04AFFDFF8E1
:10D48000D0B0019BDBF8002081469A421DD1FFF706
:10D490003FFC854204D9484611F041FF1A20E1E7DC
:10D4A00005EB0A0373803FB12088FFF775FE2A461B
:10D4B0004146504419F068FC3046FFF7C7FBCBF8F3
:10D4C0000000484611F02BFFCBE711F028FF208821
:10D4D000FFF77EFE2844009980B2FFF723FF06463F
:10D4E0000028DBD0FFF758FE81462088FFF754FE66
:10D4F00082462088FFF76CFE51460246484619F0E6
:10D5000043FC3046AFB1FFF747FE07462088FFF7E0
:10D510005FFE2A464146384419F036FC0121208836
:10D52000FFF7C4FE012102463046FFF7D3FE2680F6
:10D5300097E7FFF731FE80462088FFF749FE2A462D
:10D540003946404419F0FAFBE8E700BF6A130400CB
:10D55000A03B002038B50C460546FFF739FE844253
:10D5600003D32D210348ECF7D7FC2846FFF714FE20
:10D57000204438BD7E13040070B506460D46FFF703
:10D580000BFE044648B13046FFF722FE854203D326
:10D5900035210248ECF7C0FC605D70BD7E130400CD
:10D5A00070B50C4606461546FFF712FE844203D3BB
:10D5B0003F210448ECF7B0FC3046FFF7EDFD00B129
:10D5C000055570BD7E13040033210148ECF7A4BC5F
:10D5D00095130400036910B55BB18268064B9A424B
:10D5E00001D1002010BD446912F0B2FE201AF9D515
:10D5F000F7E74FF0FF30F5E7C9D5010082684B4BE4
:10D600002DE9F0419A4204460E46056815D121B134
:10D6100040F20F114648ECF77FFC11F07AFE2369C7
:10D620001BB92B682BB924612C60BDE8F04111F0C7
:10D6300076BE1A6922611C61F6E712F089FE804607
:10D64000E9F7CCFC20B14FF493713948ECF764FC56
:10D650006FF000439E4221694BD22B7B08EB060200
:10D66000002B4DD0AB6893424AD1531C002949D0BE
:10D670006169994242D01EB9521AB2F1004F3DD9A8
:10D68000636123696E689C4203D19A212848ECF7B4
:10D6900043FC2F460023B4420BD0002B41D17269CA
:10D6A0006169891AB1F1004F32D832693746944224
:10D6B0002CD12269BD420CBF6A603A617BB92669F0
:10D6C000B44203D1B5211A48ECF726FC3B46012EA3
:10D6D00005D062697169521AB2F1004F23D99D4297
:10D6E0000BBF6B681A69236122610CBF6C601C61FF
:10D6F00004E0434431B162699342C1D1BDE8F08195
:10D700001346B3E76A6822616C60B9E71646C6E75C
:10D71000A8EB0202B2F1004FC7D93B463746366943
:10D72000B9E71F46F9E733463669D0E7C9D50100A6
:10D730009513040082681C4B70B59A420446056834
:10D7400019D111F0E6FD236923B1A34206D10022CD
:10D750002A601A61BDE8704011F0E1BD1A46114619
:10D760001269A242FBD12A68A24208BF29600B615C
:10D7700000232361EEE7036993B198426E6803D1F9
:10D780009A210A48ECF7C8FB2B46B44209D122691A
:10D790009D4218BF1A614FF0000308BF6A60236101
:10D7A00070BD33463669F0E7C9D501009513040012
:10D7B0002DE9F04306460025164FDFF85C808BB05C
:10D7C000BC7814B90BB0BDE8F083B7F800908EB9FF
:10D7D000009623462A46B8F8001003A817F01CF854
:10D7E00023463146484603AA12F0EAFD2544EDB22D
:10D7F0000437E5E72346494603A8002212F0D7FD87
:10D80000012300932A462346B8F8001003A817F016
:10D8100003F8EBE7A4130400224300200148FFF7BC
:10D82000E1BA00BF22430020F7B51546174A044667
:10D830000846118811B1164A1278CAB1D4B1002233
:10D84000294603B0BDE8F04012F0B1BD3A44D2B26F
:10D850000436B778002FF1D0B6F800C0AC45F5D14A
:10D8600084F001043B46009416F0D6FF03B0F0BDEF
:10D87000084EEEE702462146284612F0A1FD284652
:10D8800003B0BDE8F04013F045B900BF22430020CB
:10D890007C160020A413040010B5074C238843B164
:10D8A0000020FFF785FF0020FF22044B20801A7024
:10D8B00010BD7020FCE700BF224300207C16002032
:10D8C000142810B518D8082805D114F08BFBC40112
:10D8D000E4B2204610BD0E2802D114F086FBF6E714
:10D8E000064B53F82040002CF3D00A282478F0D1BE
:10D8F00007F07EF80443EBE7FF24EAE7CC130400CB
:10D900000823064A12F8011B814205D0013B13F09F
:10D91000FF03F7D11846704701207047291404000F
:10D920000823064A12F8011B814205D0013B13F07F
:10D93000FF03F7D1184670470120704721140400F7
:10D94000014BB3F868007047EC3A0020004870477C
:10D95000563B0020014B1878704700BF1A45002045
:10D96000014B1878704700BF1D450020014B18700F
:10D97000704700BF1D4500201F4B022810B51F4CEB
:10D98000187002D00438012820D82378042B0BD03B
:10D9900000211B48FFF732FE2378033B012B03D9FC
:10D9A00000211848FFF72AFE174B1B689A0020D564
:10D9B00013F0805F0CBFBF24BC24204614F0A0FFEE
:10D9C000C8B92046BDE8104012F0B9BF0C48FFF7B7
:10D9D000B1FE0C48FFF7AEFE17F070F92378033B59
:10D9E000012B03D814F086FF9124E6E70DF08AFCA2
:10D9F000FAE79024E1E710BD2145002022450020F0
:10DA0000C4130020083600209C360020024B1878F2
:10DA100000F00F00704700BF21450020034B18782D
:10DA200000F00F00831E58425841704721450020E6
:10DA300008B517F02EF9A8B117F044F990B10A48CB
:10DA400016F0AFFD70B1094816F0ABFD50B114F0FF
:10DA5000D1FA38B114F056FF20B9BDE808400448A7
:10DA600016F0A0BF002008BD24430020644300201E
:10DA7000AC3B002030B5182293B00021044619F0C9
:10DA80005DF9FFF7CBFF20B9114B1B78033B022B4D
:10DA90001CD8002100256A460846FEF78DFCBDF81B
:10DAA0000430204623819DF80230A3729DF8003097
:10DAB000E37217F0E1FA257304F1140104F1100088
:10DAC00017F06BFBE081284613B030BD9320FBE7D5
:10DAD0002145002030B593B005460C46FFF79EFF68
:10DAE00020B90B4B1B78033B022B0ED86A46002152
:10DAF0002846FEF761FC00209DF80230607023701C
:10DB00009DF80030A37013B030BD9320FBE700BF39
:10DB100021450020054B1878012805D000F0FD00B4
:10DB2000A0F1310358425841704700BF2145002001
:10DB300010B5FFF707F912F025FC1020FFF7C0FE23
:10DB400004060CD50020FFF7BBFE000607D5274BC7
:10DB50001A6A12F0020F11D1B024204610BD102015
:10DB6000FFF7AEFE01060CD40020FFF7A9FE020667
:10DB700007D51E4B1A6A12F0010FECE7DB699B0711
:10DB8000EAD51B4815F03EFD012016F01BFBECF713
:10DB90003BFB04460028E0D100F054F9154816F08C
:10DBA000D6FE00F075F9EBF713FF12F0E8FB0AF070
:10DBB000B5FA0AF007FBF4F76FF9F4F7F7F8F4F7A2
:10DBC00011F904F0E7FB14F00FFA14F010FA14F056
:10DBD0009CFE09480CF06EFA07F0C0FC14F056FEEB
:10DBE0000028BAD014F054FEB7E700BF0080E00F61
:10DBF000690345ECAC3B002015CA020010B517F0D4
:10DC00005AF870B301F0C2FB80F00104E4B20020C6
:10DC1000FDF7D8FE44EA800424B217F03AF810BBAE
:10DC200002200443164816F0B8FE44EA4014154892
:10DC300016F0B3FE24B244EA0014134816F0ADFE09
:10DC400024B244EA8014114816F0A7FE24B244EA34
:10DC500040240F4816F0A1FE24B244EAC02080B24E
:10DC600010BD0124D3E70B4816F09BFC0028D7D049
:10DC7000094816F096FC80F00100C0B24000D0E7E1
:10DC800004140020E8140020A036002068140020AE
:10DC9000C8140020244300206443002008B501F08C
:10DCA00067F90EF003F8FDF777FA154816F079FCDE
:10DCB00008B906F06DF8134816F073FC08B907F0C0
:10DCC00037FC03F0ADFB0CF0A7FB0F4816F076FE17
:10DCD0000E4B1B78043B022B09D80D4816F05DFE55
:10DCE00028B1FFF78BFF102801D108F0B1FF14F025
:10DCF00083F916F0E9FEBDE808400648FFF7B4B81E
:10DD00002443002064430020AC3B00202245002037
:10DD1000E81400203C140400014B1868704700BF51
:10DD2000443A002038B50C4B04461B78033B012BCA
:10DD300004D82046BDE838400AF0C4BA0CF0B6FC5E
:10DD40004FF6FF739842054604D1204600F02AFDA5
:10DD5000A842EED038BD00BF224500204FF6F77331
:10DD600070B5984204460D4686B05AD816F0ADFEFE
:10DD7000A04207D108222C49284618F0C5FF0020F0
:10DD800006B070BD294EB6F86830A3420AD1002211
:10DD9000082106F16A0016F046FE18B9082206F1BD
:10DDA0006A01E9E7ACB1224B1B78033B012B1AD87F
:10DDB000002301221946204600930AF011F9FF289A
:10DDC00023D1294620460AF0D1FA80F00100C0B2E2
:10DDD000D6E7184B1B689B07E5D4284608F01EF8C9
:10DDE0000028E0D0CBE7204600F094FFFF2806D1C2
:10DDF000294620460EF0B2FF0028D9D1BFE72946B8
:10DE000000F0AAFF0028F3D0B9E702A918F087F8BC
:10DE10000028D6D1DDF80D302B60DDF811306B60B5
:10DE2000ADE70120ACE700BF95450020EC3A0020AB
:10DE3000224500209C360020014B1870704700BF1F
:10DE40004C16002010B50649064C082320467F22B8
:10DE5000098812F0B9FA204616F071FE10BD00BF15
:10DE600010C403009545002013B513460C461AB1A3
:10DE7000022A0CBF134601230021044A019100929B
:10DE80002246FEF731FB02B010BD00BF494D030032
:10DE900000B5002093B0FEF7A7FA1D4B18880CF0D0
:10DEA0000FF91C490020FDF71FFE342200216846AF
:10DEB00018F044FF0B238DF800306FF4803301938A
:10DEC0004FF6FE73ADF8103003238DF81D30124B62
:10DED000124A0893124B10680993124B51680D9324
:10DEE000114B6A460E93114B0F93114B1093114B2C
:10DEF000119302AB03C300210846FEF73DFD6A46BD
:10DF000001210020FEF738FD13B05DF804FB00BFCF
:10DF1000EA15002058F40300F1E3010095450020C4
:10DF2000414B0300C51A020099E50100B931020016
:10DF3000494D03005115020070B5044616F09EF9D4
:10DF40000422002106462046FDF7C4FD204416F0B9
:10DF500095F90322054600212046FDF7BBFD20442C
:10DF600016F08CF94FF6FF730540ADB29D4213D108
:10DF7000F30711D5062200212046FDF7ABFD204412
:10DF800016F07CF9074B1B88834214BF0220062041
:10DF9000054B1B78184070BD204612F0B2FEC00041
:10DFA000C0B2F5E7FE1500209D4500202DE9F84F91
:10DFB000804608460F4616F061F9DFF834910546B1
:10DFC000D9F8003043B9484B1B682BB9474B1B6845
:10DFD00013B9FF20BDE8F88F15F4406A05F040063C
:10DFE00010D13EBBB5F5804F53D24FF4807400235F
:10DFF000002B58D180253C4A1268002A69D00021A4
:10E0000008465FE0F81C16F039F94FF6FF739842A6
:10E0100014BF0124022486B1052605F44043B3F55C
:10E02000004F44F0080424D0B5F5804F23D244F4C7
:10E03000807420E054460326EFE7B5F5804F4FF09B
:10E040000506F4D3BAF5406F14BF0220082030440F
:10E05000384416F013F9834616F054FD05F4404594
:10E0600058450CBF44F0080444F00404B5F5004FD3
:10E0700001D144F08004BAF5006F0ED1B81916F042
:10E08000FDF8054616F021FDA842B0D144F0100479
:10E09000ADE7544603260220D9E7BAF5406F08BF22
:10E0A00044F02004A3E7012B05BF104A40251025AA
:10E0B000126818BFD9F800209FE7A74201F10101BB
:10E0C0000BD0C8B2CEB232F8167032F91660002EFC
:10E0D000F3DA0133032B8BD17BE7B8F1000F3FF468
:10E0E00079AF88F8005075E7BC3B0020C03B0020AA
:10E0F000483A0020034B1A78022A04BF09221A70FA
:10E10000704700BF9F4500200C22034B1A211A7054
:10E110000320002202F0DAB89F45002070B50546C2
:10E1200038B9BDE870400B4B00221A21187802F074
:10E13000CDB8094B074E1C78E1B21A29F1D825FA5F
:10E1400004F3DB0703D53622307802F0BFF8013440
:10E15000F2E700BF9F4500207E1600200C2208B584
:10E16000054B1A211A700022104602F0AFF8002267
:10E17000024B1A6008BD00BF9F450020C83B00202D
:10E180000C2270B50D4B05461E781A7030B930461A
:10E19000BDE8704000221A2102F098B8084B1C78A4
:10E1A000E1B21A29F3D825FA04F3DB0703D53622A6
:10E1B000304602F08BF80134F2E700BF9F450020A3
:10E1C0007E1600200C22024B1A7014F094BB00BF84
:10E1D0009F450020F0B50C8805460E468BB0E4B98B
:10E1E0004FF6FF77ADF8247014F098FB10B90220B9
:10E1F0000BB0F0BDCDE90340CDE90544134A0294CC
:10E20000B2F85C306032019300923B464CF601015B
:10E21000FF2009AA18F0DBF93080284616F06DFDC2
:10E220000B4C70B1237863B1013BDBB228462370FD
:10E2300016F063FD38B12078B0FA80F04009C0B222
:10E24000D6E70523F2E70120F9E700BFEC3A00200A
:10E250007D160020034B11461B6803B1184712F0CE
:10E260007DBB00BFC83B00200C22024B1A700AF095
:10E27000E1BB00BF9F4500200148FEF7B3BD00BFD2
:10E28000264300207FB506460C461546FDF7ECFEFA
:10E2900000287CD1062E03D85223F340DB071AD482
:10E2A000B4F1006F05D3E30E1C3B032B18D94F20AC
:10E2B0002BE00022384B1A60384B1E7016F0DAFB48
:10E2C00003460A2E65D8DFE806F0361B4F5A1B2E90
:10E2D000221F47523F0002F0A1FBB4F1006FE2D2CF
:10E2E00000222D4B042E1A602C4B1E70E6D12C48B8
:10E2F00001F00AFD022001F033FC16F0BBFB0346DF
:10E3000001220292274A05E0212004B070BD0122BB
:10E310000292254A0192254A0092254A2946204622
:10E32000FDF7E6FEF1E729462046224A04B0BDE8A3
:10E330007040FDF7C5BE294620461F4B1F4A04B05A
:10E34000BDE87040FDF7A0BE002202921C4A019277
:10E35000164A00921B4AE1E7012202921A4A0192F0
:10E36000124A0092194AD9E702220C4B1A70002275
:10E370001046174904B0BDE87040FEF77BB8002294
:10E380000292144A0192094A0092134AC6E74D20AC
:10E39000BBE70120B9E700BFC83B00209F45002034
:10E3A0009E45002081E10100DD4C0300F1E3010006
:10E3B000354D030069E201005DE1010055E2010015
:10E3C000C5E10100D5E101001DE10100E14C0300C0
:10E3D000F5E0010009E10100D94C030008B5FDF7A3
:10E3E000B7FE0C22014B00201A7008BD9F4500208B
:10E3F000F0B585B0ADF8060018B990216448EBF788
:10E400008BFDBDF8060015F07FFF0446BDF8060041
:10E4100015F07AFF082846D00C2CBDF8060042D132
:10E4200016F075F8074615F029FF0DF10F010646A5
:10E43000BDF8060013F0C3FD002879D009220021A1
:10E440003846FDF747FB9DF80F301033C518BDF86F
:10E450000600FEF7BDFEEDB2854269D22946BDF841
:10E460000600FFF789F806F44C4416F440660546AA
:10E4700014D0F81C15F002FF4FF6FF73984208BF46
:10E4800044F04004B6F5006F08D1781D15F0F6FE93
:10E490004FF6FF73984208BF44F010049DF80F3008
:10E4A0005BB3072D44D1BDF8060015F023FF0446E9
:10E4B000BDF8060015F028FF082817D0A30615D5CB
:10E4C00024F0200189B2BDF8060015F0FEFEBDF86B
:10E4D000060016F01CF800210922FDF7FBFA00F1F6
:10E4E0001001C9B20DF1060016F07DF90022BDF849
:10E4F0000610284816F060F81AE0082D16D8BDB1AD
:10E50000013D072D14D801A353F825F069E501005A
:10E5100075E5010031E5010035E5010031E5010057
:10E5200081E50100A7E4010087E501007C2D24D0EE
:10E5300005B0F0BD24F48844A4B2B4F5084FF7D177
:10E54000BDF8060015F0DBFEBDF806100BF052FE1C
:10E550000028A8D0BDF8060015F03CFF00220146B7
:10E56000022013F0D1FCE3E724F48064A4B2B4F5F4
:10E57000484F97E7B4F54C4F94E7B4F54C4F92D021
:10E580004CF6500301E04CF640439C428AE700BF42
:10E590009C140400244300202DE9F0410F469046CE
:10E5A0000646FEF7F9FD04463046FEF711FEC5B2F9
:10E5B000083D2C44E178084BA2781970074B31468E
:10E5C0001A70002043463A4612F045F9003818BF49
:10E5D0000120BDE8F08100BFBB450020BA45002006
:10E5E000002270B50A4B1C780A4BD5B2AC4202D857
:10E5F00000200C7008E01E880132864205D30D70A1
:10E600001B881B1A5842584170BD1233EDE700BFFA
:10E610001B450020CC4000202DE9F04FDFF8408161
:10E62000DFF8409198F8002099F8003006469A42A9
:10E6300085B004D34FF48A714248EBF76DFC304645
:10E640000DF10F01FFF7CCFF20B140F217113D484B
:10E65000EBF762FC98F800709DF80F403D1B15F039
:10E66000FF0530D04FF0FF3C374B01211B78A14014
:10E67000184699F800304FF6FF790CFA03FC002396
:10E68000324A01F1FF3E0193C1F1000A9DF80430C6
:10E69000984243D8122004FB00002D4BA0F1120138
:10E6A00005EBC5025200194404F10109184418F0A1
:10E6B0002BFB4FEA89092748A9F104010144AA006C
:10E6C000484418F021FB224904EBC40201EB420349
:10E6D00021F81260204A013712784FF6FF71DA7381
:10E6E0001A745A7412025A801C4A0D2012781A7138
:10E6F00010225A7100229A73C3F80620C3F80A2028
:10E70000144B43F8242088F8007013F0FDFB0EB979
:10E7100008F056FD204605B0BDE8F08F13884B4544
:10E720000AD053680AEA030B03EA0E030B4403EB17
:10E730004B0343EA0C035360019B083201330193FE
:10E74000A4E700BFAF14040059160020B434002021
:10E75000CC40002058340020BB450020A0450020BC
:10E760001B450020571600202DE9F04107460025E3
:10E770000A4B0B4E93F80080ECB2A04503D8FF245F
:10E780002046BDE8F08108223846B11D18F0ACFAE9
:10E7900001350028F4D01236EEE700BF1B450020FB
:10E7A000CC40002008B5FFF7DFFFFF281DBF00B2F7
:10E7B000044B00EBC0004FF6FF7018BF33F8100099
:10E7C00008BD00BFCC40002007B50DF10701FFF7E1
:10E7D00007FF30B19DF80730034803EBC30300EB9C
:10E7E000430003B05DF804FBCC4000202DE9F84362
:10E7F000294E044633785D1E2D1A8342EDB204D8AB
:10E8000040F23F112548EBF787FB0123A3404FF06F
:10E81000FF305F1E3B4400214FF6FF7E6FEA030886
:10E820001F4A92F800C01F4A127890401E4ACBB28D
:10E830009C4523D8BDB127B204EBC4041B48640037
:10E8400005EBC50204F1120101445200204418F006
:10E850005BFABF001648AA00391D014402F0FC0211
:10E86000384418F051FA33780022013B33704FF6E8
:10E87000FF71BDE8F8430E2013F046BB13887345C3
:10E8800007D0536808EA03093B4003EB59030343ED
:10E89000536008320131CAE71B450020AF14040061
:10E8A0005916002057160020B4340020CC40002018
:10E8B0005834002010B50A4C207858B9094B1B7801
:10E8C0001A2B03D994210848EBF726FB0322074BA8
:10E8D0001A7010BD0138C0B2FFF788FFECE700BF27
:10E8E0001B45002057160020AF14040017450020D8
:10E8F0002DE9F047054616F051FAFF28044624D1C9
:10E90000DFF884901E4B99F800201B789A422BD296
:10E910002846BDE8F047FFF77FBE38883B79504571
:10E9200018D86F2B4FEA131214D85B0710D0123788
:10E9300008F1010899F800105FFA88F6B142ECD8A6
:10E940000023104ADEB28E4214D32046BDE8F08781
:10E95000022AECD90DF0E6F80028E8D12946304625
:10E96000BDE8F04716F027BA4FF000084FF6F77AE7
:10E97000044FDFE7107901338F28EFD81232E1E737
:10E9800057160020CC4000201B4500204FF6F7739F
:10E99000984210B514D8FFF7ABFFFF2810D0134CE6
:10E9A00000B200EBC00004EB400412F0CEF91049B5
:10E9B00038B962880B7802EB0313A3EB1213638060
:10E9C00010BD227C637C09789A42E27323746174DF
:10E9D00007D98B4203D213468B4228BF0B461B023A
:10E9E000EDE78A42F8D31346F9E700BFCC40002098
:10E9F000BB4500202DE9F04106460F4600240E4D90
:10EA0000DFF8388098F80030A34201D8BDE8F081E3
:10EA100008222946304618F067F940B935F8063C17
:10EA2000BB4204D02046FFF7E1FE013CE4B20134D2
:10EA3000E4B21235E6E700BFD24000201B450020BB
:10EA4000F8B5054608460E46FFF78EFEFF2830D083
:10EA50001D4B294653F820703046FFF7CBFF284660
:10EA6000FFF746FFFF28044625D10BF093FFFF2850
:10EA70000AD1164C207838B1EBF7AAFB2378B0FB0B
:10EA8000F3F202FB1300C0B2294616F094F90446D3
:10EA900023B20F4D03EBC30305EB430508223146B8
:10EAA000A81D18F031F92B79204603F00F032B71C4
:10EAB000F8BD0027D3E7074B1B78002B18BF0027B2
:10EAC000014B43F82070E3E758340020571600202C
:10EAD000CC4000207F16002038B50B4B04461B7835
:10EAE0000D46834204D840F25B210848EBF714FA44
:10EAF000074804EBC40400EB44002946BDE8384055
:10EB00000822063018F000B957160020AF14040090
:10EB1000CC40002070B5044608460E4616F03EF97B
:10EB2000FF28054610D02046FFF71EFEFF2807D01D
:10EB3000084B1B7823B9084B53F8202043F82520B5
:10EB400021462846FFF7C8FF31462046BDE8704001
:10EB5000FFF750BF7F160020583400202DE9F843FE
:10EB60000026804601273446114DDFF84C9099F875
:10EB70000030A34210D83E430134E4B21A2C4FEACD
:10EB8000470705F11205F2D14FF0FF30094B1B7812
:10EB900098403043BDE8F8832B884345EBD02846A6
:10EBA00016F061F90328E6D82B796F2BE3D8E3E759
:10EBB000CC400020571600201B45002010B5084C03
:10EBC00000EBC00004EB400423795B0707D120462B
:10EBD00016F049F9237923F007031843207110BD7B
:10EBE000CC400020014B1878704700BF80160020F1
:10EBF000014B1878704700BF7F16002070B51A4887
:10EC0000FEF798FD194B1B78033B012B28D805F024
:10EC10008FFA03F043FABDE870404FF47A5112487E
:10EC2000FEF7ECBC23798F2B4FEA131111D8013179
:10EC3000204616F048F9062901D8032909D123797D
:10EC4000002223F007034FF6FF710F20237113F00A
:10EC50005BF9123401353278EBB29A42E2D8D6E74A
:10EC60000025034C034EF6E7C41300202245002084
:10EC7000CC4000201B4500200022084B1878084B90
:10EC8000D1B2884203F1120300D8704713F80D1C6B
:10EC9000013221F0100103F80D1CF1E71B450020A3
:10ECA000CC4000202DE9F04702261227DFF85C90C7
:10ECB000DFF85C8099F8004000250CE007FB05F3C5
:10ECC00038F803A00021504616F0E2F810B15CB10C
:10ECD000013CE4B2013599F80030EAB29342EDD834
:10ECE000A34204D14FF6FF7A5046BDE8F087EBF718
:10ECF0006FFA99F80030012EA3EB040390FBF3F2B6
:10ED000002FB1300C4B2EDD00126D5E71B4500205D
:10ED1000CC40002010B5044616F040F8FF2808D17A
:10ED200020460BF015FDFF281FBF024B1B78C018B3
:10ED3000C0B210BD57160020044B00211A78044BB6
:10ED400004481B781A44920017F0F8BF57160020A9
:10ED50005E1600205834002010B5134B0C461B786B
:10ED600086B0834212D9114900EBC00001EB40018B
:10ED700008222046063117F0C7FF0022082120464E
:10ED800015F051FE80F00100C0B206E0C01A01A9E2
:10ED9000C0B20CF033F910B1002006B010BD01ABC9
:10EDA00003CB20606160E8E757160020CC400020CC
:10EDB00008B5074B024653F820308B4206D9152080
:10EDC0004FF6FF7113F0A0F8002008BD0120FCE70A
:10EDD00058340020024B013143F82010704700BF27
:10EDE000583400202DE9F34781460C4600272A4E6F
:10EDF000DFF8ACA09AF80030FDB2AB4210D86946FB
:10EE0000204617F0D2F9C0B308226946484617F0E9
:10EE10006BFF90B34946204616F044FBFE2537E0D1
:10EE200006F1060808224146484617F05DFF90B9F2
:10EE30004FF6FF739C422BD03388A34228D0204644
:10EE40000BF086FCFF2814D14946204602B0BDE8ED
:10EE5000F047FFF7F5BD14B912360137CAE733881A
:10EE6000A342F9D100220821404615F0DCFD00281C
:10EE7000F2D12846FFF7BAFCCCE7494600200BF058
:10EE800037FCFF28054603D0044B1B780344DDB252
:10EE9000284602B0BDE8F087CC400020571600207D
:10EEA0001B45002008B5FFF7E7FE054B1B78013B2B
:10EEB000012B03D8BDE808400CF08CB808BD00BF9A
:10EEC000224500200F4B1B7883420CD8C01A0E4AF3
:10EED000C0B232F81030D90411D443F4805322F870
:10EEE000103001207047094B00EBC00003EB4003DA
:10EEF0005A79D10603D442F010025A71F1E700208A
:10EF0000704700BF57160020DC420020CC40002094
:10EF1000F0B5134B06461B78FBB100251148DFF80E
:10EF20004CC090F800E0104807781F44E8B28645CE
:10EF300001D80020F0BD7C1B94FBF3F003FB1044D0
:10EF40000CEBC4003CF83440B44204D1002AF1D1A7
:10EF500084788C42EED00135E8E71846EAE700BF36
:10EF6000591600208836002019450020B4340020AE
:10EF700070B511F0F1F914250F49104E0B78328855
:10EF800030809B1A03449BB2B3FBF5F405FB1433AA
:10EF90000B700B49E2B20B78934292BF00239B1A8D
:10EFA000DBB2032A0B7088BF002306499EBFD20044
:10EFB0000B68D3400B6070BDA345002028430020A0
:10EFC0001845002088360020084B1868084BC2B24C
:10EFD0001B789A4208D2074BC0F307201B7898424F
:10EFE00034BF002001207047012070478836002080
:10EFF00059160020A2450020F8B505461746FFF730
:10F00000E3FF064610B9184B1A783AB921200122BD
:10F010004FF6FF7112F078FF0020F8BD1348DFF8BB
:10F0200054C003780133B3FBF2F402FB14330370D2
:10F030000F48DCF8002000EBC30420F8335002F145
:10F040000132A1703846CCF80020FFF787FDE6704A
:10F05000606015F03AFDA84201D10120DDE7E378B8
:10F060000133E370F9E700BF59160020194500206D
:10F07000B43400208836002010B50B4C0B4A23789E
:10F08000063B137011F068F90022094BFF2118802C
:10F09000084B09481A602278D20017F04FFE04226C
:10F0A000064B1A7010BD00BF59160020A245002063
:10F0B0002843002088360020B43400201845002062
:10F0C00048B139B1044B1B780B70044B1B780370AB
:10F0D0000120704708467047A14500208116002096
:10F0E0002DE9F843074611F033F905461A4815F0A3
:10F0F00054FC1A4B48B31C683C1B2C44A4B200229D
:10F10000174BDFF864901B78164D99F8006005EBFB
:10F11000C3055FFA82F8464509D9AB8805F10800B6
:10F12000A34215D9B21A2946D20017F0EDFD0136D7
:10F1300089F80060AC80B8F1000F03D13946064869
:10F14000FEF75CFA2846BDE8F8833C461D60D6E72A
:10F1500005460132DDE700BFE4130020CC3B002070
:10F16000A54500204C400020A64500202DE9F74F82
:10F1700011F0EEF84FF0000E284D294F2978294C58
:10F1800097F800A004EBC10303EBCA020092F34618
:10F190005246DFF898801FFA80FC0646B8F8000057
:10F1A000ACEB0009A0EB0C001FFA89F90190009864
:10F1B000984217D1BEF1000F00D02970524503D2FA
:10F1C00000203A70FDF702F93B7823B32B781648FC
:10F1D00004EBC304A188C8F8006003B0BDE8F04F99
:10F1E000FEF70CBAB3F804C0CC450FD84FF0010EAF
:10F1F00093F802C001310CF1FF3C013AA3F804B0CE
:10F2000083F802C0C9B2D2B20833D0E7019884446F
:10F21000A3F804C0F8E703B0BDE8F08FA5450020CF
:10F22000A64500204C400020E4130020CC3B0020E9
:10F2300013B5184A184C1378013BDBB213706A46B9
:10F240002068616803C2154A2046127804F108015B
:10F250001A44D20017F058FD9DF8023013F00F0247
:10F260000AD11B090CBF01210021BDF8000002B02A
:10F27000BDE8104003F0EEBBBDF80400FFF730FF1F
:10F2800082880346ADF804206A4603CA18605960B4
:10F2900002B010BDA54500204C400020A64500202E
:10F2A000F8B50024084D094F094E3B783178E2B299
:10F2B0000B449A4204F1010400DBF8BD2846FDF737
:10F2C00091FD0835F1E700BF4C400020A645002025
:10F2D000A545002070B5104B06460D4610460F4957
:10F2E0001A780F4B09781B780B44934206DB1F20DA
:10F2F0004FF6FF7112F008FE002070BDFFF7F0FE20
:10F30000013506808570044611F01DF8E08000206C
:10F31000FDF75CF80120F0E756160020A645002016
:10F32000A545002000232DE9F041144FDFF854805B
:10F330003E7898F80050DFF850C07219DCB2944261
:10F340001ADA3CF8341001338142F7D1E000631C33
:10F35000D21A00F10801D2006144604417F0D4FCD5
:10F36000A5428BBF05F1FF3506F1FF3688F8005046
:10F370003E700CB9024B1C70BDE8F081A645002020
:10F38000A4450020A54500204C400020044B054A20
:10F390001B781278D3420CBF01200020704700BFB9
:10F3A000A5450020A6450020024B1878003818BF5C
:10F3B00001207047A5450020002108B5084B0948E9
:10F3C0001970094B1970094B1970094B1A78D20042
:10F3D00017F0B4FCBDE808400648FEF7ABB900BF23
:10F3E000A64500204C400020A5450020A445002053
:10F3F00056160020E413002010B50B4C23784BB1B7
:10F400000A4803F0D1FC58B1084B0121188815F0C7
:10F4100048FC08B9002010BD0122054B1A70FAE71C
:10F42000FFF706FFEAE700BFA54500204C4000209B
:10F43000A445002010B50E4B1B78B3B10D4C2388AA
:10F4400083424FF0000310D10B4A137049B9A378DF
:10F450001033A37015F066FF18B9A37823F00F03DB
:10F46000A370FFF7E5FE012010BD1846FCE700BFC2
:10F47000A54500204C400020A445002010B50446BE
:10F4800001460822094817F03FFC237B022B0AD8CB
:10F49000002B14BF3122012205490B709423CB733A
:10F4A000044B1A7010BD00230122F5E72E43002003
:10F4B0002A4300202145002070B506460D4692B033
:10F4C0000020C97AFBF7B0FF48B395F90A0015F0A0
:10F4D000B8FA044628BB144BEA7A014683F8582050
:10F4E000AA7A83F85A206A46FCF766FF4FF6FE7345
:10F4F00000219E420CBF4FF6FF732B896A460846D7
:10F50000ADF80660ADF80430FDF736FA28B92A895F
:10F51000064B5A80204612B070BD0224FAE78A24B6
:10F52000F8E78B24F6E700BFEC3A00202A430020DE
:10F53000014BD873704700BF2A430020014B187855
:10F54000704700BF2A43002010B5054C2378112BCB
:10F5500003D0D4210348EAF7DFFC4123237010BD18
:10F5600021450020BA140400064B01461B78042BE9
:10F5700004D1054A137C0533137470470348FEF722
:10F580003DB800BF224500202A430020041400207B
:10F5900008B50648FDF726FC0548FDF723FC12F0E8
:10F5A00018FDBDE8084001F051BA00BF2443002017
:10F5B00064430020064B1878332806D000F0EF0093
:10F5C000A0F143035842584170470120704700BFE3
:10F5D00021450020002208B5074B4FF6FE701A7037
:10F5E00015F07FFA4FF6FF7015F098FA034BD87BB1
:10F5F000BDE8084011F0A3B9214500202A430020AE
:10F6000008B5064B187838B10548FDF7E3FF4FF40D
:10F610007A73B0FBF3F0C0B208BD00BF16450020FE
:10F62000483600202DE9F0438BB007461546984632
:10F630000E469DF8489049B9104605AC0BF088F885
:10F6400021460BF0DBFC932818BF2646B9F1000FCA
:10F650000AD1124B1B781BB9284616F0CBFDD0B946
:10F6600028460DF065FA02E0284616F0C3FD80F04A
:10F670000104E4B29DF850302A4602939DF84C30C4
:10F680003146CDE9009338464346039415F062FCB9
:10F690000BB0BDE8F0834C46ECE700BF1D450020F1
:10F6A0002DE9F04F99B09A469DF89030BDF888B09A
:10F6B000239D0A939DF894300E46584611A9069250
:10F6C000099317F06BF905B3002800F01C816B78E3
:10F6D00011ACC3F3400305938C4B1AF0800F1B78D9
:10F6E00014BF57464AF08007022B17D04FF6FF7819
:10F6F000002D40F07D810225584614F000FE2B4677
:10F700004246214617F0D4FAB9E0584614F078FE84
:10F710000446002800F0F7800595DDE71EB97C4B14
:10F720001B78002BE2D02046FEF7FCFA80465846B4
:10F7300014F079FE012838BF0120C3B2079395B3B6
:10F74000281D14F09BFD81460AF002032046089311
:10F7500017F047F821460B90824600200AF0C8FFB8
:10F76000089A0B9B0ABBFF281FD1F2F713FB694ACB
:10F770001278824200F029814FF6FF720B9B934270
:10F7800013D10DF079F9002800F01F814FF6F773BF
:10F79000994522D915F056FE13A98246FEF7DEFAE6
:10F7A0000028F7D02DE0C146CEE74FF6F77291451D
:10F7B00020D8934211D899450FD0194622460CA85B
:10F7C0000DF010F90C980D9915AB03C3BDF8382056
:10F7D000022115A81A800DF08DFA484613A9FEF7EC
:10F7E000BDFA024628B9082113A815F01CF9002813
:10F7F00064D0CA464FF6F6720AF1FF339BB29342C9
:10F80000C8D8059B1BB9444B1B78002B5FD15846C9
:10F8100014F075FD079B5246019301232146009386
:10F820003B460DF039FA4FF6FF739842804600F0E0
:10F83000CC80014600220CA80DF0D4F80C980D994C
:10F8400015AB03C3BDF83820022115A81A800DF0AE
:10F8500051FA002D3FF450AF002E40F0CB804546CA
:10F860000123CDE90163059BC7F3C007424600931E
:10F8700021462B460698039715F06CFBA846059B7E
:10F880007BB14FF6FF7398450BD040460AF060FFFE
:10F89000FF281FBF214A32F8103023F4804322F89A
:10F8A00010300A9B7BB315F010F9269B014600939C
:10F8B0004246234609980CF013FC24E00822204617
:10F8C00013A917F011FA00287FF464AF91E7002D17
:10F8D0005ED0134B1B68980727D5069B0F2B21D0B2
:10F8E000281D14F0CBFC02230121CDE901310023B6
:10F8F000C7F3C0070246009321464FF6FF730698F0
:10F90000039715F027FB19B0BDE8F08F21450020C3
:10F91000164500201A4500201D450020DC4200202D
:10F920009C360020099B012BDAD1281D14F0A6FC7F
:10F9300081460AF00DFF0B90484615F02FFA4FF65E
:10F94000FF72904552D0C8450B9B4FD1FF2B46D03C
:10F95000184616F06CFC784010F0EF0F14BF01232E
:10F96000002340460B930AF0F3FE0890404615F042
:10F9700015FA0B9B56B14FF6FF71884506D0C84566
:10F9800004D0089A0240D2B2FF2AA9D1002BA7D1F5
:10F99000224651460CA80DF025F80C980D9915AB90
:10F9A00003C3BDF8382058461A8014F0A8FC3A4624
:10F9B0000146079B15A80DF039F930B94FF6FF73D2
:10F9C000BDF85C8098457FF444AF4FF6FF789DB159
:10F9D0000126281D14F052FC4546804640E7FF28CA
:10F9E00004D0089BB3FA83F35B09BAE70023B8E7B6
:10F9F0000226EEE70026ECE701257DE60022014B1A
:10FA00001A7470472A43002008B50B4B1B78022B51
:10FA100010D10A4B1B78033B012B0BD9084B1878EC
:10FA200000F001000DF00AFB0022064B5A609A60BC
:10FA30005A8008BD0020F3E7214500202245002020
:10FA4000164500202A43002038B5174D2B78033B7C
:10FA5000012B1CD8154BB3F868204FF6FF739A4260
:10FA600015D10320FDF788FF02F00AFBFFF7CCFF5A
:10FA70002B78033B012B01D908F0E2FF0020FBF7B4
:10FA80008FFC78B1BDE83840002014F05BBDFDF775
:10FA90005DFF0446FDF754FF0146204608F070F96B
:10FAA0000220DFE738BD00BF22450020EC3A0020ED
:10FAB00008B5114A114BD8731378032B1BD0D3B15F
:10FAC000332B01D0432B10D10D4B1B78033B012B63
:10FAD00005D803231370BDE8084010F030BF10F0C4
:10FAE0002EFFBDE80840FFF7AFBF21231370BDE82C
:10FAF000084002F0DBB808BD214500202A43002061
:10FB00002245002038B504461248FDF713FE124B7B
:10FB10001B78013B012B1BD8104D54B92B781BB11E
:10FB20009D202C7010F00BFF0024FFF76DFF204686
:10FB300038BDFF2C05D04FF47A7106486143FDF7BC
:10FB40005DFD2B78002BEFD101239C202B70E9E782
:10FB50007024EAE7483600202245002016450020A0
:10FB600038B5114D04462B78834218BF287012F027
:10FB7000CDFE80B124B9204612F0CAFE02220DE06B
:10FB8000012012F0C5FE2B781A1F012A05D9062B79
:10FB9000F4D1032202E0002CF5D10122BDE8384067
:10FBA0000021084615F0E9B82245002030B504468A
:10FBB00085B068460D4615F0B7F994B10021284686
:10FBC000144A15F009FB144B20681B7861688DF806
:10FBD0000430124B1B788DF8053002AB03C306F0DE
:10FBE000F3F80F4B93F8582093F85A308DF8032010
:10FBF0008DF8023014F086FFADF8000014F065FFB8
:10FC00001023ADF80600072269460020FDF70CFE20
:10FC100005B030BD00F8FF074C160020224500203B
:10FC2000EC3A002010B5134B04461A78124B002012
:10FC300083F85820FBF7B4FB10B1002014F082FCCD
:10FC400000210846FFF7B2FF0C4B1B78033B012B4A
:10FC50000DD812F04FFE2046FCF7C6FE9B2010F098
:10FC60006EFE0023064A1380064A138010BD0BF077
:10FC700049FBF0E7A7450020EC3A00202245002090
:10FC8000F2420020F042002010B501460446002058
:10FC9000FBF7CAFB90B10C4B1B78023B032B0FD830
:10FCA0000A4B1C70FCF7E0F960B9094A0949FCF7F6
:10FCB000E1FB002814BFA120002010BD8A20FCE732
:10FCC0007020FAE73D20F8E721450020A7450020F5
:10FCD0006132020025FC0100F8B50646FCF7C4F9C4
:10FCE000044668B9FBF75CFB50B1064D204695F819
:10FCF000587085F8586014F025FC10B185F85870DC
:10FD00003D20F8BDEC3A00201FB50446684615F0CA
:10FD10000BF99DF805305A1E052A09D8054A9DF8A9
:10FD200004101278914203D10020237004B010BD5A
:10FD30009320FBE74C1600202DE9F041294B80462B
:10FD40001B780E46012B174649D0274B1D78022DF4
:10FD500006D0032D43D118B9244B1B689B073ED412
:10FD60003320FDF709FE01F059FCB6F1006F36BFF4
:10FD70001F4B05221A7831460620FEF783FA10F051
:10FD8000FF0425D11B4D01202C7300F0BBFE14F0A5
:10FD9000B9FE68802846B8F1000F0DD0022300F8A4
:10FDA000043B15F069F96C73AF733946304612F0B5
:10FDB000ECF82046BDE8F081012300F8043B15F083
:10FDC0005BF96C73AF733946304612F0DDF8F0E73B
:10FDD0002846FDF7D1FDB8F1000FF4D0E5E7702417
:10FDE000E7E700BF22450020214500209C36002087
:10FDF000821600202A430020034B187818B9034BC1
:10FE0000034A1B78D05C7047204500202245002023
:10FE1000AF15040038B5174B04461B78033B012B84
:10FE200006D8437BDB0703D590F9090012F061FD8A
:10FE30000025114B83F859502079FFF74DFFFFF74C
:10FE4000DBFF618824880346224628460DF010F91E
:10FE5000044620B19420FFF72BFE204638BD9423A2
:10FE6000064DC8210648EB73FDF7C8FB03232B742E
:10FE7000F3E700BF22450020EC3A00202A4300208F
:10FE800004140020F0B5184D06460C4693B0A5F8B2
:10FE9000680005F16A0709BBC5F86A10796000219E
:10FEA0006A460846FCF788FA0021D5F86A306A46A7
:10FEB000CDF812307B680846CDF81630ADF81060EA
:10FEC000FCF75AFD4FF6FF73B5F86800984203D06F
:10FED00014B1064912F05CF813B0F0BD08223846A0
:10FEE00016F012FFDBE700BFEC3A0020563B002083
:10FEF0002DE9F041DFF8B8801F4698F8003005463C
:10FF00000C4616461BB170252846BDE8F081531EED
:10FF1000052BF8D8FCF7A8F80028F4D13B7B032B7D
:10FF200014D14FF6FE739C4212D1012E09D0022E3D
:10FF3000E9D114F0CAFD4FF6FB73984203D814F0D0
:10FF4000C4FD044604E015F07DFAFAE7012EDAD08C
:10FF5000EDB939462046FFF7AFFA05460028D3D160
:10FF600098F80030332B03D0532B1CBF0E4B9873E3
:10FF70003046FFF7F5FD00214FF6FF70FFF782FFD7
:10FF80000A4B1B78002BBFD00BF090F9BCE7397BF4
:10FF9000721ECB1E594259415042504106F098FF03
:10FFA00005460028D5D0AFE72A430020831600205D
:10FFB00021450020F0B50C461E46184B074687B079
:10FFC00001F1140051F8045B814243F8045BF9D15C
:10FFD0006D4609881980D4F80E00D4F812102388D1
:10FFE00003C5ADF8083023798DF80A208DF80B3061
:10FFF00000233A468DF80C304FF6FE716B46012017
:020000022000DC
:10000000FFF776FF40B96846FFF738FA2046FFF75A
:1000100001FF08B9024B1E7007B0F0BD3C43002041
:10002000A84500201FB5144B04461B88DB0707D4E6
:100030004FF6FF700021FFF725FF002004B010BD30
:100040000A2301201A4601A9FDF7EEFB4FF6FF73C4
:10005000BDF80C209A42EBD00822FF2101A814F031
:10006000E2FC0028E4D10CB90120E7E7BDF80C0060
:1000700001A9FFF707FFF7E75643002038B50C4604
:10008000154614F02EFD03F0F7FE29462046FFF733
:10009000F9FE00F031FD48B1074BDB790E2B28BF8C
:1000A0000E230133DBB2054A137038BD044B1B78B5
:1000B000013B18BF0123F6E73C430020BF45002069
:1000C0002245002038B500220821044614F0ABFC7C
:1000D0000546C8B914F0F9FC2A464FF6FF71FFF740
:1000E000CDFF2046217CFFF761FD6269E189207C1C
:1000F00015F072F8054B1B78012B01D107F050F871
:10010000FFF7A2FC002038BD0120FCE722450020BB
:1001100038B51D46FFF7ECFE0446D0B92B7B2846C8
:10012000032B03D1BDE83840FFF7CCBFFFF7A6F99A
:10013000094B25469C8114F0A9FC0121074B814005
:100140001A780620FEF79EF810F0FF041CBF044B3F
:100150001D70204638BD00BF2A43002082160020B3
:100160002145002030B5012087B0FFF75BFF6B46CB
:100170000446144A1068516803C384B905F032FE7E
:1001800002A814F0D1FE4FF6FF752246BDF80E000E
:100190002946FFF773FF11F001FF07B030BD6B4632
:1001A000094AD2F86A00D2F86E10B2F8685003C358
:1001B00005F018FE02A814F0B7FE6A46BDF80E005E
:1001C000E6E700BF3EDA0300EC3A002073B53A4B95
:1001D00004461B781BB17024204602B070BDFBF7AB
:1001E00043FF0028F7D100F097FC14B12288334B6D
:1001F0001A800DF10700FFF787FD002858D114F091
:100200002CFF04460028E7D12D4D9DF80700FFF78D
:10021000A7FC2B785A1E012A1FD8FFF7A3FF2B78C3
:10022000033B012B01D801F0A7F9FFF70DFC0120DA
:1002300014F0F7FB00283DD12B78033B012BCBD8E2
:100240001E4B188810F0020524D0052201201D49FC
:1002500002B0BDE87040FFF76FBD033B012B04D82F
:100260002046FFF7DFFE0028D7D12B78053B012B76
:10027000B2D8FFF777FFFFF7E7FB2B78052B0CBF12
:1002800004200520FDF778FB012002B0BDE8704096
:1002900014F0C7BB0C4E02230B2231460120FDF7A0
:1002A000C3FA33885B0797D5284601F079F993E7BD
:1002B000932491E704468FE7214500205643002010
:1002C0002245002000F8FF07EE42002001232DE91F
:1002D000F347614D07466148884614466B7300F04A
:1002E000BBFB12F008FB5D4E38B9012F01D9042F7A
:1002F00010D12146404610F058FB102000210AF092
:100300002DFB002800F09F80002002B0BDE8F047E0
:10031000FCF75CB8002CF0D1514B1B78212B03D09B
:10032000062B01D0532B02D101F0C0FCE5E7FDF70D
:10033000F1FB0028E1D000F0DFFB38B92B7B002B6C
:100340000CBFAB209420FFF7B3FBD6E7454B3046FC
:10035000019300F081FB20B140F655014248E9F7D6
:10036000DBFD3D49307B01AA12F0A1FA95F800901F
:10037000B9F1000F03D13948FFF74CFDBDE7DDF8B7
:1003800004A014F0A2FBDFF8EC80044698F80030DB
:10039000033B012B06D8737BDB0703D596F90900D5
:1003A00012F0A7FA3079FFF797FC00217088FFF769
:1003B00069FDFDF7AFFB2D4F60B14FF6F672631E7E
:1003C0009BB2934206D915F03DF8B7F86830044661
:1003D0008342F8D0204614F084FB308814F09EFB52
:1003E0004946B7F86800D047044608B91820AAE77C
:1003F000B7F8681013F0C2FF002387F859302B7844
:1004000003F0FB03022B02D0204614F093FD0022E0
:1004100020461146FEF75EFF98B19423EB7398F8DF
:100420000030042B06D1C8211148FDF7E7F803235B
:100430002B7462E74FF416710D48FDF7DFF80023C7
:10044000F6E794207FE7FEF7AFFF00287FF45CAF6C
:1004500002B0BDE8F08700BF2A4300203C430020E3
:1004600021450020B7500300BA140400EC3A0020E4
:1004700004140020224500207FB50024184E194D99
:100480003278E3B29A4201D804B070BD4FF6FF73E0
:10049000B5F868209A421AD0134B1B88DB0714D595
:1004A000124AB5F8683010685168ADF80C3001ABED
:1004B00003C30A2300201A4601A9FDF7B5F9022358
:1004C0000B2200200A49FDF7AFF90134D8E70022DA
:1004D0000821064814F0A7FA0028F6D1DCE700BF8F
:1004E00058160020EC3A002056430020563B0020CE
:1004F000EE42002010B501F091F801F08DFFD8B167
:100500000E48FDF717F90E480E4C017A0E30FFF732
:100510004DFB23781BB100F081FA002323700022E9
:10052000094B1A73FFF790FA08F08EFC01F000F9FE
:10053000BDE81040FFF7A0BF10BD00BF04140020AD
:100540003C430020A84500202A43002010B51B484A
:10055000FDF7F0F801F060FF30B1194B1B781BB9C3
:10056000BDE81040FFF7C6BF01F056FF78B1154C4B
:10057000237C83B1C8211148FDF740F80021237C7A
:100580000846013B2374BDE81040FBF789BFFDF727
:10059000C1FA0028EBD1FDF7BDFA38B90A4B1B7838
:1005A000112B03D003F0FD03412B05D1BDE8104012
:1005B000044BD87BFFF77CBA10BD00BF04140020A9
:1005C0001D4500202A430020214500202DE9F04F41
:1005D0000F4685B002AD044629463846914616F0CE
:1005E000DDF94FF0000B82463846CDF804B013F029
:1005F0008EFF4678022C804606F0020609D85CB1D0
:10060000FDF788FA044600283CD1734B01241B787F
:1006100059E0043C022C2ED9FDF77CFA384613F041
:10062000EFFE00240546A046DFF8B0A1384613F0DF
:100630006EFF50F809300DF10500019313F01EFE16
:100640009DF807B00746B8F1000F09D0BAF1000FC6
:1006500006D008225046614916F046FB002851D1C9
:10066000BBF1000F34D14FF6F7739F4230D994207D
:10067000FFF71EFA46E014F0A5FCFDF74BFA04461E
:10068000F8B15C464EB1564B1B78012B02D0043BAF
:10069000012B0BD805B0BDE8F08F4F4B1B782BB169
:1006A0004F4B1B7803F0FB03022BF3D0BAF1000F82
:1006B000404608BF002516F064F94FF00108824655
:1006C000B4E7454B1B78002BF0D0002EEED1E1E7CC
:1006D000DFF8049199F8003003B11EB314B3414B15
:1006E0001B78022B1ED1BBF1000F14D1384614F039
:1006F000F8F958465946FFF759FA08F0A5FB992032
:1007000010F01DF90020FAF74BFE0028C2D000209F
:1007100013F018FFBEE7FDF7FDF948B13248FDF7C9
:1007200009F8A4E7FDF7F6F910B1BBF1000FF5D118
:10073000FDF7F0F90028E5D02846FEF715F8FF2868
:10074000DFF8A0A0294C03D09AF80030012B04D187
:100750002946B4F86800FEF773F9FEF72FFA2A4627
:100760003846B4F86810FFF789FC214B214A93F909
:1007700006301B0213809AF80030012B18D0312B61
:1007800014BF432311238AF800301B4B1648196805
:10079000FCF734FF00F0F0FE0023114C99F8001034
:1007A000237439B91048FCF729FFAD23E373A9E797
:1007B0001123E8E7B8F1000F03D016B1FFF79AFE56
:1007C000F3E70E4B1B78042BEFD105210648FCF70D
:1007D00015FF09232374E8E71D45002095450020F7
:1007E0002A4300202145002004140020EC3A002078
:1007F0003C430020544300202414002022450020C4
:100800002DE9F04308468FB00D4613F080FE092213
:1008100000218046FBF75EF90446284613F0F0FD00
:10082000052207460DF10D03284606A911F0BBFB72
:10083000022881461CD09DF80D3029461C44E4B2A4
:1008400004F1100200230120D2B218F8046010F065
:1008500002F868B1072E09D856B1013E062E07D816
:10086000DFE806F00918067B062541007C2E45D0FE
:100870000FB0BDE8F083534B1B78013B012BF7D839
:10088000284613F03CFD00232A461946009414F034
:100890009DFBEDE74C4B1B78012BE9D14B4B1878B6
:1008A0000028E5D122462946FFF790FEE0E7454BB8
:1008B0001B78013B012BDBD8384609F0F7FE4FF6D9
:1008C000FF739842044606D0284613F018FD2246CE
:1008D000394616F0DCF93C4B1B78022BC8D1384660
:1008E00010F0E1F9C4E7374B1B78013B012BBFD86F
:1008F0004946284606AA00F021F9B9E7314B1B7892
:10090000013B012BB4D8A04498F8012098F802309C
:10091000652AADD16D2BABD12846FCF759FC1334B9
:10092000E4B28442A4D20822394604A816F0ECF9B5
:10093000214628460DF10E0215F071FF002897D1CF
:10094000BDF80E10002993D00123214C04A8237078
:1009500010F022F9002323708AE71A4B1B78013B21
:10096000012B85D8062200214046FBF7B3F840440E
:1009700013F084FC07460CF04DF8044600287FF481
:1009800077AF284613F0B6FCC3047FF571AF46F28B
:1009900004030121ADF8103038460223CDE90044AC
:1009A00004AA15F08BFF064600283FF461AF3946D4
:1009B00013F0E4FC284613F0A2FC22463146FDF772
:1009C00053FA55E722450020214500202A43002004
:1009D000DA450020064B187040B1064B1B882BB13E
:1009E0004FF47A7104485943FCF708BE704700BFC2
:1009F000144500200016002048350020014B1878CF
:100A0000704700BF1445002008B5FCF793FE002294
:100A1000014B1A7008BD00BF144500200023034A93
:100A200003481380034A1370FCF784BE5843002028
:100A300028140020B345002008B50348FCF77AFECF
:100A4000BDE80840FFF7EABF281400200148FCF782
:100A5000C9B900BF5843002037B5054698B10C4BC3
:100A60001B7893B100210B4813F0A0FD0024014630
:100A7000162322462846009413F0CEFE2046064B4D
:100A80001C7003B030BD0220FBE77020F9E700BF07
:100A9000B345002058430020A9450020F7B505467E
:100AA00018B3134C0021237812480133237013F03C
:100AB0007DFD002601460F4F237819B9013B012027
:100AC00023700AE0F2B2934209D100241623224691
:100AD0002846009413F0A0FE204603B0F0BD38462F
:100AE00013F0BAFD01360146E6E70220F5E700BF44
:100AF000A945002058430020014B1878704700BFDB
:100B0000B345002025289DBF024B1870002002200D
:100B1000704700BF85160020012307B518460D2237
:100B20000DF10701FCF780FE9DF80720024B1A70BB
:100B300003B05DF804FB00BF02160020F8B50746BD
:100B40000E46144613F05CFC1A4B05461B78022B2C
:100B50002FD1194813F021FF58BB284611F03EFA57
:100B600038B322463146384611F034FA08B3E9F773
:100B70002FFB0446384613F0C2FB104B012E1A78A7
:100B80004FF00F0303FA02F39BB2B4FBF3F203FB43
:100B9000124404F10104A1B206D1094B094A1E70A6
:100BA0002B6813606B6853600348BDE8F840FCF79E
:100BB00025BDF8BD214500206836002084160020A0
:100BC000B2450020AA45002084B010B502AC84E8EC
:100BD0000F00082227480DF11601089C16F084F832
:100BE00008BB9DF815309A0705D4234B1B7803F0FA
:100BF000FD03312B1DD121496378097803F00F02E1
:100C00008A4203D0012922D1022A12D1227882B944
:100C10001B09022B0DD11A4BA0781B78022B1AD17D
:100C2000C0F3800006E000220821124813F0FBFE0A
:100C300020B90020BDE8104004B07047114BBDF84A
:100C400008205B889A42CCD0002BCAD0F1E7022959
:100C5000EFD1012AD9E7030609D40B4BB3F868207A
:100C6000BDF80A309A42E4D1FEF7A4FCE2E7012085
:100C7000E0E700BF2E430020214500204C16002055
:100C8000224500202A430020EC3A0020284BF0B5F2
:100C90005D88002387B08DF80830264B0DF10B00DE
:100CA0001B7805F0010743F020038DF8093014F09C
:100CB000E3F96FF07F43ADF813308DF8153014F081
:100CC00080FA1D4B8DF816001B7805F01006DB002E
:100CD000DCB2F1F75FF8194B1B7883422CBF44F06C
:100CE000040344F084032FB1A9061ED426B143F0B7
:100CF000020301E0AA07F9D4002108468DF80A3062
:100D0000FCF710FBADF8060058B101230F2202A931
:100D10000DF10600FCF78CFB18B90DF1060011F07F
:100D2000C3FDBDF8060007B0F0BD43F00103DDE7E9
:100D3000021600204C160020BF4500201A45002056
:100D400010B5FCF7F7FC0A4B1B78022B0CD1094BB2
:100D50001B78033B012B07D9074C207828B10020D2
:100D600011F03FF90023237010BD15F066FFF9E77D
:100D70002145002022450020B245002084B02DE905
:100D8000F04788B010AC84E80F00DFF824A1454B91
:100D9000BAF802209DF8459012F0010E9DF94A40E4
:100DA0009DF85D809DF95E109DF860509DF9626030
:100DB0009DF946C09DF848701B7834D09DF86500B9
:100DC000C0F34002C0F38000002B48D0364B1B78A4
:100DD000022B09D1B44242DB23D1E81BC0B28028E8
:100DE0008CBF0020012015E0304B1B78012B00D177
:100DF000BAB178B19AF800301E335BB29942D4BFD1
:100E0000002101219C45D4BF002301238B4206D140
:100E1000B442E1DA08B0BDE8F04704B070470846D4
:100E2000F8E70020F6E7920718D5C3B1760814BF9B
:100E300001200020640814BF012300238342E9D16C
:100E4000EB1BDBB2802B0AD9BD42EAD18C4506DB15
:100E500025D1C1452CBF00200120DBE70BB90120C3
:100E6000D8E7BD4204D18C45F9DB01D1C145F6D3A9
:100E700002AC16AE0FCE0FC496E8030044F8040B84
:100E80002180DDE9140110AB0090ADF804100FCB08
:100E900011F004FD0028E2D1BD429ED1BAE77046B0
:100EA000B8E700BFB34500202245002021450020BF
:100EB0000216002084B02DE9F04F8FB06A4E18ACB6
:100EC00008AD84E80F0016220021284615F036FFF1
:100ED00033783BB90024654B32781B789A4239D27B
:100EE000002726E00021624813F060FB002704463B
:100EF000B846DFF87C91002C45D13FB122463946F7
:100F00005B4813F0E4FB3378013B33703378002BFC
:100F1000E0D0002156484FF0000913F047FB4F4640
:100F20008046CA46DFF848B1B8F1000F6CD1002FF7
:100F3000D1D01621002218A813F021FB014648B198
:100F4000002F00F08B802246494813F05CFB337879
:100F500001333370454B32781B789A4207D94448A5
:100F60000022018813F0B3FB3378013B33703378F0
:100F7000012B03D13F494048FCF740FB0FB0BDE8CF
:100F8000F04F04B070470022214616232846CDF8C2
:100F9000008013F041FC1622294618A815F0A4FE83
:100FA0000028EBD09DF864209DF824309A4225D18A
:100FB000BDF86020BDF820309A421FD108220DF103
:100FC0002E010DF16E0015F08FFEB8B902AF0DF1D4
:100FD000600CBCE80F000FC79CE8030047F8040B47
:100FE00039800EAB13E903000090ADF8041095E8CA
:100FF0000F00FFF7C3FE0028C0D027462146484611
:1010000013F02AFB044676E71623002241462846C1
:10101000CDF800A013F000FC02AF0DF1600CBCE8AD
:101020000F000FC79CE8030047F8040B39800EAB94
:1010300013E903000090ADF8041095E80F00FFF7E6
:101040009DFE074620B1B9F1000F04BF444681461A
:101050004146584613F000FB804665E73A4604488F
:1010600013F0AAFA73E700BFB345002085160020ED
:101070005843002020BF0200281400202DE9F04F23
:10108000002104469FB010AF162238460E91CDE9DC
:101090000C11CDF83B1015F051FE052220460DF144
:1010A0001F0316A910F07FFF0228804600F003817D
:1010B000204613F02CFA064613F0E0F88146F01CA7
:1010C00013F0DCF8ADF84000701D13F0D7F8B8F15C
:1010D000010FADF84200204640F0F08013F017FAFF
:1010E00005462046FCF758F80D352D1A3B4621469B
:1010F0000820EAB20FF0AFFB002800F0DC802046A9
:1011000013F00AFAB8F1010F83469DF84D3040F014
:10111000EF80002543F001038DF84D3016AE0495A5
:101120003388022B58D1F17820460231C9B2FCF73E
:1011300023FA1B2850D1F17820460331C9B2FCF7BD
:101140001BFA192848D1F17820460431C9B2FCF7BE
:1011500013FA4A2840D14FF0050AF17820460131B0
:101160005144C9B2FCF708FAF17880465144204650
:10117000C9B2FCF701FA00EB082083B200F03F028D
:10118000932B059240F0A28096F803802146D0442C
:101190005FFA88F808F10203DBB204930023049A93
:1011A00000930CA80F2313F037FB08F11101C9B20B
:1011B000204613F07EFB08F113010546C9B2204614
:1011C00013F077FBADF84200059B023353445FFAFE
:1011D00083FA33795345C0D806360DF17603B3420E
:1011E0009ED19DF84D20C5F3C03363F341022046E4
:1011F0008DF84D2013F022F98DF84400204613F0AD
:1012000012F98DF84500204613F012F99DF832309E
:10121000BBF1190FC3F3C3028DF84720DDF833206B
:101220008DF84600CDF84E20DDF83720CDF852205D
:1012300094BF00229DF83E208DF8482003F0030261
:101240008DF84A206F4A1278022A9DF84D200CBF73
:10125000C3F38003DB0963F382026B4B8DF84D20EF
:101260001B78022B59D1BDF8406013F04BFC86422D
:1012700053D108A813F000FFBBF1190F4AD9082277
:101280000DF14E0108A815F02FFD00283FD1B9F54A
:10129000004F02D0B9F5624F0DD140F6FF7325F42F
:1012A00040459D4207D1002208210DF14E0013F068
:1012B000BAFB002841D01FB0BDE8F08F13F027F92A
:1012C00005462046FBF768FF07350EE7412B7FF404
:1012D0007BAFF178204602315144C9B2FCF74CF99A
:1012E0004A4B1B78C3F1B30318448DF849006BE7F0
:1012F0006FF30003F01D8DF84D3012F0BFFF0CA905
:101300000546204613F000FF0023049369E700F030
:101310006BFFBCE700F068FFCDE7B9F5004F02D0E6
:10132000B9F5624FC7D140F6FF7325F440459D42A1
:10133000C1D1BBF1190FBED9B5E7BBF11A0F06D069
:1013400004993A461F312046C9B211F0AFFA304C29
:10135000304D637BDBB12B78012B1DD1012323732F
:101360000CAB029314AC94E803000090ADF80410A9
:1013700097E80F00FFF728FC90B194E80300009075
:10138000ADF8041097E80F00FFF794FD08E0FCF7B4
:10139000C1FB0028DFD0E1E703F0FD03042BDDD023
:1013A0002B78012B01D0042B85D11B4BDDF84E008F
:1013B0001B78DDF852108DF82230BDF84030ADF8C2
:1013C00020309DF84D30C3F340038DF823309DF855
:1013D000313003F00F038DF82C309DF848308DF834
:1013E0002D3009AB03C30D4B1B681BB1394608A850
:1013F000984760E79DF946209DF8451008A80FF032
:10140000BFFA58E72245002021450020BA450020B8
:101410002A4300209F450020B9450020C43B0020FE
:101420002DE9F043424B434C1B7885B0033B012B25
:1014300022D80EF08DFF2378022B31D13E4A14685A
:10144000A0422DD03D4910600A68121B10443C4A4E
:101450000860127872B1013A93403C2253434FF432
:101460007A72534398421BD9032005B0BDE8F0437C
:10147000FCF782BA0A23F2E70EF06AFF2378022B08
:101480000ED12D4A1568A8420AD00027DFF8BC808B
:101490002C4E1060451B98F80030FCB2A34202D8D5
:1014A00005B0BDE8F08356F8243020462B4446F8BA
:1014B000243009F0DDF9C3074FF0000910D52046AC
:1014C00009F0A4F970B156F82430242B08D9102261
:1014D00000232046CDF8009009F0E8F946F8249062
:1014E0000137D8E7184B1B5D13F00F031FBF03F143
:1014F000FF32022393403C220CBF0A2353434FF494
:101500007A72534356F824209A42E9D9204609F0CA
:101510009DF802A914F049FE28B1204609F096F87A
:1015200002A910F036FD204614F0D4FED8E700BF23
:1015300022450020214500209436002090360020CE
:10154000471600202C350020DC4400205E160020C9
:10155000064B1B88DB0708D50022054B43F82020EB
:10156000044A135C63F00F03135470475A4300207E
:101570002C350020DC44002008B50EF0E9FE0022E6
:10158000024B1860024B1A6008BD00BF9436002061
:1015900090360020014B1868704700BF903600203D
:1015A00008B50C48FCF7C6F8FCF738FA80B10A4BCE
:1015B0000322B3F86810012011F098F94FF47A7102
:1015C000064B04481B885943BDE80840FCF716B891
:1015D00008BD00BF48140020EC3A0020E8150020A8
:1015E000014B18800020704706160020044A054B66
:1015F0001870138823F003031843108000207047ED
:101600005A43002048160020034B1888C0F30E00F0
:10161000003818BF01207047EE42002008B5FFF7E0
:10162000F3FF30B10020044902230B220880FCF7AD
:10163000FBF8002008BD00BFEE420020024B1888D6
:10164000C0F30E00704700BFEE4200200023084A9E
:1016500001201370074A08491370084B084A1B7889
:1016600043F00403138002230B22FCF7DDB800BF14
:10167000B6450020B5450020EE4200204816002067
:101680005A43002013B514468DF80710CAB9CAB2E0
:101690000E2A16D80D4B1B881341DB0711D509F014
:1016A00057F8FF2801460ED09DF80720084B1A5422
:1016B00001231B200DF107020EF082FE204602B02E
:1016C00010BD0124FAE70224F8E700BF0616002047
:1016D000DC44002030B5012100240B2385B0104DDF
:1016E000019400918DF80C308DF80D000323B5F8AE
:1016F000680003AA8DF80E4015F0E0F868B1B5F85F
:10170000681013F00CFE40B10522064B64211A70DC
:10171000054B06481C70FBF771FF05B030BD00BFDC
:10172000EC3A0020B5450020B645002068140020A2
:10173000064B1B78033B012B06D8054B1B781BB9C6
:10174000044B1878FFF7C6BF704700BF2245002042
:10175000B44500204716002008B51548FBF7EAFFFE
:10176000144B1978F9B9144A13787BB1013B137003
:10177000124B1B78042B02D10846FAF791FEBDE804
:1017800008404FF496710A48FBF738BF0C4B1B8892
:1017900003F00303022B0AD1BDE808400322012015
:1017A0000849FEF7C9BABDE80840FFF7C1BF08BD48
:1017B00068140020B6450020B545002022450020D1
:1017C000EE42002000F8FF071FB50C238DF80C3007
:1017D0000B4B0C461B88012123F004038DF80E30BF
:1017E00000238DF80D00CDE900132046032303AA42
:1017F00015F064F810B1214613F091FD04B010BD4E
:101800005A430020F8B5064612F0E4FD054630467E
:1018100015F078F8411C0446C9B23046FBF7ACFE1F
:1018200002340746E1B23046FBF7A6FE39460246CF
:101830002846FFF727FF022816D02946FFF7C4FFE6
:101840000A4B1B8803F00303022B0DD1284608F036
:101850007FFFFF2808D00022054B43F82020054ACF
:10186000135C63F00F031354F8BD00BF5A4300200C
:101870002C350020DC440020084B1A785AB1022392
:10188000013A93404EF66022534303210448B3FBD0
:10189000F1F1FBF7B3BE42F21073F6E747160020F2
:1018A0006814002070B505461748FBF743FF012276
:1018B000164B28461A7015F025F8411C0446C9B28B
:1018C0002846FBF759FEA11C0646C9B22846FBF77D
:1018D00053FE0F4C022320800B2221460020FBF7F1
:1018E000A3FF86B9238803F00303022B03D1FFF77C
:1018F00043FEFFF7C1FF23885B0704D5BDE87040B6
:101900000448FFF74DBE70BD68140020B6450020A6
:10191000EE42002048140020F0B5194C87B023880F
:101920003BB3184F00214FF4807009F07FFA3B78E9
:10193000DB071CD501212088FBF7B8FC0646208870
:1019400012F0E5FD023012F099FC03A9054620884B
:1019500015F0E2F83B78294613F0020F0CBF66231E
:1019600000230620009303AA33460EF035FF002320
:101970002380054807B0BDE8F040FBF7DBBE00BFA1
:1019800060430020B7450020881400202DE9F0476F
:10199000304F80463D880E4614469946ADB31046FA
:1019A00012F0C3FCB0F5006F2FD1204612F0D0FC2E
:1019B000824608F0CDFEFF2827D02EB1264A32F805
:1019C00010302B4322F81030B5F5007F36D0B5F536
:1019D000806F33D0B5F5807F17D1204B1B88A34291
:1019E0001CD14FF6FF718A450FD0204612F0C6FC7D
:1019F000284609F049FA50B91948FFF78DFF00232E
:101A0000184A1380184A3B801370BDE8F087022003
:101A1000002108F0A3FF0028EED1F0E7114D2B883C
:101A2000A342F2D14FF6FF718A45EED024B1204691
:101A300012F0A4FC00232B800023E3E700230A4AD2
:101A40003B80137031464B4622464046BDE8F04786
:101A500013F07AB95C430020DC4200206043002090
:101A6000881400205E430020A445002010B50446E1
:101A70000A48FFF751FF01214FF4807009F0D6F9B1
:101A800058B10022064B05481C80064B1A70064BC5
:101A9000BDE810401988FBF7B1BD10BD88140020C7
:101AA00060430020B7450020EA150020044A13785F
:101AB00018B943F001031370704743F00303FAE7CA
:101AC000B74500202DE9F04FDFF84C9187B099F829
:101AD0000060002E40F08C80DFF840B1DFF840A1BC
:101AE0009BF80030F4B2A34207D80022424B1A8080
:101AF00007B0BDE8F04FFDF77FBC20463AF8145020
:101B000008F084FE8046002860D0204608F09EFD44
:101B100015F40071074645D001464FF6FF720E20BE
:101B200013F010FD0546002850D0394612F026FC6F
:101B30004FF400730027304E204633803AF81420CB
:101B400022EA03032AF8143010220023009708F039
:101B5000ADFE2A4B1B88DB0707D5294B294A43F8E2
:101B60002470135D63F00F031355182000216043A8
:101B7000254B264C0093019101232A46205CFAF75D
:101B8000B3FC002814BF0123002389F8003005D1DD
:101B90003388B3F5807F01D11D4B1880404607B0D4
:101BA000BDE8F08F680513D5059113F04BFC0122B9
:101BB00005990346009207203A46CDE90111FDF749
:101BC00031FD4FF480630546002DB3D1013687E720
:101BD000104B18880028F9D0EA05F7D5394612F0DD
:101BE000CDFB0C4B1D880A4B1D804FF48073EBE737
:101BF0004FF00008D2E700BF5C4300205A430020AA
:101C00002C350020DC4400208D19020090180020A3
:101C10005E43002060430020A44500205E160020A3
:101C2000DC420020042230B501F0400387B0002BD5
:101C3000054614BF012400248DF80C208DF80D10EA
:101C400004D004A914F0B1FA38B304ABCDE90043D1
:101C500001210223284603AA14F030FE0446F0B105
:101C6000104B1B78033B012B04D80F4BB3F86810C3
:101C700012F084FB4FF6F7739D4209D932220221FC
:101C80002046FDF727FB80F00100C0B207B030BD51
:101C90002946204613F043FBF5E70120F6E718201C
:101CA000F4E700BF22450020EC3A002010B5FFF712
:101CB000B5FC04F0DDFE13F035F9002014F06CFAE9
:101CC000FAF7D2F908B1FCF789FB1F4C2378532BA4
:101CD00010D1032300210120237013F0D8F9002034
:101CE000F9F75EFB10B1002012F02CFCBDE81040AB
:101CF00010F000BE062B01D0212BF0D1012013F0F3
:101D000092F94FF6FE7012F0ECFE4FF6FF7012F0F3
:101D100005FF0020FDF7F6FE0020FDF721FFFDF78F
:101D200073FE00F05FFB10F0E8FD2378212B02D159
:101D3000FDF750FCD3E70020FBF71EFE00214FF417
:101D4000004014F016F8CAE72145002010B50A4CEF
:101D50000A48FBF7EFFC2378062B02D1012013F091
:101D600062F92378062B01D0532B03D1BDE8104034
:101D7000FFF79CBF10BD00BF21450020A814002024
:101D80002DE9F84FDFF8CC8004460E461746FFF7E2
:101D900045FC98F8005015B97020BDE8F88F212D4A
:101DA000FAD0DFF8B49099F80030012B01D1A306E6
:101DB000F2D4274812F0F1FD0028EDD114F02004F0
:101DC00039463046DFF894B0DFF894A005F00F05EF
:101DD0001BD010F0DCF8012D8BF80070AAF8006021
:101DE00033D1212388F80030FFF760FF0020D4E7CB
:101DF000212388F80030FFF759FF00214FF6FE70CD
:101E0000FEF740F8FEF738FBF0E710F0BFF8012DC1
:101E10008BF80070AAF80060EAD0062321464FF63E
:101E2000FD7088F80030FFF7FDFE40F6020240F238
:101E3000262199F800300648033B012B88BF114644
:101E4000FBF7DCFB002CD1D1D7E75323E6E700BF3B
:101E5000A81400202145002022450020B84500207C
:101E6000081600202DE9F3410F46511CC9B2054662
:101E70003846FBF781FB0446384612F048FB06461D
:101E8000023012F0FBF9414B80461B7804F040020F
:101E9000022B02D0043B012B06D83D4B1B68580295
:101EA00005D5A10603D48AB302B0BDE8F0816AB3B8
:101EB000384A1278D11E01291CD8374BB3F8683044
:101EC000AB42F1D173781F0719D5304614F059FD94
:101ED0000822324914F008FFB0FA80F040090028C7
:101EE000E2D00122294604F0200002B0BDE8F04112
:101EF000FFF746BF022AD7D1DB01D5D4E2E712F0C3
:101F0000E4FDA0EB080670427041E8E7214B1B7826
:101F1000013B012BC8D87378D906C5D56946384628
:101F200014F03CFD6946002008F0E2FBFF2806465D
:101F30000BD0A20601D413F012F9304608F086FB4C
:101F400004F0B8FD304614F0C5F9284612F026FF1B
:101F5000FF280DD0FCF74AFC14F0200608D112F03F
:101F6000B4FD28B1334602226946284605F0AEFE8C
:101F700012F0ABFD002897D1A30695D44FF6FF735E
:101F80000222694628460EF03EFC8DE721450020DE
:101F90009C36002022450020EC3A00209545002088
:101FA00038B504460D4608F0D3FBFF28034615D08C
:101FB0000B4A127842B10B4A32F81020520403D572
:101FC00014F088F9002038BD184613F0C8F82046F0
:101FD00045F04001BDE83840FFF724BE0120F2E79C
:101FE0001D450020DC42002038B5054612F08FFA6E
:101FF0000446284614F086FC411CC9B22846FBF76B
:10200000BBFA42060DD563781B070FD5204614F0A6
:10201000B8FC0146002008F06BFBBDE8384014F026
:1020200059B90348BDE83840FFF790BE38BD00BF3E
:10203000A814002038B54FF6FF75A842044617D003
:1020400012F060FDA04213D04FF6FD72094B1988C3
:1020500091420DD9084A1288AA4201D0A24207D162
:102060001C804FF47A71BDE838400448FBF7C6BACB
:1020700038BD00BFF21500200A16002028360020C7
:1020800008B50448FBF756FB4FF6FF72024B1A8067
:1020900008BD00BF28360020F2150020024A137840
:1020A0000BB1013B137070471045002008B512F0CA
:1020B00035FD00214FF6FF72044B08461A80FDF7EC
:1020C00075FDBDE808409A200EF039BCF2150020DD
:1020D00008B5FBF72FFB0A4B1B78023B032B08D8F4
:1020E0004FF6FE73074A108898424FF6FF7301D1EE
:1020F000138008BD9842FCD0BDE80840FFF7D6BF6A
:1021000021450020F215002010B5084B1B78042B48
:102110000AD012F0DAFC00210446084613F03DF81C
:10212000231A5842584110BD0020FCE722450020E8
:10213000F0B5002689B00546CDE90566ADF81C600E
:1021400014F0E0FB0A23024604462946009605A83F
:1021500012F062FB9DF815309DF814701F2B27D8E4
:1021600003A812F089FF08220DF1160103A814F04C
:10217000BBFD0646E0B9092F1CD1FFF7C5FFB8B17A
:10218000154B1B78A3B1154B1A884FF6FD739A4275
:102190000ED9134C134A23780433DBB22370127820
:1021A000013AB3EB820F03DD58B20EF069FD2670E1
:1021B00009B0F0BD04F10A01C9B22846FBF7DCF909
:1021C00013F019F804F10B01C9B2284612F071FBA3
:1021D000FFF730FFECE700BF5F160020F21500208C
:1021E000104500204616002038B5134B1B78033BE2
:1021F000012B20D9114B4FF6FF711B78ABB1104D5D
:102200002B888B4217D112F07DFC4EF660210446DC
:102210000C48FBF7F3F94FF6FE7322462B800021A2
:10222000BDE83840092012F0F4BF074A13888B42FA
:102230001CBF0133138038BD224500205F160020EB
:10224000F215002028360020EA42002010B504468E
:1022500061B1FF2112F0FCF80021204612F0FEF8D7
:1022600011F0AEFF0146204612F0FEF82146BDE80F
:1022700010400022014812F09FB900BF64430020C3
:102280002DE9F0410D461746044612F040F9067854
:1022900028460AF0BFFB29468046204612F06EF819
:1022A00012F013FCA84206D120460121FFF7CEFF11
:1022B0000120BDE8F0812846B8F1000F0AD00AF0ED
:1022C00037FC50B9144B3A462046BDE8F041197826
:1022D000FDF700B813F08EFFF3E706F00306012EBA
:1022E00008D012F0F2FB00232246294602F06EFECF
:1022F0000028D9D1204611F0FDFF430505D5204621
:10230000BDE8F041002112F0CCBC204613F035FFAF
:10231000B0FA80F04009CCE74416002010B586B032
:10232000044614F0EFFA104B02461868197902902F
:10233000D3F805005B7A01328DF8143000238DF854
:102340000C10049021460093D2B2052304A812F089
:1023500063FA052204A902A814F0C6FCB0FA80F0C2
:10236000400906B010BD00BFC814040008B50748F6
:10237000FBF7E0F9064B1B78033B012B05D8BDE8C2
:10238000084000210846FAF78BB808BDC8140020A1
:102390002245002008B5114812F0DEFA104B1B78D8
:1023A000012B06D8FF2009F015FCFCF765FE08F0AC
:1023B000C1FCFCF77FFA02F05BF9FFF747F914F074
:1023C00088FC0BF0DBF8FCF7F7FF0AF0EBFE0FF0F0
:1023D000E2FDBDE8084003F0FBB800BFAC3B0020C5
:1023E0004516002008B5EFF747FDFF2803D0094B3D
:1023F0001B78012B06D9002009F0ECFBFCF73CFE12
:1024000008F098FCFCF756FA02F032F9BDE80840F3
:1024100003F0DEB845160020064B1878112806D0C8
:1024200000F0FD00A0F141035842584170470120DF
:10243000704700BF214500202DE9F0410446FCF71C
:10244000C3FD18B100263046BDE8F0811D4B1B7856
:10245000033B012B09D81C4BB3F868104FF6FF73F0
:102460009942EFD0204611F089FF184B02212046F7
:102470001A88FCF72FFF06460028E3D0204612F00A
:1024800046F890F807800546043011F0F7FE07463D
:1024900012F01BFB414602463846FCF7ADFDA81C76
:1024A00011F0ECFE4FF6FF73984202D12046FFF781
:1024B000DDFA2B789B07C6D101212046FFF7C6FE27
:1024C000C1E700BF22450020EC3A00206243002013
:1024D0002DE9F04F002585B00746039512F017F857
:1024E0000646043011F0CAFE8046B01C11F0C6FE4C
:1024F000337804464046009308F02AF98246404665
:102500000AF088FA3378BAF1FF0F0CBF83464FF018
:10251000010B9A070AD112F0D8FA404514BFD946E8
:102520004FF00109B3791BB90320B8E0A946F9E7D8
:1025300012F0CBFAA04205D112F0C7FA0446994B2B
:102540001B7836E0984B1B78052BF8D0033B012B0A
:1025500003D8964BB3F86840F1E7204613F060FECD
:10256000737840B313F00402DFF838820BD198F887
:1025700000301A4421463846D2B2FFF781FE0028C7
:10258000D2D000208BE0384614F07EF90146054693
:102590003846FAF7F1FF421C52002946384602F04D
:1025A000FE0212F07CFE737823F00403737098F837
:1025B00000300022DDE75B0726D5384614F064F9C9
:1025C000014606463846FAF7D7FF824606F101096A
:1025D0005FFA89F949463846FAF7CEFFDFF8C48139
:1025E000BAF1000F01D0FF2805D100224946384634
:1025F000FAF7D6FFDBE7B11C01EB4001C9B2384660
:1026000012F057F90446D2E7204603AA02A913F0B4
:102610003FFF0546B9F1000F49D0009B03F0C0030E
:10262000802B0ED1FF2320468DF809300AF0BEFF23
:10263000FF281BD00DF109020DF10A010BF09AF9E8
:1026400014E0402B33D19DF8083083B3FF2320469C
:102650008DF809300AF0AAFFFF2807D00DF1090212
:102660000DF10A010BF086F903281BD1337840469F
:1026700003F03F03337013F0D3FD10B912F025FAC5
:10268000804642460021204608F068FE00283FF4BC
:102690004BAFC822072138460AF0BCFD012005B027
:1026A000BDE8F08F9DF80930FF2BDFD12546039858
:1026B00038B99DF80820002A62D13A4B2C461B7885
:1026C00057E709F04BFA039AFF280346127908D11D
:1026D000CDE900204FF4DF713548E7F71DFCDDE957
:1026E0000023B9F1000FE4D002F03002102A0AD022
:1026F000202ADED1BBF1000F24D05146184609F044
:102700002FFC0028D5D1DFF8AC9099F80030012BD0
:1027100045D0204610F0CCF828B92A46214640463C
:10272000F37913F038FEA54212D1039A137923F0FE
:102730000C0313719DF80830ABB92C46194B1B786C
:10274000302216E7039B1B7913F00C0FDBD1B0E7A7
:1027500099F80030022BE8D0039A137923F00C0388
:1027600043F00403E5E70121204612F091FB20B974
:1027700020460AF01BFFFF280FD00A4B1B78DFE72B
:102780000121204612F084FB00287FF4D8AE2046B9
:102790000AF00CFFFF287FF4D2AE02207FE7A542AB
:1027A000D9E700BF6243002022450020EC3A002018
:1027B000E3150400BC45002038B50D4B04461B78DA
:1027C0000D46033B012B0FD900F108039BB2012BEF
:1027D0000CD812F07AF929460246204608F0BEFDD0
:1027E00080F00100C0B238BD0120FCE77020FAE79C
:1027F000224500202DE9F041064610460D4614F012
:1028000081F8A0F11004E7B256FA84F42146EA1BDD
:1028100004F10E0014F078FA2823DFF84480F35511
:1028200098F80030637301F035FF611C0246012007
:1028300011F02AFD08220949601D14F065FA98F884
:10284000000013F004FB05F10E0130463B46002268
:10285000C9B201F0CBFF1220BDE8F0819545002000
:102860001C4500202DE9F04F89B0044611F04FFEC1
:102870000546204611F0AEFD0746281D11F0FEFC6E
:102880008146A81C11F0FAFC8246384695F807B03C
:1028900013F0C6FC2B78039099076CD121460420D5
:1028A00002F0ACF8002866D0204614F02BF8014660
:1028B0002046FAF761FE82075DD1204614F022F827
:1028C00001462046FAF758FE10F00303049352D154
:1028D0002046FFF723FD00284DD0204614F00BF9C9
:1028E00000F1010806462046FAF772FC5FFA88F804
:1028F00008F10A03834280F2A480534A06AB1068B1
:10290000516803C3B11CC9B22046FAF735FE4146EF
:1029100005902046FAF730FE059B06F10B0100EB0F
:1029200003201FFA80F8C9B22046FAF725FE049B5F
:10293000F21C2146D2B20590009306A8082311F09C
:102940006BFF204611F046FD4146059A0FF0DCFF73
:102950000122404606A901F091FB002871D1022016
:102960000AF0AEFD02200AF0ABFD013003D1404673
:1029700006A9EFF773F912F0A8F848453A46594608
:1029800008D112F0B3FA00285BD109B0BDE8F04FCE
:1029900001F06ABB484612F0A9FA002851D12B4B2E
:1029A0001B781BB93946484612F093FC3A46594603
:1029B0004846FCF721FB002843D0297811F0030199
:1029C00002D12046FFF742FCAB79002B39D0204BD7
:1029D0001B78033B012B34D96B78DB070DD55046B0
:1029E0002E7A13F0DBFA08B3F30803F01C0326F089
:1029F0001F06334343F001032B724FF6FF7120464D
:102A000011F0BCFC039BD3B9E7F7E2FB00F03F02F7
:102A100002212046FCF75EFC4FF6FF739A4510D169
:102A2000204609B0BDE8F04FFFF720B806F01C03C0
:102A30001C2BE2D0042B04D9043E2E72DDE70022C9
:102A4000E6E709B0BDE8F08F3EDA03001845002044
:102A5000224500202DE9F04385B004460D46174677
:102A600011F052FC0C2820467CD111F050FD0922B7
:102A70000021F9F72FF800F110010646C9B22046EF
:102A8000FAF77AFD042854D006D8012810D002287D
:102A90001DD005B0BDE8F0837C28FAD10121204685
:102AA000FAF704FC294605B0BDE8F0430EF09FB8E4
:102AB00045B91321204611F0FCFE05B0BDE8F043F6
:102AC00012F02CB805B0BDE8F043FCF797BFAF4B50
:102AD0001B78013B012BDCD806F113012046C9B25B
:102AE000FAF74AFD45EA000212F0FF0511D106F19E
:102AF00011012046C9B211F0DCFE0646214613F052
:102B000094F92A463146102005B0BDE8F0430FF095
:102B1000FBB9002508232146152200950DEB030083
:102B200011F07AFE284602A907F0E2FD13F0D2FB6D
:102B3000AFE7974B1B78022BABD145B9FEF77EFD73
:102B4000C2070AD5FEF718FD002F08BF3125284619
:102B500005B0BDE8F0430DF074BFFEF755FD002849
:102B6000F0D0F1E711F0D3FC8046043011F086FB81
:102B7000074608F1020011F081FB4FF6F773984207
:102B8000064665D8834A138801339BB213800BB97C
:102B9000814A13806DBB98F8003003F00303012BCA
:102BA00022D1204613F0AEFE01462046FAF7E4FC9F
:102BB000043809283FF66DAF01A353F820F000BF99
:102BC000752C0200932A0200932A0200992C02001D
:102BD000932A0200932A0200932A0200812C020009
:102BE000932A0200812C0200002B7FF452AF0021B7
:102BF0003AE0694A13880133138098F8009009F08D
:102C00000309B9F1010FCCD0B9F1000F7FF441AF46
:102C10006621204604F032F898F8015015F00405BA
:102C200040F09A80304613F061FC04463046002C98
:102C300040F0828013F0DEFA0346002840F0A280C4
:102C4000564A009012783146384612F090FC20E740
:102C500098F8003003F00303012BA2D0002B7FF47F
:102C600018AF002DC3D06621204605B0BDE8F04363
:102C700004F004B8204605B0BDE8F043FFF7B4B94E
:102C8000424B1B78042B7FF404AF0021084605B0AB
:102C9000BDE8F043F9F704BC3C4B1B78013B012B2A
:102CA0003FF6F7AE404613F06CFE00273C4B014662
:102CB0005B898DF80A70ADF8083000283FF4E9AE62
:102CC000384607F015FD0646204613F01BFE421C51
:102CD000032321460097D2B202A811F09DFD2C4B90
:102CE0001B78022B9DF80A301AD11D43EDB2BDB9F5
:102CF000FF2EBDF808400AD02A4A214632F8163085
:102D0000304623F4806322F8163013F0C3FA2046CD
:102D100013F09FFB0022214610200FF0F5F8B8E6D3
:102D2000022B3FF4B6AE2BB91E4B33F816305B05C1
:102D30003FF5AFAE3046F9E613F05CFA0346C0B992
:102D40000C2200903146384612F011FC0C22002370
:102D500039463046009378E7304613F04BFA034685
:102D600010B90B2200906EE74B46CDF8009006227A
:102D700069E706222B4631463846009512F0F7FBEC
:102D80000622E4E723460094F1E700BF2245002035
:102D900021450020F2420020F0420020871600204A
:102DA000C8140400DC4200202DE9F04F05888BB0E8
:102DB0000446284611F0ABFB8046043011F05EFA61
:102DC000074608F1020011F059FA05A901902846BA
:102DD00013F0E4FD284613F095FD0146064628460B
:102DE000FAF7CAFB98F80030029003F00303012BB6
:102DF0000CBF82464FF0FF0A0DF0A5FAB4F806B0FA
:102E0000814611F062FE98F807300090384603932F
:102E100001F062F8002838D1019801F05DF800282F
:102E200049D1FCF78BFBA9EB0B0B1FFA8BFB8146FF
:102E3000FAF770FE002844D1FFF7EEFA002840D1DF
:102E4000A14B1B78033B012B42D8BAF1060F00F0CF
:102E5000BE80BAF1040F00F0BA80FFF7DDFA20B1AE
:102E6000029B03F00303012B32D0FAF7D7FD28B9F8
:102E7000964B1B7803F00F03062B6FD1944B28461B
:102E8000B3F8681011F07AFA22E0284611F03FFBFF
:102E9000023011F0F3F94FF6F773984206D9039B0D
:102EA00023B92846FFF73AFA0028B5D1A37823F0D2
:102EB0000F03A37054E0019813F0B2F90028B0D1C9
:102EC000F4E7A9F104095FFA89F9B9F1020FB7D85B
:102ED000BAF1010F40F0A280284611F039FA4FF6FE
:102EE000FF7398426AD100233146284607AA13F09F
:102EF00013FA80460028D9D042799DF825309342B4
:102F000009D9711D2846C9B2FAF74AFBA37823F004
:102F10000F030233A370E7F75BF97E23B0FBF3F2F4
:102F200002FB130303F58073A3809DF8263013F092
:102F3000180F0BD0A378190708D1009BBB4205D00E
:102F4000384698F8052005A90DF09CFD9DF827004E
:102F5000003818BF01200BB0BDE8F08F2823A380F4
:102F60000020F8E7584B1B78033B012B5FD940F654
:102F7000B8339B459AD8E7F72BF9FF238DF8133028
:102F8000002300F03F00C0F5FA70A08007A90DF102
:102F900013008DF81C30FCF793F8054698F80710DD
:102FA000384611F097FF002D80D09DF81C20013A83
:102FB000032A7BD8DFE802F0807A697D4FF6F77349
:102FC000019A9A4224D898F80130DA0720D428468A
:102FD00011F0BEF911F06FFD012808BF3D4BA2783A
:102FE00009BF1B78FA2303EB830303EB830302BFC0
:102FF0009B00FA339BB212097FF458AF5B45FFF494
:1030000055AFE7F7E5F800F01F001030A08053E05F
:103010002D4B1B78033B012BA9D8D8E74FF6F7734C
:10302000019A9A429ED898F80130DB079AD4BAF1F7
:10303000020F53D10123314607AA284613F06CF939
:10304000074611F042FDBDF82230984236D1002FDC
:103050003FF42CAF01227B883146284608F002FB62
:103060001D4A13780133DBB288F8073013707B8870
:10307000BDF81E209A421FBFA37823F00F0302332E
:10308000A3704FF4C873A38016E0009BBB4213D01B
:1030900000283FF40BAF426801323FF407AFC2781B
:1030A0009DF813309A42BFF401AF05E0009BBB428C
:1030B00002D0A2781209EBD101204CE7184613F098
:1030C000AFF80028C3D182E7224500202145002027
:1030D000EC3A0020561600201F450020BAF1030FDD
:1030E0007FF475AF009BBB427FF471AF711C284623
:1030F000C9B2FAF741FA0C287FF469AFFBF7D2FDA9
:103100004FF6FF73984201463FF461AF284611F035
:1031100035F95CE72DE9F3410446008811F0F7F931
:103120000546043011F0AAF80646A81C11F0A6F8CE
:1031300007460DF008F905463046B4F8068000F061
:10314000CBFE064648B9384600F0C6FE58B9194AC3
:10315000A3781278033A012A0BD8A378002623F02B
:103160000F03A37021E0384613F05AF80028EED17F
:10317000F3E71B09F1D1A5EB0805ADB2B5F5C86FB2
:10318000EBD80DF10301384601AA019313F080F941
:103190009DF80350014645B94FF6FF73984204D09D
:1031A0000126208811F0EAF8A580304602B0BDE87B
:1031B000F08100BF224500202DE9F04105460C4674
:1031C00011F0A2F8082802D10120BDE8F081201DED
:1031D00011F054F80646284694F8078011F0FAF8E2
:1031E0000746284611F086F8010612D5184B1B78C1
:1031F000042B0ED1174B1B78022B0AD1164BB3F8B8
:1032000068204FF6FF739A4203D000210846F9F771
:1032100047F9124B1B78002BD6D1A01C11F02EF8C9
:103220004FF6F773984202D86378DA070DD5237802
:103230009B070AD13A464146304611F057FE80F0CE
:103240000100C0B200F00100BFE70120FAE700BFB3
:103250002245002021450020EC3A0020BE450020F8
:103260002DE9F04F99B0044611F04EF8054620467E
:1032700011F04AF808283DD110220021204612F012
:103280000EF82046F9F788FF05462046F9F7A0FF1B
:10329000C1B22846FAF750FEADF852408DF8510001
:1032A00048B92046F9F778FF01460DF15100FAF7C9
:1032B0007DFE8DF8500048F20103BDF850209A427F
:1032C00002D120460EF069FE9DF85130402B05D109
:1032D00020460EF062FE19B0BDE8F08F802B03D0BF
:1032E00014A80DF09EFCF6E714A80FF007FB0028C9
:1032F000F6D0F0E7204611F05AF8B0F5006F40F034
:10330000FD80204611F066F80646042D40F0F98055
:10331000204610F0EFFF80F40060C0F3C0200022D0
:10332000314640000EF0F0FD904B1A78022A0DD085
:10333000FFF772F850B902F0FD03312B06D0043AC2
:10334000012A03D98A4B1B78002BC4D021460220C6
:1033500001F054FB04900028BDD02046ADF83A405F
:1033600011F0D5F80446BDF83A0011F033F80546DF
:10337000201D10F083FFA31C83461846029310F013
:103380007DFF0FA90646BDF83A0013F007FB6378EE
:103390000590BDF83A002778089313F0B3FA6378E4
:1033A000824607F0030728460B9309F033FB012FF1
:1033B0000CBF032302230D936E4B08BF4FF00B0885
:1033C0001D80237818BF4FF00A0803F03C03082B38
:1033D0000C9080D1BDF83A00F9F7FAFE50457FF61F
:1033E0007AAF012F03D0237898077FF474AF624B34
:1033F000B3F86830AB420DD1604A614BB2F90010AE
:1034000093F90030002900F0A18001EB0313A3EB36
:1034100021131380AAF11003DBB206938DF8393023
:1034200010224046BDF83A100DF139030DF013FAA1
:1034300000283FF450AF089B13F00203099300F0FB
:103440000C81504B1B78002B3FF445AFBDF83A8000
:103450004FF00009404613F055FA07904046CDE979
:103460001499CDF85890ADF85C9010F0B3FF079B1D
:10347000029003F10E01404689B213F016FA0028BB
:103480006ED00E234146079ACDF8009014A811F093
:10349000C3F901200DF1510110F004FF9DF85D30DA
:1034A0000A9003939DF85030282B59D108223649B1
:1034B0000DF1550013F018FC002851D0039812F0BC
:1034C000C6FC002866D1314B039A1B78D31A190623
:1034D00046D404F049FC01283AD10CF039FF2C4EB7
:1034E0000546346824B104F045FC2C1B844237D3D4
:1034F0000021084611F0CBFD356031E04FF6FD7636
:1035000003E74FF6FF70301A18BF01200022314642
:1035100040000EF0F9FC0C2D0DD12146012001F0E8
:103520006DFA00283FF4D7AE2146002019B0BDE85F
:10353000F04FFDF765B92DB9204619B0BDE8F04F41
:10354000FDF79CBD042D7FF4C6AEEDE61B0260E7DF
:1035500004F00AFC022803D104F0E8FB0028BCD0E8
:103560000022192002990EF0CFFCB4E6214500207C
:10357000BE45002080430020EC3A00205443002048
:10358000BA4500201D450020954500201C4500201F
:10359000D83B002001231021009340464B46079A58
:1035A00012F082FA0028DBD0BE4B039A1B789342BC
:1035B00040F0A78002990DF1550211A809F012FA06
:1035C000012111A809F08AFA814648F2030111A8E5
:1035D00009F090FBB9F1000F03D0082111A80FF0FA
:1035E0004AF9404613F0ACF902990DF15500FBF78A
:1035F000F9FBFE288146B3D0FF280AD1029811F0CA
:10360000CDFBFF28814600F084800DF15501FBF7CA
:1036100063FAA44B039A1B78934200F0A0804846BB
:103620000A99FBF7C5FB00283FF455AE48460A99B6
:10363000FBF7D0FB23789A070FD1404613F062F9CD
:1036400001464046F9F798FF00F00300012804D135
:1036500002980DF15501EEF701FBBDF83A0010F0AC
:1036600049FE030440F18280204610F007FE40F43A
:10367000007189B2204610F003FE00224FF4004191
:10368000BDF83A0010F027FEDDF810801022BDF8DA
:103690003A100D980DF139030DF0DDF800283FF4D4
:1036A0001AAE032865D1204610F0E8FD40F4007101
:1036B00089B2204610F0E4FD284612F0B1FD002842
:1036C00040F0BA80DDF81080012F40F0BB8003206D
:1036D000BDF83A1001F092F9002840F0B38051464D
:1036E000BDF83A00F9F748FF0F2801467FF6F3AD21
:1036F0004FF6F7739E423FF6EEAD284611F033FECB
:10370000E9E50120039903F05FFC00287FF452AF44
:1037100026E7237803F00303012B08D1404613F07A
:10372000F1F801464046F9F727FF082895D05E4B8F
:103730001A785E4B1B789A4209D20DF15501029816
:10374000FBF77EF9029811F029FB814661E7A01C86
:1037500010F094FD4FF6F7739842EED900E7484613
:10376000FBF7B0FB00283FF45AAF5FE74FF00008CB
:103770008CE7284612F054FD0028A5D0099B002BA9
:103780005CD1B8F1000F57D1012FBDF83A009ED09F
:103790005146F9F7F1FE8146DFF8208198F80030B4
:1037A000002B5AD011F091F986427FF494AD012F8D
:1037B00040F08D80B9F1070F00F28280B9F1050F5A
:1037C0007FF689AD3A4B1B78022B02D0043B012BCC
:1037D00003D898F80030002B46D00B9B980640F198
:1037E000C4800C9B002B40F0BC80284606F0B0FF44
:1037F000FF2840F0B6805D457FF46DAD059B002B42
:1038000000F0AD800FAB46F204020126ADF8502067
:103810000193314602232846009614AA13F04EF86D
:10382000044600283FF457AD294610F0A7FD314665
:10383000204611F036FA4EE5DDF81080284607F0F4
:103840006BFD41E75146BDF83A00F9F795FE099B3B
:10385000814613B9B8F1000F9ED0154B1B78022B8F
:1038600002D0043B012BB8D8284600F035FB804637
:1038700000287FF430AD11F028F9854231D10D4B8D
:103880001B78033B012B28D80B4BB3F8684011F091
:103890001CF9434601460D222046CDF8008011F068
:1038A00066FE18E51C4500201B4500205716002029
:1038B0002145002022450020EC3A00201D45002033
:1038C000A9F10E03DBB2012B7FF67CAF03E509F013
:1038D0000303012B7FF4FFAC74E7012000F09AFB97
:1038E000F9E4284612F09CFC58B911F00BF94FF698
:1038F000FF73984205D0F8F7B7FB10B92846FBF7DD
:1039000045F8284612F08CFC80B111F0FBF84FF618
:10391000FF7398420AD0F8F7A7FB38B9012F02D1FC
:10392000B9F1060F02D0284607F066FA059BA3B945
:1039300019460122584600F0A1FB804600287FF47A
:10394000CAAC204613F01DF842460146304600F04E
:1039500095FB00283FF441AFBDE40FA9E9E7059BC3
:1039600051E7637823F0200363704FF6FC739E42A7
:1039700074D1B54B1B78033B012B7FF6ACACA3791C
:103980000BB1013BA3716378590727D50023584633
:1039900014AA11A9149312F07BFD1498F0B108F049
:1039A000DDF88046304606F0D3FE149A01461379BE
:1039B00003F03000102806D003F00C0008281CBFCC
:1039C00023F00C031371137903F03303202B05D17B
:1039D000FF2903D00122404608F08AFA284606F063
:1039E000B7FEFF281EBF0022984B43F82020089BFB
:1039F00003F001084FF6F7739E4200F20181B8F11F
:103A0000000F40F0D7802946584611F062FC11F0B3
:103A10005CF8864200F00181304612F001FC00287B
:103A200048D0012F30D1B9F1010F20D14246514683
:103A3000BDF83A0007F072FE304612F0F1FB844BFD
:103A40001B78002B6AD1584612F0EAFB002863D19C
:103A5000304612F0E5FB00285ED13CE44FF6FD73E2
:103A60009E428CD1784B1B78042B88D133E43046AE
:103A700012F0D6FB38B3B9F1030F24D15146BDF88B
:103A80003A0011F0ACFD26E4304612F0C9FB304696
:103A900012F0B0FB00283BD0002331465846BDF859
:103AA0003A2001F093FA98B30021BDF83A00FEF7EE
:103AB000CDFB10E4304612F0B3FB10B1012FDAD089
:103AC000E5E7012FE3D1624B1B78002BBBD0B9F1A6
:103AD000050F23D110F0F9FF8DF8500010F0F5FF1D
:103AE000000A8DF851000123022214A90DF13A00B9
:103AF000F9F79EFC00287FF4EEAB0AF10101BDF856
:103B00003A00C9B2F9F726FD03780133037005E0E6
:103B10004F4B1B78002B96D0012FD8D063785A07D3
:103B20000CD5BDF83A40204612F0AEFE411CC9B299
:103B30002046F9F70FFD0378013B0370424B1B78D9
:103B4000033B012B2FD8012F06D1B9F1050F1FD14F
:103B500010F0BBFF834522D1BDF83A00FEF7B8FC58
:103B600002281CD10021584614AA08F043F930B1AC
:103B70000379458003F03C0343F0400303710023C5
:103B8000344A009331465846127811F0F0FC06E0B2
:103B9000BDF83A00FEF79CFCB9F1030FE0D100221A
:103BA00031461C20DFE4BDF83A00FEF791FC012FFE
:103BB000D6D1F1E7012F40F0BF8009F1FF330C2B84
:103BC00000F2AE8001A252F823F000BF233C0200B5
:103BD000233C02007D3A0200393C0200593C0200BD
:103BE000813C0200A33C0200CF3C0200E53C020005
:103BF000E53C0200F13C0200093D0200153D0200D7
:103C0000012F00F0A080B8F1000F40F09580BDF8C2
:103C10003A00FEF727FEFFF75EBB012F7FF444AFAB
:103C2000CBE7A9F102035A425146BDF83A005A4186
:103C300007F074FDFFF74FBB52465846BDF83A10E7
:103C4000FEF710F9FFF747BB224500202C35002076
:103C50005D160020871600200AF10101BDF83A0028
:103C6000C9B2F9F789FC0AF10203DBB202460093FC
:103C70005846BDF83A300FA909F0DCFDFFF72BBB21
:103C8000424B1B78013B012B3FF625AB069B0121E4
:103C9000009300202346BDF83A2011F097F9FFF772
:103CA0001ABB3A4B1B785A1E012A07D90120069AE3
:103CB000BDF83A10FCF78AFCFFF70DBB022B7FF42E
:103CC0000AABF9F727FF0028F0D1FFF704BBBDF8D6
:103CD0003A0006F095FEFFF7FEBABDF83A00FEF78F
:103CE00027FA94E7BDF83A00FEF722FAFFF7F3BA95
:103CF000264B1B78013B012B3FF6EDAABDF83A009D
:103D0000FDF780FDFFF7E7BABDF83A00FDF7CAFD01
:103D1000FFF7E1BABDF83A000EF0EAFDFFF7DBBAB3
:103D2000534622464846BDF83A100EF0B5FD00282D
:103D30007FF4D1AA4946E0E4237A03F00303012B80
:103D40007FF4C9AA63E709F1FF330C2B3FF6C3AA3E
:103D500001A252F823F000BF233C0200233C0200E2
:103D60007D3A0200393C0200593C0200813C0200CD
:103D7000A33C0200CF3C0200DB3C0200DB3C020023
:103D8000F13C0200093D0200153D020022450020E1
:103D900010B50021114810F07BFC0446E8B110F08A
:103DA00042FB0F4B1870204610F042FB0D4B187071
:103DB000204610F043FB0C4B1870204610F043FBDC
:103DC0000A4B186001200CF0D9FA2046FFF748FA98
:103DD000BDE8104000200CF0D1BA10BD24430020F3
:103DE000BB450020BA450020B9450020D03B00204B
:103DF00070B5164E044633680D46E3B110F084FAF0
:103E00000C2818D1204610F082FB0922002104461C
:103E1000F7F760FE235C042B0DD10D4B1B78033BA1
:103E2000012B08D80B4C25B10B4B22781B789A42FA
:103E300003D300232370002070BD08483168F9F7D0
:103E4000DDFB2378012001332370F5E7D43B00200C
:103E500022450020BD45002086160020C814002001
:103E6000014B93F90100704754430020014BB3F814
:103E700068007047EC3A002070B50024124D2C7099
:103E8000EDF788FFE6B2B04212D8104B1B78013B29
:103E9000012B04D800214FF6FF70FBF7F3FF00223F
:103EA0000B4B1A700B4B198801B11A80012070BDA1
:103EB000304606F0DDFCC30748BF2B7804F101044F
:103EC00044BF01332B70DBE71A4500202245002058
:103ED00011450020EC42002038B50B4B05461B78FD
:103EE00073B101335C08094B1888F9F755F90023C1
:103EF00030F81320AA4205D00133DAB2A242F7D338
:103F0000002038BD0120FCE711450020EC420020D4
:103F100030B5054685B008460C4612F042F9FF2838
:103F20000CD011F08FFA012200210346CDE90112D5
:103F3000009221462A460720FBF774FB284606F02C
:103F400007FCFF2804460FD006F092FCC2070DD5EF
:103F5000204606F08DFC830708D40B4A32F8143053
:103F600043F4806322F8143005B030BD11F06AFAD2
:103F7000012200210346CDE90112009207202A46C2
:103F8000FBF750FBF0E700BFDC4200204FF6FA726F
:103F9000431E9BB2934270B504462AD8FFF79CFF9C
:103FA00038BB194B1B78042B23D0204610F0F6FEAB
:103FB000FF2801D0FAF71AFC204612F042FA08B1A5
:103FC00007F0E2FD2046114E04F046F920460CF0C1
:103FD00092FD31780E4D69B12888F9F7DDF8054674
:103FE00001461E22023012F08FFE2C8033781E2BE9
:103FF00007D970BD2020F9F795F928800028EBD16A
:10400000F7E702333370F4E7224500201145002022
:10401000EC42002037B5134B05461B78022B1ED10E
:1040200010F053FD044610F050FDFFF7AFFF11F004
:1040300009FA10F056FD002010F0F5FF99200CF061
:104040007EFC3DB100230D2221464FF6FD7000930A
:1040500011F08DFA03B0BDE8304004F0F5BE03B0B6
:1040600030BD00BF22450020034B1B7813B901204F
:10407000FFF7D0BF704700BF18450020F7B50446D2
:104080000D46174610F021FD0646002D49D04FF68B
:10409000FB739C4245D82046FFF71EFF30B1A64275
:1040A00004D1214B1B78033B012B3AD92046FFF763
:1040B00013FF10B1012003B0F0BD20460DF06FFFDB
:1040C000C0B1A642F6D01CB369462046F9F746FEB9
:1040D0000246E8B90821684610F0A5FCC0B90822DC
:1040E0006946284612F000FE90B12946204611F09C
:1040F000D9F9DFE7A642E6D1082228460B4912F09B
:10410000F3FD28B10120FFF785FF06F005FED1E79A
:104110003FB121462846FAF7FDFC2146284604F027
:10412000B7F80020C7E700BF2245002095450020D2
:10413000044A13782BB1013BDBB213700BB9024A6E
:104140001380704711450020EC4200200148F8F729
:1041500049BE00BFEC4200202DE9F04780461746DB
:104160000D468CB061B903AE00211B4810F01EFA59
:104170004FF000090446DFF860A01CB920461DE09E
:104180000E46F1E70022214624233046CDF8009068
:1041900010F042FB08224146304612F0A5FDA8B9B6
:1041A000337C9BB96FB945B92A4621460A4810F0BD
:1041B0008EFA0A4A1388013B138001200CB0BDE837
:1041C000F0873B88B28953405B06ECD521465046C8
:1041D00010F042FA0446D0E768430020664300200E
:1041E000024B1888003818BF012070476643002032
:1041F00040232DE9F04397B0064611A88946ADF853
:104200000E300DF0FEFE02238DF84430002304AC86
:104210002146304604936360F9F7A0FD0546002867
:1042200040F0868030460EF043FB804610F04DFC97
:10423000002840F0AD8099F80130042B40F0AA80AE
:10424000554F3B78022B76D13B78022B7FD194E8F7
:10425000030003238DF8443012AB83E803009DF87C
:104260005130002143F0060310220DA88DF8513083
:1042700012F064FD0DA911A80EF029F9BDF8463021
:1042800009A943F0040311A8ADF846300EF075F902
:10429000102209F10A0109A812F026FD002870D1A8
:1042A0003B78022B06D12146FF200DAA0EF036F9ED
:1042B00000286AD14FF034093B78022B08D19DF8D1
:1042C00051301B0704D420460DF10E0111F008FBFC
:1042D000494620462F4611F02CFB4D4610238DF801
:1042E000183004238DF81A302346002203CBCDF872
:1042F0001B00CDF81F1006A80B218DF8197010F0C7
:104300003EF9024638B1002F14BF01230323214692
:10431000304602F097FFB8F1000F09D0342D07D1D5
:1043200006A82246314608F05DFB06A80EF0A6FA64
:1043300017B0BDE8F0832B4629462046009511AA08
:1043400001F09AFD00283FF47FAFAD27C6E7012BAF
:1043500094D1124B1B6803F08403842B8ED194E814
:10436000030002238DF844301023ADF8463012AB21
:1043700083E803009DF8513043F002038DF851307B
:104380007CE74FF03309AD2596E74FF0050993E739
:10439000A327A3E7AA27A1E7DA4400209C36002040
:1043A0002DE9F04336488DB0F9F7C4F90BF0D0FF92
:1043B000344D2B68C41A4FF47A73B4FBF3F4A4B2EF
:1043C00014B10BF0C5FF28602F4F4FF6FF763B88E6
:1043D000DFF8B880ADF80A3000233B8000210DF1F2
:1043E0000A0010F055F9054658B9284B1B882BB127
:1043F0004FF47A7122487143F9F700F90DB0BDE826
:10440000F0834FF0000924234A462946CDF8009056
:1044100003A810F001FABDF81A30A34294BFDB1ACA
:104420001B1B9BB2ADF81A30CBB910F04EFBBDF898
:10443000183003F04003184380B218B9322103A8A2
:104440000CF098FBBDF818301B0602D508980DF04B
:10445000EBFFB8F80030013BA8F80030BEE79E4201
:1044600028BF1E4601234A462946009303A8242359
:1044700010F0D2F94A462946384610F09DF8ADE7CB
:10448000A8350020DC3B0020684300206643002064
:10449000F0B504462E4A8DB01068516801AB03C3D5
:1044A000A378012B50D11422002107A812F046FC5A
:1044B000D4F82110D4F81D0003AB03C323881906D8
:1044C00044BF62680892DA050BD5221D08AE04F1DC
:1044D0001407354610685168083203C5BA422E46A3
:1044E000F7D1ADF8183013F0040318BFA369059392
:1044F000184B1B88ADF81A3010F0E7FAE0B906A99E
:1045000003A811F0EDF90022242103A810F037F8D8
:104510000446D8B10020FFF743FF002221460E4891
:1045200010F04AF80D4A0020138801331380FFF77A
:1045300037FF00200DB0F0BD082201A903A812F03A
:10454000D3FB0028DFD0DAE77020F3E71820F1E78B
:104550003EDA0300EC15002068430020664300208B
:10456000F7B5044600200E46FFF71AFF104B1B88D4
:10457000A34202D8022003B0F0BD00210D4810F084
:1045800015F8002501460B4F0029F3D0A54208D1AC
:104590000024242322463046009410F03DF92046A2
:1045A000E9E7384610F058F801350146ECE700BF5E
:1045B00066430020684300200148F8F713BC00BFA1
:1045C00068430020014B1888704700BF66430020F5
:1045D00030B5154A8DB051680546106801AB03C36C
:1045E00007A80DF00EFDDDE90101032308AC84E806
:1045F00003008DF81C309DF8293003A943F0020315
:1046000007A88DF829300DF062FF10B103200DB01E
:1046100030BD23462868696803C303A907A80DF0C5
:104620003BFF0028F3D0F1E73EDA030070B50C46FB
:1046300011460E4A23781278064613F0200542EA06
:104640000302227018BF611D082212F05DFB002DCD
:104650000CBF05200D20D4F80130B36023783373EC
:1046600003F01803082B08BF013070BD1D45002062
:10467000042307B51A460DEB03010120F9F7D4F81E
:10468000019B034A1B03136003B05DF804FB00BFEA
:104690008C36002010B5064C2368C3F30B0313B906
:1046A00004200BF08FFE2068431C236010BD00BF68
:1046B0008C360020014B1868704700BF8C360020F4
:1046C00007B50020054B0190186004231A460DEB36
:1046D0000301F9F7A9F803B05DF804FB8C3600205C
:1046E0007FB511230622012001A9F9F79DF8084B97
:1046F0009DF814201A70074B1B780BB1052B05D1C0
:104700000DF039FC012007B05DF804FB0020FAE74A
:104710001C4500201D4500202DE9F04F0646CBB07A
:104720008846008801211746F8F7C0FD2E4B3A460F
:104730003188ADF8160006A811F08BF90DF1280BA1
:104740005A464146C419308811F010F9E4B208EB1A
:104750000003A34208BF044605464FF004091CBFEE
:10476000A4EB0804E4B223465A460121CDE900092E
:104770000BEB050ACDF808B02D1B06A8EDF7F0FCF1
:10478000EDB20BEB04030093019523465A464146D4
:10479000308811F019F9348839462046F8F7ECFED4
:1047A000394600F0F8022046F8F7FAFE0121308879
:1047B000F8F77CFD01234A46514680B10DF1160001
:1047C000F8F736FE01210446BDF816203088F8F7C8
:1047D00081FDB4FA84F040094BB0BDE8F08F30465B
:1047E000F8F726FE0446F4E7954500202DE9F04F42
:1047F000C9B0044688469246C118224A04A81F46FA
:10480000FFF714FF4FF00409C519EDB208AB02938E
:10481000A5EB0A0BA8EB0A035FFA8BFBA8EB0506D6
:10482000DBB2F6B204EB0A02009301215B46CDF83D
:10483000049004A8EDF794FC06F590730DEB0302C9
:104840005A44A2F58072136808A844F80830E35D62
:10485000324623F00703E3552C44214612F094FA24
:1048600008ABCDE9019308AA00230121009604A812
:10487000EDF776FC3246204608A912F085FA49B0D9
:10488000BDE8F08F95450020F8B5064612F033F9E3
:10489000811C054689B2304612F007F8F0B1EDB13F
:1048A00029463046F8F768FE1228074616D80C4B02
:1048B000691C1C5CC9B23046F8F75EFE2C44052F1B
:1048C000E4B205D1052809D8064B1B5C1C44E4B2B0
:1048D00021463046BDE8F84011F0E7BF0020F8BDA2
:1048E0000E15040008150400F8B5054612F00AF884
:1048F000044628460FF00BFEA11C074689B2284645
:1049000011F0D3FF00283ED0002C3CD02146284691
:10491000F8F732FE0646611C2846C9B2F8F72CFEAD
:104920000F2E30D8194B9B5DE118731E89B2092BED
:104930000ED8DFE803F009050D0D120D0D181E1E2F
:10494000C40644BF083189B2820601D5083189B254
:104950002846BDE8F84011F0A8BF7B78DB0612D5E9
:1049600001EB4001F3E700F01F0000EB40000144C1
:10497000EDE71F2805D8092E0ABF4000022080B2AB
:10498000F5E7C828E4D00020F8BD00BF21150400D9
:10499000F8B506460FF0BBFD092200210546F7F7E2
:1049A00099F800F1100428460FF068FCE4B20746BD
:1049B00021463046F8F7E0FD05463046F8F708FC9A
:1049C000BA05A0EB0403DBB20AD47C2D0AD0082D73
:1049D0000AD8064A505D98428CBF00200120F8BDDD
:1049E0001220F8E70320F6E7FF20F4E73215040071
:1049F000014B1878704700BF8816002038B5114B5E
:104A000004461B7808469BB9012038BDA24205F137
:104A100001050FD103EBC1035B6898470028F3D170
:104A20001E2022464FF6FF710DF06EFA0020ECE7D3
:104A30000025054BE9B213F83120002AE6D11446CF
:104A4000EEE700BF88160020D8140400002313B539
:104A5000ADF80430134B984221D10B88DA0702D508
:104A6000B72002B010BD9B0744BF4FF47F43ADF8A1
:104A700004300D4B7F221C880DF1060002232146D5
:104A80000BF0A2FC4FF6FF73BDF806209A42E7D167
:104A90002046022201A90BF0A0FC0020E1E7022041
:104AA000DFE700BF1FD1BACA14C40300002313B547
:104AB0000D4903807F220223044609880DF1060078
:104AC0000BF082FC9DF80630BDF806201BB1238850
:104AD00043F0010323800020FF2A82BF238843F094
:104AE0000203238002B010BD14C40300034B1B78E3
:104AF000002B14BF442056200E3070471D45002067
:104B00002DE9F04F8DB0179C06460394039C0F4689
:104B1000CDE90423BDF858A0D58844B9EC0606D5E4
:104B2000CDF858A00DB0BDE8F04F0DF061BAC5F357
:104B300080242B054FEA043448BF44F40064A805E0
:104B400011D544F080040A2E00F25E81DFE816F0F1
:104B500088004F003B0059005C015C0159001000C7
:104B6000880059003600E90548BF44F04004EAE7F0
:104B7000BB464FF00109022302934FF00008BAF13F
:104B8000000F74D1A24B18884FF6FF73984206D0DD
:104B9000A049F9F7E3F810B124F48054A4B2059BBE
:104BA0005A4600935046434644F4027108F0F4F824
:104BB000ADF8200000286BD118204EE0BB464FF026
:104BC00001090323D8E708A9F8B211F0A8F9DDF824
:104BD0002500DDF8291006AB03C38F4B33F817B05F
:104BE0004FF000090DF11808CDF80890C7E706A9A5
:104BF000F8B203F009FB0C237B43884A32F803B078
:104C0000EEE74FF6F7739F4240F2FE8015F4026F15
:104C100040F0FA80824B1B78022B03D0043B012B1F
:104C200000F2F480BAF1000F0BD1032E0CBF0C235D
:104C3000082324F4C074BB464FF001090293A4B2C8
:104C40009BE75046F8F7C4FA0246FFF74FFF032EE2
:104C500008BF01388242E8DD74200DB0BDE8F08F56
:104C60004FF00009BB46C846CDF8089087E7049B83
:104C70001B8843B91A46514606200BF008FE00284F
:104C800080D11920E9E7002351461A460720F4E7AE
:104C90004FF6FF735E4A118899421CD00FF037FC23
:104CA00003465B4A0430118805930FF0E9FA5D4929
:104CB000059B097814F4805FD9715649544A1FBF87
:104CC000086898604868D8604FF6FF7313804FF00B
:104CD000FF330B604B60049A029908A808F018F99A
:104CE00000283FF469AF504C2378002B3DD1BAF136
:104CF000000F14D05046F8F76BFA8046BDF820003C
:104D0000F8F766FA23788044002B14BF12220022A1
:104D1000EB1003F0040390444344842B9CDC15F413
:104D200000540AD0BDF8208040460FF0E3FA40F46A
:104D3000806189B240460FF0C8FAA6F10803012B42
:104D400005D801221021BDF820000FF0C4FA039B02
:104D5000BDF820803BB3594640460FF00FFBBDF82D
:104D60002030039A1380002077E7AA06BFD56B0195
:104D700003F020030A2E14BF43F0010363F07E0307
:104D8000DBB2B9F1000F08D000214246009108A81B
:104D900000F000FE0028AAD05FE71A46414608A8A6
:104DA00010F08FFFF6E7404611F0ACFD4146024699
:104DB000039B04200BF06BFD00283FF462AF0A2E2A
:104DC00016D84FF4D963F340DB0711D5072E09D06D
:104DD0000A2E07D0BDF8200010F08BFA0028C2D1AF
:104DE000A1203AE708A80DF066FD0028F2D0F7E709
:104DF00014B125F04005ADB22B463146BDF8200078
:104E0000FAB201F083FE28E7012026E7912024E78B
:104E10000C16002089160020E03F0020203F0020D3
:104E200021450020C94500201D45002070B41546CD
:104E3000074EBDF81040308006481A460570002025
:104E40009DF80C30CDE9034070BC0620FFF758BE3A
:104E50000C160020C945002030B40246BDF80850A9
:104E60000B489DF80C4005800A4804700A480478F5
:104E70000020CDE902304FF6FD700B464FF6FF7172
:104E8000002C08BF014630BC0320FFF739BE00BF2D
:104E90000C160020C9450020D644002013B5024658
:104EA000084804780020CDE900300B464FF6FD702D
:104EB0004FF6FF71002C08BF01460320FFF720FECC
:104EC00002B010BDD6440020F7B51E46234B054660
:104ED0001B780C46022B17460AD1A6B13046F8F7CC
:104EE00077F90246FFF702FE82420CD9742008E0EF
:104EF000043B012BF1D908460DF0DAFC0028ECD177
:104F0000912003B0F0BD65B1022D1AD1ECF73CFF42
:104F1000A04214D9124B33F814204FF6FD739A4275
:104F200002E04FF6F7739C4209D800233A46CDE9D8
:104F300000632146FF232846FFF7E2FDE1E7012059
:104F4000DFE7012DFBD1074B1B78A342F7D9E0B275
:104F500003F072F94FF6FD739842E5E72145002012
:104F6000E03F00205116002030B5104B87B00546B9
:104F70000C461868596803AA03C298680C49106067
:104F80009A88DB8852BA23F04003ADF81230002330
:104F9000CDE90043ADF81020FF23098803AA0720BC
:104FA000ADF80E50FFF7ACFD07B030BD74430020E4
:104FB00080430020034B1B7813B1034B18787047D4
:104FC000FF207047DA450020D94500202DE9F04F39
:104FD000074689B0104615461C468A4611F092FCD9
:104FE00001462846F8F7C8FA064628460FF08FFA19
:104FF00004300FF043F980460FF067FD804550D034
:10500000B2074ED1DFF8AC80284605A9B8F800B049
:1050100011F082FD9DF81930A8F8007003BBBDF8AF
:105020001430EBB928460FF072FA02300FF026F96F
:105030004FF6F773984294BF4FF000094FF0010903
:1050400001230134E4B22A463846CDF8009005A980
:10505000039303F035FF039B40B901339C421ED2FA
:105060000020A8F800B009B0BDE8F08F022CF8D1FC
:10507000012BF6D10C4A0D4BA3F800A01378591C54
:1050800011700B4A7F3B16F00C01137007D1BDF86D
:105090001A305B0603D5BDF81600FFF765FF022343
:1050A000D1E70020DFE700BF1F4500200C160020DD
:1050B000C9450020804300202DE9F04F8BB0884681
:1050C000ADF81E000FF023FA00F1020A0646504622
:1050D0000FF0D4F8BDF81E400746204611F012FC30
:1050E00001462046F8F748FA814600F00304301DD7
:1050F0000FF0C4F8B64D28800FF0E7FCB8422DD071
:105100004FF6F7739F4229D87378DA0726D43846CA
:1051100011F070F830B101233946BDF81E202888FF
:10512000FFF754FF0FF0D1FCA94B1B8883420FD12E
:10513000BDF81E40204611F0E5FB01462046F8F779
:105140001BFA10F00C0103D1BDF81E0001F096FD12
:105150000022A04B1A600BB0BDE8F08F9E49BDF84D
:105160001E0011F0D9FC9D49BDF81E0011F016FC7F
:1051700000289A4B08BF0023964ABDF81E00136012
:105180000FF051F9964B1870BDF81E000FF050F952
:10519000944B1870BDF81E000FF055F9924B186033
:1051A00000238DF82230B8F1000F28D08A4BDB881D
:1051B0009B0624D50FF089FCF8B18C4B1B689F0728
:1051C0001BD4012C14BF082318230DF122020092D6
:1051D00000220DF11E00114600F0DCFB78B1012C1D
:1051E000A0D1834B1B78112B9CD110F00DFE002811
:1051F00098D1AF20FAF79CF994E70823E5E75046E9
:105200000FF03CF84FF6F773984240F2F580012C0E
:1052100000F0FD80022C00F07981002C82D1DFF8B3
:10522000B881BDF81E00B8F80630ADF8240004932C
:105230000FF06DF9BDF824600446304611F062FBB2
:1052400001463046F8F798F98DF82300A01C6678DF
:105250000FF014F807460FF038FC4FF6F7739F4233
:1052600082462D88B8F8024006F0010600F2FF8061
:10527000002E0CBF08200620002229460CF044FE18
:10528000BDF82490484611F03DFB002302464946F4
:1052900004200BF0E0FA4FF6F7739F4281460BD8DB
:1052A000B8F90620B8F80630002A05DB580603D501
:1052B00000212046FFF758FEB9F1000F3FF432AF4E
:1052C000B8F80030002B5BD198F80530002B57D18F
:1052D0004FF6F7739F4294BF002301230DF126017F
:1052E000BDF82400039310F079FEDFF8E4B000F17C
:1052F000FF39BBF800305FFA89F90593B8F806303A
:105300004946BDF826000693F8F736F9069B04993E
:10531000019000932246039B0598C1F340110DF0C4
:10532000D4FA00283FF4FEAE4A4606202A4BBDF8C8
:1053300026100BF090FA00283FF4F4AE48F2020376
:10534000B8F802209A4205D1BDF82410BBF800003D
:1053500000F0B0FFDFF8808009AA41460DF123007C
:105360000DF0B1FA034600287FF4DCAE2104BBF84F
:105370000000BDF824207CD52346414610F043FEB2
:10538000DFF8548036B99DF8233003F00C030C2B62
:1053900040F09380B8F8080010F000FE00283FF4B9
:1053A000C1AE0020B8F8081002F0F2FD114BAA457A
:1053B00014BF0225032518704FF6F7739F42BDF8FE
:1053C000240002D8002E00F09380012394E000BF57
:1053D00080430020E43B002074430020C1450020AE
:1053E000BB450020BA450020D03B00209C36002061
:1053F00021450020D9450020022C00F08780474B32
:10540000B3F90630002B25DA012C7FF406AF0FF03C
:105410005CFB2B8883423FF485AE0520BDF81E104F
:10542000FFF7ECFA00283FF47DAE3C4AD3885B06D8
:1054300007D50023CDE900330A20FF232988FFF791
:105440005FFB42469DF822302988BDF81E0002F01D
:1054500001F967E6BDF81E00F7F7BAFEA0F11001EA
:10546000C9B2304600F086F80028CDD05AE60620B2
:1054700002E70221DFF8B49089F800100399009147
:10548000414603F01DFD132C3FF47AAFB8F8063007
:105490005B043FF575AF224B1B78D80704D599F80C
:1054A0000020022A3FF46CAF99077FF53BAE99F8D4
:1054B0000030012B7FF436AE62E798F804301948CB
:1054C000009398F8053032463146008802F088FD96
:1054D000154B18709DF82330BDF8240003F00C0321
:1054E000082B4FF6F7730CD035469F423FF66DAF51
:1054F000A4F13802534253412A46084904F010FCF3
:1055000010E6AA4514BF04250525EEE74846BDF878
:105510001E20024901F024FB04E600BF7443002072
:10552000D844002080430020D9450020CA450020EF
:1055300010B5002108480FF0ABF8044650B1014601
:105540000420FFF75BFA28B12046BDE81040012196
:10555000FFF7B2BD10BD00BF64430020034BFF2125
:105560001A780348920011F0E9BB00BF52160020E0
:105570004434002070B5451804464FF0FF31AC426A
:1055800012D1104B10481A7805460023934211DBC4
:105590000E4C2078431CB3FBF2F602FB163345F8A1
:1055A0002010237000200CE014F8010BE4F726FA19
:1055B0000146E4E750F8044BA14201D00133E5E78E
:1055C000012070BD5216002044340020CB4500203D
:1055D00007B5042301220DEB03011046F8F724F967
:1055E000019B034A1B03136003B05DF804FB00BF7B
:1055F000E03B0020014B1868704700BFE03B0020F3
:10560000014B1868704700BFE03B002010B5064C06
:105610002368C3F30B0313B901200AF0D3FE2068FB
:10562000431C236010BD00BFE03B00202DE9F04F7C
:1056300093B003930023DDE91C79069399F80030B9
:1056400083460DA804930E4615460CF0DAFC99F833
:10565000003013F003043ED0039B0DF1250A8DF8B2
:1056600024300022082138460FF0DDF900286FD0E1
:1056700028880EF04CFF99F800301C074CBF04300E
:1056800002300EF0FBFD07A9804607F0D9F99DF81E
:1056900024300446980633D5288806F10D0111F010
:1056A00004F9B0B10023721D0093384608232988FD
:1056B000D2B20FF0B1F899F8003003F01803182BAC
:1056C00048D1B8F1000F45D0A74BB3F86830434537
:1056D00040D0A62326E02888711D11F0E6F80028A6
:1056E000F7D0009405233246298809A80FF094F8D2
:1056F0009DF824300DF1240A03F018030393B0E75A
:105700000CBB39464046F8F729FB0028D3D099F85E
:1057100000309907DDD0402322462146404610F054
:1057200021FDBE2399F8002012F0030440F0F78019
:10573000288803930EF04EFE224601461A200CF0F4
:10574000E3FB039BEBE007AB03CB38607960B2E788
:105750004FF6FF780DF09AF8044620B10421384640
:1057600007F096F904461E9B002B5AD009231E9978
:105770000DA88DF834300CF08FFE209B0BB1209BD0
:105780000693039B002B40F08E800DA8ECF7A2FD42
:1057900099F800309A0700F09880FFF737FF5146DC
:1057A000024601200EF070FD99F800309B0710D5DD
:1057B0005946288811F076F90BF1090350FA83F362
:1057C0005FFA83FB5946288811F041F900EB0B067C
:1057D000F6B299F8003013F0C20F0AF104030DD0AD
:1057E0009DF82420614942F020028DF824200A68A7
:1057F000CAF804204A685A600AF10C03012209A879
:1058000000921B1A32462988DBB20FF005F83246A7
:1058100059462846FEF780FF002800F0A3800023A9
:105820007DE01F9B5BB19E460DF1340CBEE80F007E
:10583000ACE80F00DEF80030CCF800309DE7049BA8
:10584000594603F0200328880493F7F795FE10F0DB
:10585000030F0CBF012300230593049B059A003B13
:1058600018BF012342EA430300930DAA06AB384652
:105870001F9900F001FB049A034682B1002880D0F2
:10588000059B0DAA0093384606AB1F9900F0F4FA69
:10589000034699F8002022F0200289F80020002B0E
:1058A0003FF46FAF3EE7039B102B06D1BDF83630B7
:1058B00043F00103ADF8363067E7039B182B4FD157
:1058C000BDF8363043F00203F4E701200DF1250165
:1058D0000EF0E8FC99F80030824613F0040F288897
:1058E00021D1069B1BB3002C35D00EF073FD002296
:1058F000014616200CF008FB84B17FB14FF6FF7310
:1059000098450BD000230DA91A4638460CF00CFF21
:10591000394640469DF835200CF0D0FF012318464B
:1059200013B0BDE8F08F002CDFD1104F01E0002C48
:10593000DBD100233246009359463B4610F0B4F8C1
:1059400000283FF4C6AE002C3FF469AF069A0AF176
:105950000103136063E71B685345C6D80124E8E7D9
:10596000A623DCE71823DAE7EC3A0020954500206F
:10597000002307B5064A0193136004237F21012009
:105980000DEB03020AF01CFD03B05DF804FB00BF41
:10599000E03B00202DE9F04F0446B1B000888DF8BF
:1059A0002F3016468A463A9F10F0ACFF01468146DA
:1059B000208811F04CF800EB0908208811F09BF8C2
:1059C00000239DF82F505FFA88F815F0010B07901F
:1059D000ADF8363008D101460DF13602208810F0BE
:1059E0001EFF08B1ADF836B016B9CDE90E660EAEA1
:1059F000FEF7F6FB18B145F020058DF82F50002377
:105A0000CDE9033302930DF12F03CDE90063224664
:105A1000534641464846FFF709FE0546002800F078
:105A2000B8809DF82F3013F0010B46D123F02003EE
:105A30008DF82F300FF049F870B1754A10AB10682F
:105A400051685D4603C3184600F0E8F90890FEF778
:105A5000B9FDABB2984239D80FB100233B70BDF805
:105A60003630CBB101212088F7F720FC2788054686
:105A7000002800F0BC8001213846F7F717FCBDF87C
:105A8000367005463846F7F7A3FB002300903A46E8
:105A9000194628460EF0FAFE0023CDE9033302939F
:105AA0000DF12F03CDE90063224653464146484697
:105AB000FFF7BCFD054600286BD00FF006F8002864
:105AC00040F0AC80284631B0BDE8F08F18AB14AA86
:105AD00026A9E8B20CF07DFE002875D1082210A995
:105AE00027A811F001F9089B8346002B68D09DF888
:105AF000A53013F0020F099362D0082212A927A83B
:105B000011F0F2F800285BD1099B590758D50FB165
:105B100001233B7014AB0DF1740C0FCB8CE80F001C
:105B2000BDF83630CBB101212088F7F7BFFBB4F8C0
:105B300000B000284DD001215846F7F7B7FBBDF85B
:105B40003620834610460992F7F742FB0023194698
:105B5000099A009058460EF099FE2E4B2246049367
:105B6000002303931DAB02930DF12F03CDE90063D6
:105B7000414653464846FFF759FD28BB089B002B7A
:105B800033D012AA4FF482714FF400501DAB00F0D5
:105B9000CFF80EF09AFF88B11F4B1B689A070DD4FF
:105BA000FEF71EFB50B11A4A18AB1068516803C3C8
:105BB000002226A918A80FF057FE18BB002581E780
:105BC00027B9BBF1000FA5D0013540E700233B709A
:105BD000F7E7BDF836200A9010460992F7F7F8FA71
:105BE000DDE9092307990090B4E7089ACAE7BDF8F0
:105BF00036B05846F7F7ECFA2B4600905A4638462E
:105C0000079947E726A918A80FF06AFED0E700BF5A
:105C10003EDA0300983600209C3600209DF82F3095
:105C200003F01103102B7FF44DAF3E4B1B78432B39
:105C30007FF448AF3C4B1B685B067FF543AF208881
:105C400008F1050110F031FE834600283FF43AAF19
:105C500041462088F7F790FC344B10F0200F08BF26
:105C60001E4612A800F0DAF80822314612A811F0F8
:105C70003BF8002852D0314612A80CF0CEFD01238B
:105C800026AE00933246002314A912A800F0F4F8BF
:105C900000287FF417AF12AB0DF12F07CDE9036099
:105CA0000290009322465346414648460197FFF72B
:105CB000BDFCA8B3BDF89A30102043F0080318AA21
:105CC00014A9ADF89A300FF0ACFD00287FF4FAAEBD
:105CD00012ABCDE90360CDE9017000932246534633
:105CE00041464846FFF7A2FC054600287FF4EAAE8D
:105CF00018AB4FF49071002012AA00F019F84FF081
:105D00000051002010F035F8BBF1000F3FF456AF02
:105D10004FF08051002010F02CF84FE78346AEE79B
:105D200014ABE6E7214500209C360020563B0020BE
:105D3000F0B5164691B0074609A80D461C4610F06E
:105D400012F83EB1336845F04005CDF8263073684F
:105D5000CDF82A301B4B1A6822EA070242EA0501F5
:105D600019604B040DD5BDF824200B0A03F4E2435F
:105D7000C9B222F4E3420B4322F07F021343ADF891
:105D800024301A230822002009A9F7F74DFDB4B1E9
:105D900004A80CF036F902236A468DF81030154637
:105DA000234604F11006144618685968083303C4E2
:105DB000B3422246F7D1294604A80CF06DFB11B07E
:105DC000F0BD00BF9C36002047F2FF10044B19685D
:105DD00041F48042014041F480411A600FF0C9BF94
:105DE0009C36002000B589B0FEF77AFC01A80FF0C0
:105DF000BAFF0948BDF804200168130221F0FF0131
:105E000003F4E2030B43D2B2134343F48043036031
:105E100009B05DF804FB00BF9C36002010B50C4BA8
:105E20000446186888B0830706D54FF0FF33236017
:105E30000120636008B010BD10F04000FAD001A846
:105E40000FF091FFDDF806302360DDF80A30EFE750
:105E50009C36002008B5074B02461B6813F0400330
:105E600005D118461946FFF763FF012008BD002041
:105E7000FCE700BF9C3600202DE9F04F9FB0804624
:105E80000C461D4693469DF8A0A0CAB11646304662
:105E90000CF0B7F81AF0020714D004B917AC224678
:105EA0003146404601AB0CF072FC0DB100232B6073
:105EB000002814BFA627002738461FB0BDE8F08F82
:105EC0000DAEE4E701AB3146404605AA0CF02CFCD0
:105ED00073780AF0010AFF2B24D0002840F0BD801F
:105EE0005CB105AA0DF1240C134603CB6345206079
:105EF00061601A4604F10804F6D125B17278584B56
:105F000003EB82032B60BAF1000FD5D0BDF804304B
:105F1000D906D1D44FF6FF71182072780BF0F4FF38
:105F2000BB27C9E7DFF8409145B10EF0CEFD18B1AF
:105F3000D9F800309A072DD500232B60D9F800300E
:105F400003F03003102B01D0202B25D117A80FF020
:105F50000AFF082240460DF15E0110F0C5FE28B18F
:105F6000D9F8003003F04403402B15D0BAF1000FEC
:105F700014D109A80FF001FF02233370002C51D176
:105F8000BBF1000F98D00EF0A0FD70B3301DFFF7ED
:105F900045FF91E7334BD0E7A6278DE7D9F80030CE
:105FA000DB03E6D509A80FF0E8FE022333709CBBA3
:105FB000BBF1000FAED00EF088FD08B3301DFFF727
:105FC0002DFFA7E7D9F8003003F08403842B30D0ED
:105FD00009AB0DF1340C1A4603CA624520606160BA
:105FE000134604F10804F6D106E02546D9F800303E
:105FF00003F08403842B2AD0301DFFF70FFF28E025
:10600000D9F80030012503F08403F3E7D9F8003014
:10601000012503F08403D9E70EF057FD0028F5D0E1
:106020000125D5E70EF051FD05460028CAD0002510
:10603000CEE712A80BF0E5FF022312A88DF8483036
:10604000ECF748F9224608214046ECF747F81023C0
:106050007380002D3FF430AF5CE703272CE700BFCF
:1060600040340020983600209C36002049B9084B67
:10607000197849B14EF66023594328B10548F7F71E
:10608000BDBA41F28831F8E70248F7F753BB00BFC9
:10609000D7440020E835002070B586B005460EF0E4
:1060A00014FD10B9702006B070BDF7F759FC002838
:1060B000F8D001A8FFF7B2FE06460028F2D055B985
:1060C000304B1C6814F0020433D14FF48163022179
:1060D000ADF80C3025E0082228462B4910F004FECC
:1060E0000028DFD0274B1C6814F0020406D0274B91
:1060F0001B78112BD6D1264BB3F8684008222946CD
:1061000001A810F0F1FD0028DFD04FF40273002643
:106110000A21ADF80C302B68CDF80E306B68CDF845
:106120001230002203A80EF02AFA024648B91820BD
:10613000B9E7164B1B78112BB4D1154BB3F8684057
:10614000C3E7104B196801F03003102B17D0202B38
:1061500014BF01230323490001F004010B4320462F
:10616000002101F06FF80028E1D000210120FFF7A5
:106170007DFF16B10122074B1A70002093E703231D
:10618000E9E700BF9C36002095450020214500200E
:10619000EC3A0020C045002030B5002485B0CDE9A0
:1061A0000044F7F7C7FA0EF090FC1D4D60B906F0F9
:1061B00069F80D24002108462970FFF757FF214692
:1061C00068460AF0D7FC17E02B783BB31549164810
:1061D0000A780078904221D90132012B0A700DD142
:1061E00022464FF4A071204602F092FDB0B941F270
:1061F00088310E48F7F702FA05B030BD022B08D1FE
:10620000204602A9F7F7AAFD40B902A8FFF744FF0C
:10621000ECE7032B02D101F0CBF9E7E70424C9E74F
:10622000CC450020CD45002091160020E835002007
:1062300070B51B4A1B4D04465168106886B02E7815
:1062400001AB03C31EB17024204606B070BDF7F742
:10625000DDFB0228F7D10EF038FC0028F3D003A8AC
:1062600000F014FE082201A90DF10E0010F03CFD13
:10627000A0B10D4B32464FF4A07130461C7002F0B5
:1062800047FD04460028DFD10123084A41F2883146
:1062900007482B701370F7F7B1F9D5E7B724D3E7A8
:1062A0003B150400CC45002091160020CD45002070
:1062B000E8350020F0B50C4600219BB02D4E074676
:1062C000492207A8069110F039FD3378012B37D108
:1062D000B7BB0DF10E0120460FF080FE0546BDF85C
:1062E0000E00F6F775FF441BE4B22A462346BDF8BC
:1062F0000E10009706A80EF08FFA384604A9F7F79B
:106300002DFD0246E4B19DF819301A4312F0FF0248
:1063100016D1BDF8233003F47E43B3F5285F1ED3B6
:10632000B3F5385F0ED31449BDF80E000B6843F483
:1063300000030B6029460CF09CFA18B1042333705B
:106340001BB0F0BD01220D4B04A81A70FFF7A4FE8C
:1063500041F288310A48F7F751F90223EFE7114675
:1063600010463270FFF782FE1E2104A80AF002FCDC
:10637000E6E700BFCC4500209C360020CD4500203C
:10638000E8350020014B1870704700BFCD45002054
:10639000014B1878704700BFCC450020014B1870A6
:1063A000704700BFCC4500202DE9F04705464088E6
:1063B0008CB0B5298846ADF80A0000F08D8095F8BC
:1063C0000890AE790EF0A3F805A90446BDF80A00BE
:1063D000EF7910F0A1FBBDF80A000DF08BFF42052C
:1063E00042BFBDF81A3043F40053ADF81A30EB79D0
:1063F000DB0642BFBDF81A3043F48053ADF81A30C3
:10640000BDF81A30980613D5022E6BD108A9287A48
:106410000FF085FDDDF82500DDF8291003AB03C37F
:1064200003AA0021042300910DF10A00FFF7B2FA3C
:106430000121BDF80A00F6F739FF022E82465DD130
:10644000474B33F81940B8F1000F73D0BDF81A204C
:1064500051066FD54FF6FB739C426BD8414B1B78AE
:10646000033B012B04D8404BB3F86830A34261D002
:10647000D30502D520460FF044FFBDF81A30D804EA
:1064800058D5002E47D1BDF80A000DF033FFC106E4
:1064900012D453462146CDF8008005AA30460AF0B2
:1064A0009BF90B2017F0030218BF02F1FF322146BF
:1064B00018BFD2B20BF028FD48F23403BDF8162005
:1064C0009A4209D1294E3078FF2805D0032221466F
:1064D000FBF756FCFF23337000232B806B800CB03E
:1064E000BDE8F087012E01BF2B7A214A03EB43035D
:1064F00002EB830214BF0022023292E7012E05D183
:106500000C2303FB09F31A4AD45A9CE7A01C0DF094
:10651000B5FE044697E7204601F09EFEBDF80A004E
:106520000DF0E8FEC206C7D453464946CDF80080B8
:1065300005AAB3E7BDF80A000DF0DCFEC306BBD424
:106540005346002E14BF494621463046CDF8008000
:1065500005AA0AF041F9B8F1000FA2D10920A1E77C
:10656000E03F002022450020EC3A00209516002054
:10657000203F002070B500240A26104B104D2A78C9
:10658000A24205D8C2B9BDE870400E48F7F7D2B8AC
:10659000598869B9013AD2B2A2422A70EFD0121BCF
:1065A000184603F10A01724310F0AEFB0346E6E71A
:1065B00001340A33E4B2E2E770BD00BFBC3E002004
:1065C000D0450020E814002070B5194B194A1D78F9
:1065D0000023DCB2A54200D870BD144666880133A2
:1065E000864202F10A02F4D1E379A58803F0400261
:1065F0008DB9CAB123F00403E3710DF088FF03786D
:1066000003F07F03037021880029E5D1BDE87040C5
:106610000948F6F7F3BF00216580A180002AE9D17F
:10662000BDE87040FFF7A6BF2046FFF7BDFEF7E7C5
:10663000D0450020BC3E0020E81400202DE9F047A2
:10664000044686B040880F4615460DF060FFA379DA
:106650008046082B4FD8DFE803F0052E184E4E4E2B
:106660004E4E050002300DF009FE002D4BD069465C
:10667000F7F774FB38B9684601F098FE00F00100A6
:1066800006B0BDE8F0870020F8E702A9207A0FF0F5
:1066900046FC6B466E46DDF80D00DDF81110304A01
:1066A00003C3237A32F813902E4AD05C75B1314679
:1066B0000FF059FCE4E7237A2B4903EB430301EB8A
:1066C000830231F82390907A961CEFE74FF6FB7A1D
:1066D000D14512D9304603F0E9FF4FF6FF739842D7
:1066E000054612D00146304601F0D2FD554505D988
:1066F000E379DA060BD40020C2E74D46294608F1BB
:1067000002000DF0BDFD0120BAE74D46F0E74FF65F
:10671000FC78454510D103F00C030C2B1AD1CFB1F6
:1067200030464FF6FD7101F0B3FD66212046FFF7BC
:106730003BFEFFF71FFFDEE74FF6FD739D4209D1D9
:106740000023304619461A4602F09EFB4146304669
:1067500001F09EFDE37943F00C03E371CBE700BF4A
:10676000E03F0020E3440020203F002073B50446B2
:1067700040880E460DF0CBFE02300DF07FFD0CF090
:1067800097F818B1A11C201D0CF097F8E6B1E57937
:106790000135EDB2E57115F0400514D0EBF7EEFAD6
:1067A0000122054600212046FFF748FF18B1334B70
:1067B0001B882B449DB2324B1B78042B01BF2F4BFF
:1067C0001B885B199DB22580002231462046FFF7C9
:1067D00035FF002831D060880DF099FEE279294913
:1067E00022F00C03E3710B7805460133DBB20B702A
:1067F000C371254BA61C1B780BB3E37998061ED5F5
:106800002249097861B900220123114630460092DD
:10681000FFF7C0F898B1E37943F00303E3710CE0AC
:106820005906F0D59207EED50022042311463046D2
:106830000092FFF7AFF80028E5D002B070BD3046F7
:106840000CF039F80028F8D16088FBF741FE50B110
:106850000128F2D1E37943F00803E3712B7803F0C8
:106860007F032B70E9E7E37943F00403E3711B0630
:10687000E3D5074B1A78074B1A70DEE7EA150020BC
:10688000224500201F4500201D45002092160020B3
:10689000DB440020CF4500202DE9F74F064609F0E4
:1068A00052FD5C4B0546B3F8009018805A4BA0EBA4
:1068B00009041B78A4B2A34298BF00234FF000083C
:1068C0004FF6FF7788BF1B1B534A88BFDBB213709C
:1068D000DFF858B1A9EB00030093504B5FFA88F240
:1068E000197891420ED80EB1FFF744FE4FF6FF73B0
:1068F0009F4200F089803946494803B0BDE8F04F17
:10690000F6F77CBEBBF80220002A3CD0454B9BF832
:1069100007201878BBF800A0042818D00020BAF18E
:10692000000F08BFA2462044504523D2BBF80010F8
:10693000009B1944ABF80010002E49D002F0480229
:10694000482A45D100215846FFF710FF40E0019248
:10695000F7F754F930F01003019ADFD1FAF71AFE75
:10696000314B019AB3F800C08445D7D9ACEB000095
:1069700080B2D4E702F00C00042807D10022ABF863
:1069800000200BF10A0B08F10108A6E7510602F0FE
:10699000030C02F0080009D500B3BCF1030F20D1AD
:1069A000B6B166215846FFF7FFFC11E040B3BCF1D9
:1069B000010F25D11206F3D44FF4C862ABF80020C2
:1069C0009BF8072022F0030242F002028BF8072016
:1069D000BBF80020974228BF1746D2E70320844522
:1069E000DED213060ED50C4B1A780AEB0200844255
:1069F00008DA4A44521B0AEB0201ABF80010E7E741
:106A00000120ECE701219EE7054803B0BDE8F04F07
:106A1000F6F790BE6A430020CF450020D045002005
:106A2000E814002022450020EA150020BC3E00208A
:106A30002DE9F04100250A270A4EDFF8308033782F
:106A4000ECB2A34204D8BDE8F0410748F6F7CAB952
:106A500007FB0484A01CF6F7C5F9201DF6F7C2F960
:106A60000135ECE7D045002060430020BC3E00200B
:106A700070B500240C4D0D4E2B78A34208D81B1B7B
:106A8000DBB22B7073B9BDE870400948F6F752BE0F
:106A900004EB8400662106EB40000134FFF784FC20
:106AA000E4B2E9E770BD00BFD0450020BC3E002045
:106AB000E81400202DE9F041002506462F46114C30
:106AC000DFF8448098F80020EBB29A4203D8BDE882
:106AD000F041FFF74FBD60880DF019FD02300DF059
:106AE000CDFBB0420AD16088F8F71CFC0023B52129
:106AF0001846628803F0D6F9278067800A3401358A
:106B0000E0E700BFBC3E0020D0450020F8B5114FA3
:106B1000114D3E782D78DFF844C006EB8604B5426F
:106B20004FEA440E0CEB440412D0002503F48353C7
:106B300043EA13236080A17128462272E371013673
:106B40002CF80E50A5803E70FFF7A6FE2846F8BD33
:106B50007220FCE7D045002050160020BC3E0020EB
:106B60002DE9F04F354B0E461C78174685B05CB9C1
:106B7000B1F90680DFF8CC90DFF8CCA0DFF8CCB01C
:106B800099F80030A34202D805B0BDE8F08F04EBBD
:106B900084050AEB4505A88800B9688801A90FF0AB
:106BA000BBFFB27A9DF80E309A4244D1B8F1000F83
:106BB0000FDA317A9DF80C203389914209D82048A8
:106BC00000780844824236DA521A1B0A1341D90768
:106BD00031D538460FF08FFFBDF80A3004469A06CB
:106BE00002D5F3889B06CFD5EB7903F00C03042B79
:106BF00008D16888F8F796FB00236A88194618467A
:106C000003F050F900212846FFF7CEFBFFF7B2FC56
:106C10003846F6F7DDFA844208D22B7A01228BF847
:106C2000003031460023384603F07AF8B8F1000FFF
:106C3000AADA0024A4E70134E4B2A1E7CE4500209B
:106C40004F160020D0450020BC3E0020D945002032
:106C500008B509F078FB074B1B88C01A80B2B0F565
:106C6000807F05D9BDE8084000210348F6F7C6BC7F
:106C700008BD00BF6A430020E81400202DE9F0475A
:106C800086B004460D460FF03DFE01462046F6F75D
:106C900073FC10F0030373D110F00C0F06D12946DA
:106CA000204606B0BDE8F047FFF78EBC20460DF049
:106CB00021FBC10657D420460FF024FE0146204692
:106CC000F6F75AFC074620460DF021FC0646023036
:106CD0000DF0D4FA03A98046204607F00C0796F879
:106CE00006900FF019FF73780C2F0CBF03270627AF
:106CF000012113F0010F204618BF0327F6F7D6FA3B
:106D0000224B82461B78033B012B1BD9B9F1010FA3
:106D100018D94FF6F773984502D8337A1F2B11D93B
:106D2000301D0DF0ABFAF17981460EF0D3F806462E
:106D30004846F7F713FFCEB173685A1C02D083435D
:106D400008BF6625124B1B88A34211D1B5FA85F006
:106D50004009FAF7ABFE20460DF0FAFA0022014690
:106D600007200BF0D1F806B0BDE8F0876625E9E70B
:106D7000534641463846009503AA09F02DFDEAE73F
:106D8000012BF0D110F00C0FEDD188E72245002047
:106D900060430020002210B5094B1C78094BD1B28A
:106DA0008C4201D8002010BD197A814202D1997914
:106DB000022902D00A330132F1E70120F3E700BFD4
:106DC000D0450020BC3E00200146002210B5084BF3
:106DD0001C78084BD0B2844201D8002010BD187A2C
:106DE000884202D198790128F8D00A330132F1E7BC
:106DF000D0450020BC3E0020002210B40A4B1C7875
:106E00000A4BD1B28C4203D85DF8044BFFF7B2BBFA
:106E1000197A814205D19979012902BF002119808F
:106E200059800A330132ECE7D0450020BC3E0020F7
:106E3000044B1B6813F0300F03D0202130200EF0DC
:106E400098BF70479C360020002310B504460849BF
:106E50001A4601EA00414FF07F60FEF769FFE30741
:106E600003D5002130200EF084FF002010BD00BFAC
:106E700000007207044B5B8823F4784323F08D03F2
:106E800003800020704700BF9C36002008B5002218
:106E90000346C3F80220C3F806200B4A02301268EA
:106EA000D1B212F0200F18BF41F0100119809307E2
:106EB00001D4FEF7B3FF054B1B78023B032B8CBFBD
:106EC0009320002008BD00BF9C36002021450020F3
:106ED00038B505460C46FDF703FC98B10D4B187804
:106EE00078B10D4B1B681A040ED57CB113F0420F1C
:106EF00000D16DB103F44073B3F5407F0CBF0020A7
:106F0000B72038BD9520FCE7A820FAE72046F8E72F
:106F1000B720F6E71D4500209C360020F0B504465A
:106F20008DB007A80D4616460BF06BF81022002115
:106F300003A80FF003FF5CB1234603AC03F1100775
:106F4000224618685968083303C2BB421446F7D179
:106F5000012703A986EA070307A88DF81C708DF89E
:106F60001D300BF08AFA80EA070401A8E4B20BF0A6
:106F70005DFAB6B101A88DF806500BF00DFB64B1B7
:106F8000002303A907A88DF81D300BF085FA0C4BE0
:106F90001B78432B01D1F7F7CFFE0A4B1D700DB0C4
:106FA000F0BD01A88DF807500BF0F6FA002CF6D0D2
:106FB00003A907A88DF81D700BF06EFAEFE700BF6C
:106FC000214500201C450020F0B5012593B007465F
:106FD0000DA80C460BF015F805A90DA8ADF8345016
:106FE0000BF075FA01A80BF021FA09A90DA88DF88C
:106FF00035509DF806600BF06AFA0DA89DF8075011
:107000000BF0D4F970BB731BDBB2802B28D91FB1F6
:10701000A64225D0A54223D105A90DA80BF03CFA24
:1070200003A80BF003FA03A88DF80F600BF0B4FA75
:107030000122294609A8FFF771FFF7F733FF012165
:107040004FF4007003F0F2FEFDF734FBB0F1004F97
:1070500001D9FDF735FB044B187809F07CFD0120C0
:1070600013B0F0BD0020FBE71C45002070B50E46B4
:10707000144605460320FFF791F946F0040229461D
:1070800020460BF063FA0022014B1A6070BD00BF6E
:1070900098360020F0B587B00788054610220021F9
:1070A00002A80FF04BFE3B4B1B78002B6FD1B805AD
:1070B00057D407F08403842B5CD0374C0EF0E7FEE6
:1070C00017F4045F276005F102061CD0BA040AD544
:1070D000304605F083FA00284AD1236823F4005390
:1070E00043F48073236030460EF0DEFE00283ED16C
:1070F0000AF083FF18B9236843F4803323602368C0
:1071000043F0200323602268334642F4004112F02A
:10711000400218BF05F1230247F2FF102160FEF77D
:1071200007FE0DF10600FFF7A5FE236813F4805F4C
:10713000BDF8063022D043F02003ADF80630BDF88C
:107140000600FFF781FE23689B0506D5012295F80E
:10715000221005F11200FFF7E1FE00200F4B18602E
:1071600006E005F112000EF09FFE0028A1D0B2202B
:1071700007B0F0BDB907A0D5B720F9E723F0200389
:10718000ADF80630FDF79CFAFEF7F2FBD7E770206A
:10719000EEE700BF214500209C36002098360020F5
:1071A00008B5054B1B7833B1FFF742FEBDE8084038
:1071B0000248FEF74FBE08BD1D4500209545002042
:1071C00010B5154B1B78D3B1144B1B78033B012B27
:1071D00015D900200FF035F9044698B1027912F064
:1071E000300F0CD10E4B1B784BB1012B02F0CF02AC
:1071F00006D0991E4B424B415B011A43227110BDD0
:107200001023FAE7F7F7E0FA0028F8D021462046E5
:10721000BDE8104004F0A0B91D4500202245002023
:107220004E16002008B50DF050FC054B18B9186833
:10723000C0F3800008BD1868C0F30050FAE700BF33
:107240009C3600202DE9F04706468946104600216D
:1072500088B015469846F6F78FF9102807460AD8E1
:10726000684B0341DB0706D4C8F340049DB90020F6
:1072700008B0BDE8F087644B1C78002CF6D0FFF70F
:10728000D1FF00280CBF4FF4F0744FF4D074FC40D1
:1072900004F00104EAE7002318F0010F1A4629461A
:1072A0004FF005000CBF4FF0080A4FF4027A09F0C6
:1072B000EEFA0028DBD0C823324600935146002363
:1072C000284605F069FDADF80E000028CFD018F073
:1072D000080A4AD14FF6F773A7F10F02D2B29E42C5
:1072E0008CBF09230123012A01D843F04003474AF8
:1072F0008DF810301378591C11708DF81130002C56
:107300004FD09DF81030052F43F020038DF810303A
:1073100033D03F4B1D78002D5AD04FF6F773002520
:107320009E424FF00F0248D9012304A90DF10E002F
:10733000F6F77EF800289AD1002C4DD1BAF1000161
:1073400033463A4618BF0121BDF80E00CDF8009033
:107350000BF0B8FAADF80E00002888D018F0040F32
:107360004DD031460DF0DBFF82E749460DF10E00AE
:1073700005F014F90028ADD179E70121BDF80E0020
:10738000F5F794FF0121F6F7F7F80123834013F096
:10739000620F1CD11E4B1B78E3B14FF6F773182513
:1073A000BEE71B4B25461B780222002BBCD04FF6B4
:1073B000F7739E42B8D8052FB6D0BAF1000FB3D1FB
:1073C0009DF8103043F040038DF81030ACE71025E5
:1073D0000F22A9E71825FBE7BAF1000F0AD0022314
:1073E0004A46009029460DF10E00FEF7D3FA002818
:1073F000A4D03CE741235246CDF800A0F2E70DF0BF
:1074000078FF35E79FFEFEFF1D4500201E4500204A
:107410000F4500202DE9DF431E46144B80461B68B4
:107420000F469B0791460A9C1BD4204614B10BF0D3
:1074300031FAC0B20622CDE902403B460020CDE938
:1074400000890B490DF076FA024650B10021002E5A
:107450000CBF01230323084604B0BDE8D043FFF767
:10746000F1BE002004B0BDE8D08300BF9C360020F0
:10747000431504002DE9F04F8DB081468A461F4622
:1074800093469DF85C803AB903A8FEF7C7FCB0BBF1
:1074900000200DB0BDE8F08F1546002223211046D4
:1074A0000DF06DF8ADF80A000028F1D0F5F774FE84
:1074B0000523044618F0100F00F8023B677020D037
:1074C000112200210FF03AFC04F11306032F4FF0B4
:1074D000080237D1594630460FF016FCC8F3801326
:1074E00006F1090533720BF0D1F900283ED00023D4
:1074F0002B706B700123033505F8013C36E003ADBA
:10750000CBE70126102216990FF0FEFB06FA07F3CF
:1075100013F0620F02D104F11206D7E707A80AF0B0
:1075200070FD05A88DF81C600AF080FF9DF81620FC
:1075300018F0200F9DF8173008BF134604F113060A
:10754000A374C3E7514630460FF0DEFB012306F17A
:107550000802121B28460093BDF80A100823D2B275
:107560000DF05AF9042F06F11005BCD02D1BE9B21D
:107570000DF10A000DF037F9002889D118F0040F39
:107580000BD0484603F0E4F8FF281FBF074A32F843
:10759000103023F4804322F81030434651464846C9
:1075A000BDF80A20FFF74EFE73E700BFDC42002063
:1075B00070B5032690B08DF807600DF086FA10B90B
:1075C000702010B070BDF6F7CBF90028F8D002ADEE
:1075D0002846FEF723FC0028F2D01C4B1C6814F050
:1075E0000204EDD140F20F43194AADF8243013687C
:1075F00004A8CDF826305368CDF82A300AF001FDF2
:1076000095E8030005AB83E80300062304A88DF882
:107610001D308DF81060EAF75DFE01210DF12E029C
:107620000DF10700EAF75AFD22461A2109A80CF0CD
:10763000A6FF024608B91820C3E7012329462046C1
:10764000FFF700FE0028F6D02046BAE79C3600205F
:10765000954500202DE9F04F06460F46002199B0D0
:107660001F2210A803930F910FF068FB30460FF014
:1076700049F901463046F5F77FFF8DF81B0030468B
:107680000CF045FF9DF81B3045788146C5F3400559
:107690009806304648BF45F002050FF02CFA044624
:1076A0003046F5F795FD0023001B5FFA80FA009342
:1076B0005346232B28BF2323224631460FA80DF023
:1076C000ABF800283ED1AC4B9DF83C801B789DF870
:1076D0003DB0002B39D0FFF7A5FD00280CBF4FF4BB
:1076E000F0734FF4D07323FA08F3D9072DD5AA0706
:1076F0002BD4B8F1080F22D1BBF1040F22D1FAF735
:107700008BFEF8B92246314605200DF11B0309F026
:10771000A2F8B8B1A8F10508B8F10D0F12D8DFE84A
:1077200018F028009701BE01E401EA0111001100E0
:1077300011001100F00185029F02CD02CD02B8F1C7
:10774000050F08D019B0BDE8F08FB8F1100F05D1C2
:10775000039B002BF6D0FAF75FFED3E7FAF75CFE47
:107760000028CFD0B8F1050FCCD0B8F1110FC9D097
:10777000E8E7BBF1050FE5D830460CF02BFE05908D
:1077800009F102000CF07AFD814608A8FFF772FBB0
:1077900001239DF83D70BB4013F06203039305D0B5
:1077A000BDF820309B0701D5AE07CBD50DF08DF984
:1077B0000028C7D0FAF730FE08B9002DC2D00DF16D
:1077C0003E0A50460EF070FB039B049043B3032F18
:1077D0009DF84EB02BD10DF14F040DF076F9814597
:1077E00000F0BB800026039B002B3BD12046F6F720
:1077F00099FA4FF6FF739842054604D120460EF0E1
:10780000F0FFA8429ED0049B3246002B0CBF0423FD
:1078100015232146CDE900A33B46FFF72BFE91E758
:10782000032FDDF80CB079D10DF14E04D5E7534BA1
:107830001B689C0727D5FF2208210DF157000DF08A
:10784000F2F88046F8B9034601460DF157020220CE
:10785000FEF76EFA0DF039F981450DF157060DF17D
:107860004F041FD04FF6F7739945BFD90022082166
:1078700020460DF0D8F80028B8D0002259465046CE
:10788000FFF74CFB5EE70DF157060DF14F04304654
:107890000EF097FA002846D00DF017F98145A2D1D5
:1078A0004FF000080822204635490FF01DFA002845
:1078B00099D1012F6AD0042F7FF444AF0EF0A4FABF
:1078C00010B1032D7FF43EAF049B002B7FF43AAF41
:1078D000324602215046FFF7C9FB2A4B1B7863B1A1
:1078E000FFF766FEFEF754FD022806D10120FEF7E1
:1078F00049FD01210846FEF7B9FB234B1B78022BFB
:1079000020D10321304609F035F9FEF741FD01464B
:1079100000287FF417AFFEF7A9FB13E70DF1560619
:107920000DF14E04B3E7184B1B78432B7FF40AAFDD
:10793000012F7FF407AF0DF0C8F881457FF453AFF6
:10794000B846AFE7412B7FF4FDAE0C4B1B685805E2
:107950007FF5F8AEF8F7CEFDF4E6032D7FF4F2AE36
:107960009DF856105246003918BF01210DF14E0006
:107970000AF0B5FFE6E600BF1D4500209C3600205A
:1079800095450020C045002021450020AD4C2378BE
:10799000022B21D02378412B3FF4D4AE049B33B982
:1079A000FAF73AFD594602465046FFF7B7FAFAF79A
:1079B00033FD00283FF4C6AE0EF026FAA24F90B178
:1079C0003B681A0502D42378432B0CD1AB070AD4A9
:1079D000AC20F7F7ADFDB5E60EF016FA0028D9D0C9
:1079E000A907D7D4AEE6386810F0020002D1059995
:1079F00003F0B2FD2378112B15D13B685C0512D53D
:107A00000020FEF749FB044600287FF49BAE0DF0F2
:107A1000D9FAAE20F7F78CFD21462046FEF726FB6B
:107A2000F7F792FD8EE6A80701D5FFF701FAB8F146
:107A3000000F8FD00AF0E1FA18B94FF480310EF040
:107A400098F90022814B30461A600EF0B1F981E7B7
:107A50000DF03BF800287FF475AE7D4B1B78002BB2
:107A60003FF470AEA90704D4774B1B689A013FF529
:107A700069AEBAF10C0F0DF1450094BF002412ACB1
:107A80000CF0FCFB02469DF8470003283FF65AAE77
:107A9000394600940DF13D0304F022FB52E6082222
:107AA0006C490DF13D000FF01FF920B90222394653
:107AB000FAF766F946E6684B1B78013B012B3FF667
:107AC00041AE0DF13D0002F0F1FD4FF6FF7398421B
:107AD000044606D10DF13D000EF083FEA0423FF4B6
:107AE00031AE0021FAF75CFA2CE62A4638460FA997
:107AF00004F0D4FB26E69DF83D100120FFF764FA60
:107B000020E6554B1B78013B012B3FF61BAEEB07E4
:107B10007FF518AE0DF13D0002F0C8FD4FF6FF7382
:107B200098420546804673D10DF13D000EF059FE96
:107B30004045054607466BD10DF13D00F6F732FE94
:107B4000B84205463FF4FEAD3046F5F741FB002252
:107B50000934E4B2071BFFB2394610460CF00FFDA2
:107B6000ADF81C0000283FF4EDAD4FF001090023F3
:107B70002A460821CDF8009005F00EF9ADF81E0058
:107B800000283FF4DFAD214630460EF08BFF4FF06A
:107B9000000A80461622514609A8CDF820A00FF011
:107BA000CDF8434622463146CDF800A008A80CF097
:107BB00033FE4B46424608A90DF11E00F5F738FC8E
:107BC00000287FF4BFADA7EB0807FFB2394607A82E
:107BD0000CF009FE284602F0BBFDFF2818BF1F4A23
:107BE000444418BF32F81030E4B21CBF23F4804381
:107BF00022F81030BDF81C002346324600210097C1
:107C00000CF044FE2946BDF81E000DF088FB99E5F6
:107C1000284602F09DFDFF28074695D0F6F7E8FFBD
:107C2000002891D0384603F0C3F98DE70A4B1B7842
:107C3000013B012B3FF686AD2A4638460FA9FCF7DB
:107C4000D7FA7FE5214500209C3600209836002099
:107C50001D4500209545002022450020DC420020E3
:107C6000184B1B78022B20D1002F7FF46BAD08A896
:107C7000FEF7D4F800283FF465AD134B1F709DF854
:107C80003D30002B14BF64246524FEF781FB0328DC
:107C900006D138463946FEF7E9F93846FEF77EFB4D
:107CA000214608A808F066FF4CE5043B012BDBD910
:107CB00038460AF0FDFD0028D6D143E530460AF0EB
:107CC000F9FD3FE521450020C04500202DE9F341A5
:107CD00005460E46174698460EF096F8044640B103
:107CE00001233A4631462846CDF80080FFF792FB43
:107CF00004460EF089F830B1FFF794FA78B10A4BD8
:107D00001B689B010BD400233A4631462846CDF828
:107D10000080FFF77FFB002C0CBF0446012404F019
:107D2000010002B0BDE8F0819C36002070B58AB039
:107D300005A80AF066F9022301AA15468DF8143049
:107D4000084B03F11006144618685968083303C439
:107D5000B3422246F7D1294605A80AF08EFB0AB0A5
:107D600070BD00BF49150400014B1878704700BF73
:107D700093160020014B1888704700BF0E16002094
:107D80004FF6FF732DE9F043994280460D4685B0CA
:107D900004D108221D490EF0A7FF58B100274FF665
:107DA000FD791B4EE9F7F0FFFCB2A04207D84FF671
:107DB000FF7019E005B0BDE8F0430CF086BE36F860
:107DC00014304B4517D8694620460EF071F808224A
:107DD00041460DF105000EF087FF4FF6FF7360B9C5
:107DE0009D4204D136F8140005B0BDE8F08326F8B2
:107DF00014500EF019F80137D4E79D42FBD036F845
:107E00001430AB4208BF26F81490F4E795450020E3
:107E1000E03F00202DE9FF4706460F4600254FF6BC
:107E2000FD79DFF83C80DFF83CA0E9F7ADFFECB26C
:107E3000A04202D804B0BDE8F08738F814304B45B2
:107E40000CD8694620460EF033F8082231460DF171
:107E500005000EF049FF08B90AF804700135E4E79F
:107E6000E03F0020E3440020014B33F8100070474E
:107E7000E03F0020F0B5064600250D4F85B0E9F73C
:107E800083FFECB2A04201D805B0F0BD37F8143042
:107E9000B3420BD1694620460EF041F89DF8003000
:107EA000022B1CBF4FF6FD7327F814300135E6E7AF
:107EB000E03F002030B585B00446E9F765FFA042F9
:107EC00019D92046FEF766FF0546B0B96946204637
:107ED0000DF0EEFF9DF800302BB1694620468DF87D
:107EE00000500EF001F84FF6FF720020044B23F80B
:107EF000142005B030BD6920FBE77520F9E700BF0D
:107F0000E03F00202DE9F0410B7805460E461BB9F5
:107F1000BDE8F041FFF7CEBFE9F736FFA8422ED902
:107F20002846FEF737FF60BB374617F8058B4FF63C
:107F3000FF713846FFF724FF0446384600F036FA52
:107F4000B8F1000F15D0B8F1030F15D04FF6FF723E
:107F50004FF6FD73944208BF1C460B4B314623F885
:107F600015400A4B585528460DF0BEFF0020BDE8CD
:107F7000F0814FF6FF74F0E74FF6FE74EDE76920ED
:107F8000F5E77520F3E700BFE03F0020E344002061
:107F90002DE9FF410D4604464FF6FE780F4F0E0ABD
:107FA000E9F7F2FEA04204D8FF24204604B0BDE861
:107FB000F08137F8143043450CD1694620460DF066
:107FC00077FF9DF80520EBB29A4203D19DF8063069
:107FD000B342EAD00134E4B2E2E700BFE03F002060
:107FE0002DE9F04F0C461746984600254FF6FD7BCD
:107FF00087B09DF840A0DFF85C900190E9F7C4FEDF
:10800000EEB2B04201D8FF2616E039F816205A45E4
:108010001ED8304602A90DF04BFF3FB99DF809204C
:10802000424515D19DF80C20524511D144B939F87B
:108030001620019B9A420BD1304607B0BDE8F08F65
:10804000082220460DF10D010EF04EFE0028F3D05F
:108050000135D3E7E03F002010B514460DF028FFAE
:108060002046BDE81040082201490EF04DBE00BF79
:10807000954500202DE9FF4707461546084608228A
:1080800024491E460EF030FE044600283FD14FF62C
:10809000FF7ADFF88490E9F777FE5FFA84F84045CD
:1080A0000BD885B3384608F0A4FC01250C9B18704A
:1080B0000120357004B0BDE8F08739F81830534519
:1080C0001FD0694640460DF0F3FE7A789DF80130E6
:1080D0009A4216D17A88BDF802309A4211D13A7983
:1080E0009DF804309A420CD108220DF10501781D4B
:1080F0000EF0FAFD28B9002DD7D1404608F08DFCCE
:10810000D3E70134C7E7FF2008F087FCCEE7002063
:10811000D0E700BF95450020E03F0020F0B50025E6
:10812000154E164F85B0E9F72FFEECB2A04201D8EC
:1081300005B0F0BD694620460DF0BAFE9DF800304E
:10814000032B06D90023694620468DF800300DF038
:10815000CBFE9DF8002062B14FF6FD734FF6FE7125
:10816000032A08BF0B4626F81430002301353B557F
:10817000D9E74FF6FF73F6E7E03F0020E344002025
:10818000F8B50E4604464FF6FF770C4B0C4D1B78A6
:1081900003EB430305EB8305A54202D800242046E8
:1081A000F8BD2388BB4206D008223146A01C0EF041
:1081B0009BFD0028F3D00C34EEE700BF51160020E1
:1081C000203F0020044BFF211A78044802EB4202B2
:1081D00092000EF0B3BD00BF51160020203F0020DA
:1081E000074A127882420AD9064A00EB400322F875
:1081F00023104FF6FF73994201D1FEF7FDBD704782
:1082000051160020203F00200346094A08461278F4
:108210009A4208D90C21022211FB032305490822A6
:1082200019440EF071BD00230B604B60704700BF16
:1082300051160020203F0020054B1B78834281BF50
:108240000C235843034B185A98BF4FF6FF707047E2
:1082500051160020203F002038B504464FF6FD752A
:10826000FFF708FE0022084B1878084BD1B288426D
:1082700000D838BD33F80C1C0132A14208BF23F8E6
:108280000C5C0C33F2E700BF511600202C3F00209D
:1082900070B505460E460846FFF7DEFF3146284614
:1082A000FFF76EFD29460648FFF76AFF00B970BD6B
:1082B000044624F80C6B0DF0B7FD29462046F3E781
:1082C000203F002010B5082286B0234904460EF056
:1082D0000BFD20B906B0BDE810400CF0F6BB08223B
:1082E00020461E490EF000FD20B91D4BB3F8680072
:1082F00006B010BD0023012221464FF6FF70009307
:10830000FFF76EFEFF2806D0164B33F810004FF62D
:10831000FB739842ECD903A8FEF7B8FD58B9BDF835
:108320000C305B0607D5082221460DF10E000EF039
:10833000DBFC0028DCD021460B48FFF721FF40B1D1
:108340004FF6FB724FF6FF730088904288BF1846C5
:10835000CEE74FF6FF70CBE795450020563B002057
:10836000EC3A0020E03F0020203F002070B50022C2
:1083700004464FF6FB7608460A4B1D780A4BD1B2ED
:108380008D4201D8002009E01988B14207D8A142E6
:1083900005D10822991C0EF0B7FC012070BD0C33EA
:1083A0000132ECE751160020203F002037B501468E
:1083B00005460D48FFF7E4FE044630B1807A2946B1
:1083C00003B0BDE830400DF0CEBD03460090012261
:1083D00029464FF6FF70FFF703FEFF2816BF034B39
:1083E0002046185CEBE700BF203F0020E34400205C
:1083F0002DE9F843164B07461B780E46834223D9D6
:10840000FEF7E2FC044608BB3046F5F78BFC4FF65E
:10841000FF724FF6FD734FF00C08904218BF0346F1
:1084200008FB07F20B4D3046AB5205EB0209FFF794
:10843000BDFF89F80A0048460822314602300EF096
:1084400063FC2046BDE8F8836A20FBE77620F9E765
:1084500051160020203F002038B504460D46FFF796
:10846000D9FC21460448FFF78BFE00B938BD857260
:1084700021460C30F7E700BF203F00202DE9F041F6
:1084800092F808801F4608F1FF33DBB2EF2B054658
:108490000E46144688B00BD982238DF80E30314633
:1084A00028469DF80E30204A00F07EFB012037E080
:1084B0000E22002104A80EF041FCB4F809308DF81A
:1084C0001180ADF81230E37A03F07F02032A08D05E
:1084D000012B24D103238DF81030A389ADF815307A
:1084E0000EE0032B14BF022301238DF81030E36844
:1084F000CDF815302369CDF81930237D8DF814306F
:10850000A7F121014A420DF10E034A410093214691
:108510000DF10F0304A8FFF7ADFD0028BFD1002027
:1085200008B0BDE8F08100BF3EEB03002DE9F04F3D
:1085300000241D7895B0CDE902010492234622461D
:108540000120CDE9005440490CF0F4F9ADF81E00CB
:10855000F8B1A346264627460DF120090DF1380A49
:10856000E9F712FC5FFA84F8404516D83A46022132
:10857000BDF81E00F5F714F832460421BDF81E00C0
:10858000F5F70EF8DDE903100022BDF81E3000F00B
:108590000BFB012015B0BDE8F08F4A4640460AA902
:1085A000FFF75AFD9DF8282022B12DB1013DEDB213
:1085B0000137FFB20134D3E7BBF1000FF8D199E8DE
:1085C00003009DF829308AE803008DF84030BDF89B
:1085D0002A30032A8DF841304FEA13238DF84230B8
:1085E00017BF032301238DF843309DF82C30DDF8AD
:1085F0003110DDF82D0014BF8DF84C308DF843306C
:1086000011AB03C302980CBF4FF00E084FF01508D2
:108610000DF04AFB0590BDF81E00F4F7D9FD059951
:1086200000EB080399420BDB0123424651460DF152
:108630001E00F4F7FDFE0028ABD10136F6B2B7E715
:108640004FF0010BB4E700BF5A1504000023074A9E
:108650001370074A1370074A118801B11380064B43
:108660001A880AB100221A80704700BFD245002044
:10867000D1450020704300206E4300202DE9F04FCB
:108680004D4C9B46238889B005900F4610469DF8B7
:1086900048905BB952B10CF0EAF820804FF4FA61CF
:1086A000464809B0BDE8F04FF4F7A8BFDFF82081D5
:1086B000B8F80050002D6BD02846F4F789FDC0F3C0
:1086C00047042846F4F768FDDFF808910294B9F8EA
:1086D0000030DFF804A10193BAF80030054600939A
:1086E00000225B46012036490CF024F9ADF81E004B
:1086F00018B305EB440B01245D4512D1ECB9BDF86C
:108700001E50D5B12F4B1B7833BB2B460022394668
:10871000059800F049FA0023AAF80030A9F80030C3
:108720000BE0012329461A460DF11E00F4F780FEE6
:1087300010F0FF0405F10205DED00023224AA8F85C
:1087400000301378013BDBB21370002BA6D109B0C7
:10875000BDE8F04FFFF77ABF0CF098F901462846C4
:10876000F4F70AFF0A2183462846F4F705FF064678
:10877000A64202D8FF2CCED1C7E704F10B01284650
:10878000C9B2F4F7F9FE8345BFD80134E4B2EFE78C
:108790000E4C237823B9F3F767FC08B90123237043
:1087A0004A4659460520F5F76DFD0028CFD12070C7
:1087B00009B0BDE8F08F00BF70430020081500200D
:1087C0005F150400D3450020D2450020D14500208C
:1087D0006E430020F0420020F242002030B5154DDB
:1087E00087B02C889CB923464FF4A07248F2380118
:1087F00003A80DF09CFC214620460CF0CEFC22463E
:108800000D4B009403A9FFF739FF07B030BD204698
:108810000BF07DFE04300BF031FD03A904462888DF
:108820000EF07AF90023009320462A8803A900F06D
:1088300047FBEAE77043002000F8FF0737B5002048
:1088400001A90CF0AAFC0D4C014623780C4D7BB11C
:108850000C4B019A18780CF0BFFC2078F7F714FA4B
:10886000002323702B700848F4F764FF03B030BD79
:108870002B78002BF7D0FFF7B1FFF4E7D5450020A8
:10888000D2450020D44500200815002008B5054831
:10889000F4F7A8FA0448F4F7A5FABDE8084003483D
:1088A000F4F7A0BA704300206E4300206C43002010
:1088B0002DE9F04F89B089460446CDE905239DF89E
:1088C0004870139E30B316F801ABBAF1000F23D0F5
:1088D0000AF1FF34A400E4B2314601200BF0E2FCBF
:1088E000C00E1BD1DFF844B1314601200BF0DAFC99
:1088F0009BF8005034442279BDB1002F47D180232A
:108900004846CDE90277CDE90077414A059900F064
:108910004BF93CE08246DFE75446DDE71B28ECD903
:10892000314601200BF0BEFCE7E7DFF80481FF2AA7
:1089300000EA08080BD14246E379A179607901EB9E
:10894000032189B209B0BDE8F04F0CF045BC3149B4
:1089500009688B070AD5FE2A3AD101230135EDB209
:10896000202D4FEA43030AD1FF250AE02946284675
:1089700007920CF012FC4845BFD1079AEBE79845E7
:10898000ECD1254B1B78FF2B04D0AB4204D009B0AF
:10899000BDE8F08FFF2DFAD00020F2F73FFDA8428E
:1089A000F5D029460020F2F73FFD0028EFD09BF8D4
:1089B00000306479002BEAD1FFF748FE17484FF4E6
:1089C0001051F4F71BFE164B8BF800501C70DEE7BD
:1089D000052A92D8BAF1010F8FD8B8F1000F8CD0C8
:1089E000002FD4D17379002BD1D00E49098821B939
:1089F000082B28BF08230C490B70434648461292A7
:108A0000DDE9051209B0BDE8F04FFFF737BE00BF42
:108A10005F1504009C3600209416002008150020E5
:108A2000D445002070430020D2450020D5450020C9
:108A300000F8FF07014B1880FFF7D0BE6E430020FF
:108A400037B5174B1B78022B03D09325284603B06C
:108A500030BD0DF10700F7F757F905460028F4D1AE
:108A6000104B1B78013B012B01D97025EEE7F4F781
:108A700071FF0028F9D0E1F7ABFB0446F4F76AFF79
:108A8000094B4FF47A7118700B23B4FBF3F203FB1C
:108A900012440A34A4B261430448F4F7AFFDD5E7A9
:108AA000214500202245002012450020C835002025
:108AB0002DE9F043384B00241E784FF4F813374F5C
:108AC000A5B003933D78ADF81040F7F795F9BDF9DF
:108AD0000E30ADF81200A342ADF8144006DB304B67
:108AE0001C780134E4B21C7044F080048DF82C40F2
:108AF000A94602244FF000088DF82D60B14529D316
:108B0000002221460BA83D708DF82D800BF037FD1B
:108B1000E8B1B8F1000F09D000234FF6FC71CDE9A0
:108B2000000303AAFF230620FBF7EAFFB5422FD27A
:108B3000E1F74EFB0B23B0FBF3F24FF47A7102FB2B
:108B400013000A3080B241431648F4F757FD25B0B0
:108B5000BDE8F083484606A902F050FA98B9512CB6
:108B600011D804F190030DEB0302083406AB013574
:108B700008F1010803CBE4B242F8640C42F8601C2F
:108B8000EDB25FFA88F809F101095FFA89F9B5E7F2
:108B90000448F4F7CFFDDAE7124500201345002022
:108BA000D7450020C83500200CB42DE9FF470CAA9A
:108BB0000E4652F8041B0746039200297ED1BDF8E9
:108BC0003400ADF80A00002800F0918033794FF6A8
:108BD000F778002B76D147458CBF4FF009084FF04E
:108BE0000808454B1C78FF2C74D1B6F90230002BD5
:108BF000A9BF424B347A1C780134A2BFE4B21C7086
:108C000044F08004DFF8009122460021F4F7C8FC0C
:108C100099F80020BDF80A30002A5ED00193FF23A6
:108C2000DFF8E8A00093224633463946BAF8000040
:108C3000FCF7FCF8002389F800304FF6FF73054677
:108C4000AAF80030742D33D13246394640460DF132
:108C50000A0309F035FE00284BD04FF6F7739F4208
:108C600026D8B6F902307088002B21DA48F20402C7
:108C70002349244B4FF00008904214BF894699467F
:108C80000BF023FF494603468A220120CDF80080DD
:108C90000BF050FE814658B122464146F4F780FC65
:108CA000FF23324639464046CDE90098FBF728FFBE
:108CB000284604B0BDE8F04702B0704701200BF031
:108CC00016FE7EE7002347458CBF4FF00608984606
:108CD000337186E7FF221A7094E7CDE900323946F6
:108CE000FF2332464046FBF70BFF0546AAE718254F
:108CF000DEE70546DCE700BF96160020D7450020DA
:108D00007015040065150400D6450020724300204C
:108D100070B54FF4003300240546164688B0ADF810
:108D20001A100DF10F0204A90593ADF81840ADF823
:108D30001C4004948DF80F4009F099FD9DF80F3008
:108D400028460193049B044A009305A93346FFF784
:108D50002BFF08B070BD00BF6915040030B54FF49B
:108D60008035002487B00395BDF82850CDE9001266
:108D70008DF81030074A034603A9BDF82C008DF882
:108D80001140ADF81250ADF81440FFF70DFF07B0D9
:108D900030BD00BF75150400B1F1006F2DE9F0433F
:108DA00014462CBF392238228BB01D464FF00003E9
:108DB000ADF81E204FF480022CBF4FF001099946F8
:108DC000FF2C0646ADF81C300892ADF824304FEA6F
:108DD00011471FFA81F80FD10CF0F3F9B9F1000F28
:108DE00019D1154ACDE9020543463046CDE9007454
:108DF00007A9FFF7D9FE1AE0FE2C0AD10CF0E1F921
:108E00000130C0B20CF0F7F9B9F1000F12D00B4AE3
:108E100002E0E8B2F8E70A4ACDE90305012330464B
:108E2000CDE90174CDF8008007A9FFF7BDFE0BB0B6
:108E3000BDE8F083034AD5E76D15040073150400FF
:108E40006C150400741504004FF498124FF0806301
:108E500010B586B0CDE903230023ADF814300BF034
:108E600034FE0446F6F7C8FF054B01900093054A0F
:108E7000234603A94FF6FD70FFF796FE06B010BD1E
:108E8000954500207915040030B500244FF4806525
:108E900087B0CDE900128DF81030084A034603A9C7
:108EA0004FF6FD708DF811400394ADF81250ADF8F7
:108EB0001440FFF779FE07B030BD00BF7D150400F8
:108EC0002DE9F04F9BB00E4605460EA91046CDE9A0
:108ED0000A329DF890700DF081F8BDF838A08046F8
:108EE0005046F4F775F9B6F902300446002BB6F88F
:108EF0000690B6F802B004DA0022AB4B1A700020DC
:108F00004BE05046F4F764F94045F5D3A4EB080470
:108F1000E3B2002F18BF4FF4A079152B099328BF97
:108F200015230024013308F1FF325146DBB2D2B2DF
:108F3000009414A80BF070FC6FEA4B436FEA5343A4
:108F40009A499DF8502008684968ADF846300FAB43
:108F500003C3ADF84840ADF84440ADF84A90ADF8D1
:108F60004C20BBF1000F26D1082291490DF1510090
:108F70000DF0BAFE044698B90BF0A7FD06460DF1B8
:108F8000590A0DF151030A9A9AF80080012A2DD14D
:108F900057B384F0010404F001001BB0BDE8F08F6A
:108FA0000DF1510001F082FB4FF6FF74011B4C42A2
:108FB00006464C41E3E7BBF1010F40F09480BDF859
:108FC00051600BF082FD86420AD030460FA90DF0A9
:108FD000ECF880F00104E4B20DF1530A0FABD2E7D4
:108FE000734B0DF1530ACEE70A9CD4E797B3002CDC
:108FF00075D1B8F1010F72D837D10BF066FD0BF0C7
:1090000064FD224606469AF80170694B0021012052
:10901000CDE90061029767490BF08CFCADF83A008E
:1090200000285CD0002C53D1B8F1010F50D1264656
:10903000DFF898A19AF800305FFA84F8434538D9F0
:10904000404601F015FCC20702D5BFB1013FFFB297
:109050000134EFE7B8F1010F05D1002CCDD081220A
:109060009AF80170D2E7002CF9D1B8F1010F94BF42
:10907000002201229AF80170D201C7E7404601F0B0
:10908000E5FA0123ADF8340002220DA90DF13A00F2
:10909000F4F7CEF918BBBDF83A00F4F799F880461A
:1090A00048460CF001FE08F1010801368045F6B291
:1090B000CEDBB6B132460C21BDF83A00F4F770FAB7
:1090C00000222846BDF83A3011A9FFF76DFD06E0F1
:1090D0000C210DF13A000BF086FB0028F0D00120A6
:1090E0005BE70D21F5E70A9B002B7FF408AF73883F
:1090F000342B6DD1099B092B7FF401AF002F7FF436
:10910000FEAE9DF959603A46B41008210DF15100A8
:1091100004F020040BF087FC30B9082224490DF13B
:1091200051000DF0E1FD70BB234B1B78012B3FF488
:10913000E6AE022B13D1214B1B6813F0807F11D1B7
:109140001E4B1B685B0201D5002E2BDA002328463C
:109150001B4A11A9FFF728FD1A4B1C70CFE6033BF1
:10916000012B06D9C8232846154A11A9FFF71CFD73
:10917000C5E6154BB3F86830AB42E1D00F4B1B6826
:1091800013F0805FDBE70DF1510001F08FFA4FF62D
:10919000FF739842E6D02146F8F702FF0346002805
:1091A000E0D1E0E78D23DEE7CA4500203EDA030088
:1091B0009545002081150400224500209C360020A2
:1091C0003EEB030095160020EC3A00205E160020CE
:1091D000099BCDE9059204930DF15103CDE902837A
:1091E00031462846CDE9007A0B9B11AA00F022F8FF
:1091F00085E600BF024B187840F08000704700BF42
:10920000D745002038B50A4B05461C7824B10BF031
:109210005CFCB0FA80F46409F8F776FF08B144F01A
:109220004004E8F7BDFD44EA4020284038BD00BFB7
:109230001D4500202DE9F04FB7B00D93BDF8043166
:10924000439C0E93BDF8143183460F939DF818315B
:109250002046B1F80290884692469DF800519DF84C
:10926000086110930BF00AF8B9F1110F074600F2EC
:1092700089800BF02AFCB84200F08E80B9F1060F0D
:1092800019D14FF6FD739F423ED0DDB9BC4B1B7820
:10929000033B012B36D9384601F05AFAFF2814BF98
:1092A0008923812300225146CDE900725846B54AF0
:1092B000FFF77AFC06E02DB9B9F1030F08D8B9F130
:1092C000010F0AD80022B04B1A7037B0BDE8F08FFA
:1092D000A9F10403022BF5D8D8E7A94B1B78033B6F
:1092E000012B0DD9384601F033FAFF2814BF89232A
:1092F000812351465846A54A0097FFF755FCE1E700
:109300008023F6E78023CDE7A14B1B785A074BD487
:109310000BF0DBFB002703463A46012099490097F2
:109320000BF008FB2379ADF86C000F930028CCD02C
:109330000E9806EB4309F3F74BFF5FFA89F909F141
:1093400005085FFA88F88045BFD241460E98F4F7C9
:1093500013F9109008EB40080E98F3F739FF804599
:10936000B3DADDE90F321343DBB2002B40F0318278
:10937000002DAAD1A84642460421BDF86C00F4F79E
:109380000FF978E1824BB9F13A0F1B7813D948F203
:109390003B03994508D016E07D4B1B785B070DD544
:1093A000A9F10403022B09D8B8F8063043F480432E
:1093B000A8F8063089E7B9F11B0F1ED8A9F10203FE
:1093C0009AB2132A5ED9109B324602930F9B4846ED
:1093D000CDE900530D995B4609F056FA0F287FF44A
:1093E00074AF0122684B1A70694B1B789B0740F1E0
:1093F000F983002D7FF469AFD6E7A9F11C021E2A7C
:10940000E1D801A151F822F0379C0200C793020075
:10941000C793020049980200C793020027990200EF
:1094200027990200C7930200C7930200C793020066
:10943000C7930200C7930200C7930200C7930200BC
:10944000C7930200C7930200C7930200C7930200AC
:10945000C7930200C7930200C79302005799020006
:1094600057990200CD9B0200C7930200C7930200E8
:10947000ED9B0200C79302008B9C0200A19C02009E
:10948000AF9C0200132B9ED801A252F823F000BF1C
:10949000E1940200A9950200C7950200A59602007A
:1094A00011930200C7930200C7930200C793020002
:1094B000C7930200C7930200C7930200C79302003C
:1094C000C7930200C7930200C7930200C79302002C
:1094D000C7930200E1970200C7930200679C020055
:1094E00000241BAB5A4631460D9800931DAB1D94CA
:1094F0008DF86C4009F0BCF90BF0E7FA204B0546FB
:109500001B78012B03D0022B14BF02240124E8F79F
:1095100047FC162894BF0020012044EA4014F6F7C7
:109520006BFC1C4B0646B3F80080FBF7DFFA1A4BC6
:1095300007464FF6FF70B3F80090FFF763FE174B36
:109540009DF86C201988124B1B7813F002031CBF86
:10955000134B1B780B921D9ACDE90701CDE9093217
:1095600040235146CDE9014358460023CDE9057912
:10957000CDE903680B4A0095FFF716FBA5E600BF8F
:109580002245002065150400CA450020701504001E
:10959000D8440020161600201216002010160020B5
:1095A000D8450020871504000BF08FFAA24BA34A80
:1095B0001B88CDE9400300235146584637B0BDE82B
:1095C000F04FFFF7F1BAA4781DA9631EDBB2EF2BB1
:1095D000204610D9F22C0ED007F06AFE82240BF040
:1095E00074FA00235146CDE90003954A23465846B4
:1095F000FFF7DAFA69E607F05BFE002850D00BF0BF
:1096000064FA9DF878209DF87A100492BDF87620CF
:1096100049000392BDF87420C9B2CDE901429DF81A
:10962000792003465200D2B208320A440092012047
:10963000002284490BF07EF99DF87930ADF86C007A
:109640008DF8673000283FF440AE002601230DF16D
:1096500067011A461BA8F3F7EBFE054600287FF4C6
:1096600034AE9DF86730EAB2934209D89DF87A305B
:109670008DF8673016B1BDF86C3033E00126E5E7B0
:109680003146204607F016FE0123ADF8680002229D
:109690001AA91BA8F3F7CCFE01350028E1D014E687
:1096A00083249CE70BF011FA044607F026FE2346BC
:1096B00000900022012062490BF03CF900283FF4A1
:1096C00004AE00252C46ADF8740007F016FEEEB28D
:1096D000B0420DD822460421BDF87400F3F760FFB4
:1096E000BDF87430002251465846FFF75DFAECE5AC
:1096F000304607F0DBFDFF288DF86C000AD001230F
:1097000001341A461BA91DA8E4B2F3F791FE002804
:109710007FF4DBAD0135D8E71846B4F8029007F0C6
:10972000C5FDFF288DF8680000F0D8821DA907F05C
:10973000BFFDBDF874304B4507D04FF6FF72914521
:1097400040F0CC82180400F1C9829DF8793013935F
:10975000731DDBB214930F9B1293002311934FF0F0
:109760000009CDF834900EE0149B0E9803EB4101F4
:10977000C9B20BF09EF8002315901399DAB28A4211
:1097800018D309F10109129B5FFA89F18B42EBD8DA
:109790009DF87A301393169B14930D9B002B40F089
:1097A0009082119B002B40F0998201231193109B12
:1097B0001293D4E711999DF86800179307F07AFD8A
:1097C0000D9B159A824208BF01230D93179B01330D
:1097D000D3E709F106095FFA89F3B84616937EE2EA
:1097E000A61C31463846A57A08F0DBFB012231463B
:1097F0003846FAF743FC38460CF02BFE304600F0B2
:1098000055FF2288824207D04FF6FF72904203D064
:1098100000F09EFF0CF05EFD85F00804C4F3C00468
:1098200021463046FEF718FE2146304637B0BDE8E7
:10983000F04F09F056B800BF14160020941504002C
:109840006515040098150400AF4B1B78033B012BF2
:109850007FF63BAD0BF039F958453FF436ADE0F7F4
:10986000B7FC0B23B0FBF3F24FF47A7102FB130049
:109870000A3080B24143A548F3F7C0FEF4F76AF816
:1098800000283FF422AD012300221846A04994F895
:1098900000900BF04FF8ADF8680000283FF415ADCC
:1098A00000270136F2B23D463C463E460DF16C08BB
:1098B000FBB24B4514D3002C3FF407AD01232A46DD
:1098C0001DA91AA8F3F7B4FD00287FF4FEAC2246C8
:1098D0000221BDF86800F3F763FEBDF8683001E7C8
:1098E00008230E99404600960D920AF095FF4146D6
:1098F000002000F0FDFEFF280D9A0FD0854B1B5C69
:109900000F2B0BD998E8030005F1D8036B44643B97
:1099100083E8030008350134EDB2E4B202F1080334
:109920000137DAB2C4E7002D7FF4CFAC19073FF559
:109930003BAD4B46224651465846FEF79FFD002858
:109940007FF4C3AC842351465846734A37B0BDE810
:10995000F04FFFF729B923780F9810930CF0A4F972
:1099600000210646584603F09DFF674BB9F1310FC1
:109970001B780746A3F103030BD1012B34D9674BA6
:109980001D78674B1B781D441623EDB20D93002202
:1099900009E0012B2CD9634B1D780523002D14BF42
:1099A000002284220D930024109B012000935E4925
:1099B000234601940AF0BEFF00283FF486ACF61B54
:1099C000CDE90E44F3B2594FDFF86C811193ADF835
:1099D0006C00E6B2B54210D80E9A0221BDF86C00B8
:1099E000F3F7DEFD0F9AC7E4162301250D93CEE7AA
:1099F0000523002584220D93D5E7162200211DA8FA
:109A00000DF09CF9B9F1320F40D13B7903F003021C
:109A1000032A24D18DF876200E9B0133DBB20E93FE
:109A20000E9A109B934215D2BDF86C00F3F7D0FB51
:109A30000D9B1844119B98420CDC01230D9A1DA923
:109A40001BA8F3F7F5FC00287FF43FAC0F9B013314
:109A5000DBB20F930134083708F11208B9E7B9797E
:109A60000029D9D13249C3F3C203CB5C1DA8012A16
:109A700008BF43F0010339888DF876300AF000FC06
:109A800079880DF177000AF0FBFBC5E71DA80BF004
:109A9000F3FA4FF0FF33CDE91F33204B1B78B3426D
:109AA00062D998F804306F2BD4D830461FA9F5F747
:109AB00053F90028CED01F4BB8F80020B3F8683017
:109AC00092B9003B18BF01235B0143F004038DF8FA
:109AD000863002238DF88730B8F802301B0A114611
:109AE0008DF8893021A8CEE79B1A18BF01235B01AE
:109AF00043F005038DF8863002238DF887300F235D
:109B00008DF88830E8E700BF22450020C8350020E6
:109B10005C150400DC4400203EEB03001B450020E4
:109B20001A4500205C1600205A1504004642002009
:109B3000A4150400EC3A0020CC4000200132D2B23F
:109B4000561EF6B230461393129200F091FEDDE9F4
:109B5000122310F0010FF1D068490978611A994277
:109B600005D00133DBB2E9E701220023E8E7644BCB
:109B70001FA918783044C0B2F5F7EEF800283FF47A
:109B800069AF304600F062FD1290304600F070FE82
:109B900010F0010F129A0FD116238DF88630594B11
:109BA0001B780133DBB20F2B28BF0F238DF88830D1
:109BB000554B33F8163091E73046129200F058FEBC
:109BC00010F0020F129AE7D11223E6E71A073FF5C9
:109BD000EBAB23465A4651460F98FEF7A7FC0028E8
:109BE0007FF473AB002D7FF470ABABE695B1474BC0
:109BF0001B78033B012B7FF668AB0AF066FF18B9B0
:109C0000BBF1000F7FF461AB207837B0BDE8F04FB7
:109C1000F5F778BF0AF059FF20B13C4B1B78033BA6
:109C2000012B01D880238EE62B4651465846384AF0
:109C3000FEF7BAFFE8E70AF048FFB8427FF445AB09
:109C4000344D08222946A01C0DF04EF800287FF460
:109C50003CAB0AF03AFF04460AF037FF2346CDE951
:109C600040052D4AA8E420460AF008FBFFF7CAFA8F
:109C700000283FF42AAB4090002351465846274A1B
:109C800037B0BDE8F04FFEF78FBF5246594600206F
:109C9000CDE940540D9B37B0BDE8F04FFEF708BE4C
:109CA000524659460120CDE940540D9BF3E72B461F
:109CB000514658460D9A409437B0BDE8F04F08F031
:109CC00013BE01231AA91A461BA8F3F7B1FB0028FB
:109CD0007FF4FBAA08F101085FFA88F80137FBB2AC
:109CE0000D9307F00AFB0D9B98423FF615ADB8F1B6
:109CF000000F3FF43DABFFF73EBB00BF1B4500200C
:109D000057160020BF450020CE42002022450020EB
:109D10003EEB030095450020A015040070150400DB
:109D200073B506460C4615460CF0E5FE0DF106022D
:109D3000014630460CF073FD0C4E034680B90122FB
:109D400032702288BDF8061022B10246072006F0C4
:109D500082FD28B121462846BDF8062006F028FDE0
:109D60000023034A3370136002B070BDDA4500204F
:109D7000E43B0020024B1B7803700020704700BFBB
:109D8000BB450020024B93F9003003700020704760
:109D9000BA450020044B1B7813B1044B1888704758
:109DA0004FF6FF70704700BFDA4500208043002067
:109DB00008B5064B1B783BB1054B196821B1082249
:109DC0000CF0A2FF002008BD7020FCE7DA4500205F
:109DD000E43B002073B5ADF806000DF106000AF073
:109DE000E0FB014608B102B070BD0DF106000AF0BB
:109DF0004FFC0446F3F7D0F9C67A002EEDD1204689
:109E00000CF0E4F9FF28E8D000F01AFD054BD3F878
:109E10008850002DE1D03346224641213046A847E4
:109E2000DBE700BFEC3A002073B5002200210C20D4
:109E300000F068FD002119480AF0B8FB012504462E
:109E4000164E84B120460CF0C1F9FF2805D12146F9
:109E500030460AF001FC0446F3E704220023009593
:109E600000F024FDF3E721460D480AF09FFB012591
:109E700004460B4E0CB902B070BD20460CF0A6F99A
:109E8000FF2804D008220023009500F00FFD214692
:109E900030460AF0E1FB0446ECE700BF84430020B3
:109EA000864300202DE9F84F10460E461746994686
:109EB0000AF03BFA254A264B0021B0F5006F14BF8B
:109EC0009046984640460AF071FB4FF0000A04465F
:109ED000DFF880B00CB9BDE8F88FBC4228D120462D
:109EE000F3F75AF9857A80F80BA0013DEDB285723F
:109EF00016B13F2E00D02DBB05F00BFA05462046CB
:109F00000AF013FAB0F5006F4FF00002214615D1A8
:109F10000F480AF0DCFBFFF787FF284605F0FFF942
:109F2000DBF8885025B14B463A4631460020A84719
:109F3000214640460AF090FB0446CBE703480AF06E
:109F4000C6FBEAE7FFF770FFF2E700BF8643002099
:109F500084430020EC3A002000232DE9F347064615
:109F60000F464FF6FF78284CDFF8A090ADF806308A
:109F700020460AF016FB054648B9294620460AF055
:109F800015FB8246F3F708F90389B34217D94C450C
:109F900001D1FFF749FF002120460AF007FB0546E3
:109FA00007F1FF3A5FFA8AFAD5B94C4516D1BDF8E8
:109FB0000600FFF70FFF404602B0BDE8F0877B1EAA
:109FC000DBB2FD2BD4D9294620460AF061FB2A4694
:109FD00051460DF106000AF0EFFAC9E74C46C7E713
:109FE000BAF1FD0F09D92846F3F7D6F803899B1B70
:109FF0009BB2984528BF98460381294620460AF01F
:10A000002BFB0546D0E700BF864300208443002099
:10A0100008B506F098F90B4AFF2113881080C31A7F
:10A0200098B2FFF799FF4FF6FF7301469942064831
:10A0300003D1BDE80840F3F77DBBBDE80840F3F766
:10A04000DDBA00BF8843002028150020174B0028E8
:10A050002DE9F041164D18BF1D460F4628464FF01A
:10A0600000010CBF4FF008084FF002080AF09EFAFA
:10A07000044610B92046BDE8F0812046F3F78CF87D
:10A08000C37A064623B1214628460AF0E5FAEFE7EF
:10A0900020460AF079F94246014638460CF024FE83
:10A0A0000028F0D1B378002BEDD1E3E78443002002
:10A0B00086430020014B1860704700BFE83B00203A
:10A0C00010B504460548F3F735FB0023044A138016
:10A0D000044A1380044B1C8010BD00BF28150020CB
:10A0E00086430020844300208243002008B50448B2
:10A0F000F2F778FEBDE808400248F2F773BE00BFF1
:10A1000086430020844300202DE9F341044688461D
:10A1100006F019F9324B074620461E880CF056F817
:10A12000054620460AF001F9B0F5006F32D1FF2D47
:10A1300006D00123042200932846002300F0B6FB3A
:10A14000B8F1000F1DD105F0E4F821460546254879
:10A150000AF050FA284605F0E2F823480AF01DFC00
:10A16000224BA8B31988711A17FA81F086B22046DB
:10A17000F3F712F8032306818372002002B0BDE8D2
:10A18000F08105F0C6F800222146054615480AF080
:10A1900013FADFE716480AF069FA04281ED8FF2DE3
:10A1A00006D00123082200932846002300F07EFBFE
:10A1B000B8F1000F05D105F0ACF8214605460C4872
:10A1C000C6E705F0A6F80022054621460848DEE766
:10A1D000314605481F80F3F711FAC8E71C20CDE788
:10A1E000824300208443002028150020884300205B
:10A1F000864300202DE9FF4708460C460AF07AF80E
:10A2000000F4805820460AF0FBF8054620460AF084
:10A21000CEF8B0F5404F1BD1B8F1000F14D029464D
:10A220000020FFF713FF054670B1F2F7B5FF0023DA
:10A23000404A81780446009218462A460193F2F774
:10A2400053F908B90123E372012004B0BDE8F08797
:10A2500028460AF013F8814600F07AFAFF280746EC
:10A2600037D00125A0F12006C0F12003324925FA9C
:10A2700003F305FA06F61E438540D1E900232A437D
:10A280003343C1E9002300F09BFA044638B1384655
:10A2900000F0EEFA10F00C0F14BF01240024B8F106
:10A2A000000FD1D04FF0000A03A90120ADF80C90A7
:10A2B000FFF7CCFE8146F2F76FFF8046B9F1000F41
:10A2C0001ED1BAF1000F14D1FF2FBDD0002CBBD18D
:10A2D00028E01A4B1B684BB148469847044628B102
:10A2E000B8F1000FB0D000252E46DBE7B8F1000F23
:10A2F00001D10020A9E7002501242E46A246D3E77C
:10A3000074B100230B4A8178009218464A460193A3
:10A31000F2F7EAF8002897D1012388F80B3093E789
:10A32000FF2F91D0064BD3E9001229433243C3E9F2
:10A33000001289E7A59E0200681B0020E83B002070
:10A34000601B002038B5044609F0EFFF05462046A3
:10A350000AF01AF8A5F50063044601465842584130
:10A36000FFF774FEB0B9B5F5006F01D0002038BD1D
:10A37000204609F083FF00F0EBF9FF28F6D0064BEA
:10A3800000B21B6833F8100000F4E260003818BF18
:10A390000120ECE70120EAE7EC3B00202DE9F74340
:10A3A0004FF000090746ADF8049000F061FA10F094
:10A3B0000C0F29D04FF00208154D2B88A5F80090FE
:10A3C000ADF806300DF106000AF0EBF8044630B1A6
:10A3D000B8F1010F14D04FF001080E4DEDE7214602
:10A3E0000DF106000AF054F906460BF0EFFEB842F4
:10A3F0002246314614BF284601A80AF0DDF8E1E7FD
:10A40000BDF80400FFF7E6FC03B0BDE8F08300BF31
:10A4100086430020844300202DE9F04FDFF820819F
:10A4200085B0D8E9003213437CD105B0BDE8F08F88
:10A4300002EA040103EA0700014327D022EA0402EA
:10A4400023EA0703C8E90023DAE9002302EA040546
:10A4500003EA070C55EA0C056FEA04006FEA0701EE
:10A4600024D1304600F004FAC2070FD5304600F080
:10A47000E7F9DBF89C30002B45D11D46304600F053
:10A48000E5F8DBF884300BB12946984724197F4161
:10A4900009F10109284B5FFA89F61B78B342C4D948
:10A4A000D8E9002352EA0301C2D1BEE702400B40C3
:10A4B0003046CAE9002300F0DBF9C307E6D51F4B9D
:10A4C00030461B6833F8163003F48873102B10D015
:10A4D00000F0B6F9DBF89C3013BB1D4601231022B7
:10A4E00000933046002300F0E1F90020F1F76EFF01
:10A4F000C4E700F0A5F9DBF89C300125002BBDD0A6
:10A500000122039502E000252A46039503920021CB
:10A5100030469847039A002AB0D0002DAED1DDE72F
:10A520000025EDE74FF0000901244F46DFF814A0A5
:10A53000DFF814B0AEE700BF97160020EC3B002018
:10A54000681B0020601B0020EC3A0020F8B5034691
:10A55000084613B309B3402A1FD8114900260B60DF
:10A5600010490027086010494FF0FF350A7000219C
:10A570000C4604338A4205DC002152000CF0DEFB5D
:10A580000020F8BDC3E9036703F8044C23F8024C2C
:10A590001D605D6001311833ECE72120F1E700BF59
:10A5A000F03B0020EC3B002097160020F0B5144C47
:10A5B000DDE905672568EDB1F0B9124800788842F9
:10A5C0001AD901EB41014FEAC10C05EBC10415F8A2
:10A5D000311011B92169C90710D4002005F80C0009
:10A5E00062801A6846F0010662605A68C4E904672E
:10A5F000A260F0BD0220FCE72120FAE72E20F8E758
:10A60000F03B0020971600200E4B30B51A68A2B11F
:10A610000D4B1B78834212D900EB400002EBC003C4
:10A62000C100002400200025C3E9044550544FF028
:10A63000FF3258805A609A6030BD0220FCE721202A
:10A64000FAE700BFF03B002097160020094B1B687B
:10A6500063B1094A1278824208D900EB400003EB4B
:10A66000C0031A69D20701D5588870474FF6FF70AA
:10A67000704700BFF03B002097160020094A0346B0
:10A68000106870B1084A12789A4209D903EB430363
:10A6900000EBC303186910F0010002D0181D7047C9
:10A6A00000207047F03B002097160020F8B50E4BB5
:10A6B00005461C6834B128B100260C4B1F78F3B254
:10A6C0009F4202D84FF6FF7009E008222946201D5C
:10A6D0000CF00AFB20B92369DB0701D56088F8BDBF
:10A6E00001361834EBE700BFF03B0020971600203E
:10A6F000F8B5154B04461D680E46E5B1134B1F789F
:10A70000874218D900EB400305EBC30526B92B6936
:10A71000DA0712D42046F8BD08223146281D0CF075
:10A72000E3FA50B92B69DB07F4D40134E4B2A74251
:10A7300005F11805F0D1FF24ECE70134E4B2A7429B
:10A7400005F11805E2D1F6E7F03B0020971600204E
:10A750000A4B01461B6830B52BB1094A1478002218
:10A76000D0B2844201D8FF2030BD5D888D4202D135
:10A770001D69ED07F8D401321833F1E7F03B0020F2
:10A78000971600200C4B1B689BB14FF6F772914255
:10A790000DD80A4A1278824209D900EB400003EB37
:10A7A000C0031A69D20704D50020598070472120C0
:10A7B00070470220704700BFF03B00209716002032
:10A7C0000F4A03461068D0B10E4A12789A4215D942
:10A7D00019B203EB430300EBC300036913F001005C
:10A7E0000DD0094A126832F8112002F4E2622AB947
:10A7F00013F00C0F14BF0120002070470120704798
:10A80000F03B002097160020EC3B00200A4A03464C
:10A81000106878B1094A12789A420AD903EB4303C7
:10A8200000EBC300036913F0010003D0C3F3001071
:10A8300070470020704700BFF03B002097160020B3
:10A84000094B1B686BB1094A1278824209D900EBA7
:10A850004000C20003EBC0000169C90701D5985C44
:10A860007047FF20704700BFF03B00209716002084
:10A870000C4A0346106890B10B4A12789A420DD9DF
:10A8800003EB430300EBC300D0E9043213F00100F3
:10A890004FF0000104D018461146704700200146D1
:10A8A000704700BFF03B00209716002070B51C4693
:10A8B000124B9DF810601968D1B1114B1B7883427F
:10A8C00018D900EB4000551E01EBC0012543D1E92A
:10A8D000040301D0C5070FD52EB110432343C1E9AE
:10A8E0000403002070BD20EA020023EA0403F6E717
:10A8F0000220F7E72120F5E72D20F3E7F03B0020C9
:10A9000097160020134BF0B51B6803B300266FEABF
:10A91000000C6FEA010E104C2778F4B2A74201D860
:10A920000020F0BDD3E9044514F0010F07D014F066
:10A93000020F04D132B104430D43C3E9044501368B
:10A940001833EAE70CEA04040EEA0505F5E70220ED
:10A95000E7E700BFF03B0020971600200B4B70B5D7
:10A960001B682BB100240A4A1678E2B2964201D83D
:10A97000002070BDD3E9042502400D402A4304F1B4
:10A98000010403F11803F0D00120F2E7F03B0020AE
:10A99000971600202DE9F0470026FF27B246164DF6
:10A9A000DFF8588098F800305FFA86F94B4502D8F6
:10A9B0003846BDE8F0872B792F2B0FD928460AF0AF
:10A9C00052FA2B796C7903F0070304F003048342F5
:10A9D0002CBFE4182418E4B2A24506D95446B9465F
:10A9E000A2464F4612350136DCE7288801F09AF876
:10A9F0000028F3D1F4E700BFCC4000201B45002025
:10AA00002DE9F04F89B0824609F0E4FC02905046EF
:10AA10000BF078FF0026411C0546C9B25046F2F7FC
:10AA2000ABFD3446B346B146B04600F01F000235D8
:10AA300000EB4000EAB27D4F50FA85F5EDB2AA4234
:10AA400076D97B4E3378002B6FD0A400B4FBF3F49F
:10AA5000E4B2042C029808BF0324F3F7B5FE0546C0
:10AA600000283FD1FFF796FFFF285ED0714B05B25B
:10AA7000049018780AF0DEF980452CBF04EB080139
:10AA80002118B8F1000F14BF01230223674F05EB13
:10AA9000C50507EB450553FA81F3284603930AF0F1
:10AAA000E2F995F804C06B790CF0070103F0030399
:10AAB00088422CBF1B185B18039ADBB29A4234DA27
:10AAC000049AB8F1000F04D119B13378033B5B4508
:10AAD0002BDC104602990AF06EF905B205EBC505AC
:10AAE00007EB45052B791E09B8F1000F7ED04146D2
:10AAF00028460AF0E2F9032128460AF0E4F9B9F100
:10AB0000000F09D1002E40F08480DFF761FBC0F315
:10AB10000B014948F2F772FD6B79504623F00303AD
:10AB20001C446C7109F0EBFBA87309B0BDE8F08F11
:10AB30004ED0424B51461B8807A8ADF81C304FF051
:10AB400000038DF81E30002300930323039209F0C5
:10AB500063FE9DF81E30BDF81C101B09039A18BF38
:10AB600009F10109CDE9041318BF5FFA89F90392CD
:10AB700009F0ABFF0499039A8842059B03D19DF825
:10AB80001E8008F00F082E4890F800C014E017F857
:10AB90000E0C10F0070003D00BF1010B5FFA8BFBDA
:10ABA000AA4207D037F812EC8E4503D113B108B191
:10ABB0000134E4B20136F6B2AA4207F112070BD112
:10ABC000B4450FD917F80E0C10F00700E4D1F1E7E7
:10ABD00000234FF6FF71D6E737F8120C884201D8F0
:10ABE000B445D4D80332123FD2B228E7022E14D98A
:10ABF0005B0707D0414628460AF065F9B9F1000F16
:10AC000083D089E7032128460AF05DF9B9F1000FE6
:10AC100082D1062E3FF679AF7EE7314628460AF00C
:10AC200052F959EA06063FF470AF75E7CC400020B0
:10AC300057160020BB45002008360020AC15040044
:10AC40001B4500202DE9F0430823002485B08DF832
:10AC500008300646022301214FF6FC70CDE900447E
:10AC600002AA0BF02BFEADF80A00D8B12746DFF898
:10AC7000A080DFF8A09099F80020E3B29A4224D88F
:10AC8000BDF80A4020460BF03DFE411C47F0600233
:10AC90002046C9B2F2F784FC0022BDF80A00114632
:10ACA000F4F718FBDFF794FA184AC0F30B01137896
:10ACB00001F55A51013113B1013B89081370304637
:10ACC00005B0BDE8F043F2F799BC18F80E5C6F2DA3
:10ACD00017D8404630F8123D2D01ADF80C300AF07F
:10ACE000C2F805F0700528448DF80E0001230322F8
:10ACF00003A90DF10A00F2F79BFB0028D2D101371E
:10AD0000FFB2013408F11208B5E700BF1745002073
:10AD1000DE4000201B45002010B5054C2046F2F710
:10AD200009FD2046BDE810400021F2F767BC00BFD6
:10AD3000083600202DE9F043284D87B0F6F71CFCBB
:10AD40002A7827492748FFF701FC09212A78264855
:10AD50000BF0F4FF0026224FDFF89480DFF8949088
:10AD60002B78F4B2A34202D807B0BDE8F0830B23DE
:10AD70002246182103A805F01AFB4FF6F670BDF81D
:10AD800014209DF81630511E89B2814215D800203A
:10AD9000C3F3C003DB1840EB0001CDE900312146CD
:10ADA00003ABFFF703FC0028DED14FF4805327F8F4
:10ADB000143048F8240029F81400012322461B21EE
:10ADC0000DF10A0005F0F3FABDF80A20064B013632
:10ADD0001A558022054B1A55C2E700BF5E160020A7
:10ADE000DC42002090180020DC44002008450020B0
:10ADF0002C350020CE42002010B50A4B1C78FFF7FE
:10AE0000A7FCFF280DD0012C38BF0124064A2302DD
:10AE100032F8101019B101EB1313A3EB111322F840
:10AE2000103010BDBB450020CE4200202DE9F04778
:10AE3000002506460F46AA46DFF84490DFF8448016
:10AE400099F80030ECB2A34202D85046BDE8F08732
:10AE50002046FFF70DFDC2070CD52046FFF708FD81
:10AE6000830707D438F8143037B133434FF0010A61
:10AE700028F814300135E3E723EA0603F6E700BFBC
:10AE80005E160020DC42002010B5084B084A1C78F2
:10AE90000023D9B28C4201D8002010BD32F8021B29
:10AEA000013330EA0101F4D10120F6E75E160020FB
:10AEB000DC420020F0B50C464FF6F77187B08A42AD
:10AEC00086461D469DF8306002D9002007B0F0BDCF
:10AED000596818680DF10C0CACE803002A49ADF86C
:10AEE00014200978A142F0D900218DF81660B6101F
:10AEF00006F002060191704621460096FFF756FBC8
:10AF00000028E2D1214B224A43F824009DF8383032
:10AF1000204E1B0222F814304FF4A0432146182083
:10AF200026F8143003AA0B2305F04AFA9DF83430B2
:10AF3000194A13F0040F17BF0123184B135536F8A5
:10AF400014300BBF1B7843F00803135526F8143058
:10AF5000214601231B20224405F032FA0021104B28
:10AF6000104A1B782846234442F82310E7F762F87A
:10AF70000D4B1855284607F033F80C4A012013787A
:10AF800001331370A2E700BF5E1600202C350020AD
:10AF9000CE420020DC420020DC4400204716002086
:10AFA0005716002058340020084500201A4500207C
:10AFB000054B1B78834206D90021044B044A1B78B9
:10AFC000034442F8231070475E16002057160020F5
:10AFD00058340020074B084A18780023D9B2884219
:10AFE00000D870471188013321F4805122F8021BE8
:10AFF000F4E700BF5E160020DC42002030B585B0CB
:10B0000004460D46E6F7C6FEA04202D8932005B0DE
:10B0100030BD2046FFF72CFCC007F7D50B23224696
:10B02000182101A805F0C3F99DF80E2001AB03CB50
:10B0300069609107286030D412F0080F0CBF042318
:10B0400003232B722046FFF701FB154B68811B5D24
:10B0500020466B73FFF7F4FB124A2873135D4FF41D
:10B060007A7103F00F03AB73135D002013F00F032D
:10B070001FBF03F1FF32022393403C2218BF53430A
:10B08000094A08BF0A2352F82420B2FBF1F29A427F
:10B090002CBF00239B1A2B61B9E70223D1E700BF25
:10B0A00008450020DC4400202C350020F8B51F4E58
:10B0B00004463378834237D0FFF7C8FA4FF6FF775C
:10B0C000B84231D020463470FFF768F92046FFF7C8
:10B0D000BDFA054609F0F9FC012301461A46284647
:10B0E0000BF0F9FD2046FFF78FFA0546E0B9104A4C
:10B0F0001378013B1370F4F787FC294620460BF0C8
:10B10000C9F880220B4B204623F814500A4B1A55DD
:10B110000A4B23F814500BF01FFB2A463946112026
:10B1200006F0F2FEFF233370F8BD00BF9816002032
:10B130001A450020DC42002008450020CE420020B5
:10B140002DE9F04F82460E4615464FF000088BB0B1
:10B150001F469DF854309DF850B005934E4B5FFA52
:10B1600088F41B78A34207D84FF6F7739D421AD88C
:10B1700017F002083ED018E02046FFF767FA0B23CD
:10B1800081462246182107A805F011F94FF6FF73F2
:10B190007EB9994516D14FF6F7729DF82630954243
:10B1A00003F0EF0311D94FF6FF7528460BB0BDE849
:10B1B000F08F994506D00822304607A90BF094FD80
:10B1C0000028E8D008F10108C8E79F4207F002090B
:10B1D0002DD0F3F70DFD00285BD1304B304A1B78A2
:10B1E00053FA88F312F8238020460BF073F8B9F174
:10B1F000000FDAD1E6F7CEFD2A4B1B788342D2D07E
:10B2000000210846FFF774FAFF280446CBD0059BBF
:10B210000146CDE901B32A46334650460097FFF771
:10B2200049FE0028BFD0F4F7EFFBC14612E02046EC
:10B23000FFF70CFAA842CCD1B9F1000FB5D13046D6
:10B24000E6F7F8FE184B5FFA88F803F80800304676
:10B2500006F0C6FE594620460AF0F5FF2046FFF7E5
:10B26000F5F9054609F031FC002301460122284684
:10B270000BF031FDF3F7BCFC28B9084B084A1B78EA
:10B28000234442F8239020460BB0BDE8F04FFFF76F
:10B29000DDB94FF00008A7E75E1600205716002022
:10B2A000583400201A45002008450020F8B5002633
:10B2B000104F3C78F5B2AC420FD800250E4B64001D
:10B2C000224629460D481D700BF038FD22462946BE
:10B2D000BDE8F8400A480BF031BD2846FFF75EF89C
:10B2E000002128460AF0D6FF2846FFF78DF90136DF
:10B2F000DFE700BF5E1600201A450020DC42002078
:10B30000CE420020024B80211A7802480BF016BD75
:10B310005E1600200845002038B5FFF719FAFF280F
:10B32000044614D00A4D35F810301B070FD5094BD1
:10B33000094A1B7801461354012302441B2005F0DF
:10B340003FF835F8143023F0080325F8143038BDE1
:10B35000DC42002047160020DC4400202DE9F04F9D
:10B36000794B05461B788946022B17468BB004D0D3
:10B37000002630460BB0BDE8F08F0AF051FF0646BC
:10B380000028F5D14FF6F9739D4263D04FF6F8735C
:10B390009D4277D02B0A28460DF11E018DF81C30F6
:10B3A0008DF81B50F2F7DAFC0028834615BFB04633
:10B3B0004FF0200806230E2318BFB3460222294669
:10B3C0003846039300F0EAFC01220446039B002860
:10B3D00040F0B880DFF87CA18DF818209AF80020A2
:10B3E0004946CDE900008DF81A208DF81D0006AA07
:10B3F0004FF6FC708DF819800BF060FA814600283A
:10B40000B6D009F062FBB8420FD0484609F07FF889
:10B410003946043008F034FF384604A90AF0C5FE66
:10B4200070B1484604A90BF0D9FA484B1B78033B8E
:10B43000012B2BD84FF6FF71484609F070FF0646E6
:10B440009AF80030FF2B0EBF01230133DBB28AF8DC
:10B4500000308EE74FF008084FF0200B3B4B1B7875
:10B46000033B012B84D909F030FBB84280D109F0AD
:10B470002CFBFC238DF81B30FF2305468DF81C3078
:10B4800006239BE74FF01008C346E7E70AF0EAFF00
:10B4900080460028D4D009F018FBA8422DD12C4BAF
:10B4A0001A7852BB03214846F3F714FF0028C7D08F
:10B4B0009AF80030A8F8007088F80430002388F863
:10B4C000053088F8083009F000FBA84202D1204B73
:10B4D0001B7853B109F0F9FAB84206D12CB123799F
:10B4E00023F0030343F00103237100224FF6FF71A1
:10B4F0000C2006F009FD0126A2E75946284608F16E
:10B50000070200F077FC0446002899D000220321AE
:10B510004846F3F7DFFE0028CAD1237903F003037E
:10B52000012B8DD109F0D1FAA84203D1084B1B7829
:10B53000002B85D0237943F0030323714FF6FF736B
:10B5400023807DE7164614E7214500202245002090
:10B5500099160020DB45002013B50D4B0C461B78D7
:10B56000033B012B10D90B4B1B78012B0ED09A1EDD
:10B570005342534159010DF1070200F03BFC18B151
:10B58000002144800AF055FF02B010BD1021F2E7FF
:10B59000224500204E1600202DE9F0438BB0857A1D
:10B5A000B0F8069004460E46174609F08EFA81451B
:10B5B000804605F0400541D10021608809F068FC13
:10B5C0000246002E44D1082304A9C14501EB03061D
:10B5D0000CBF234902A90868496803C6A2B3022127
:10B5E00000268DF8172001228DF81010217A45F0E1
:10B5F00020058DF81210A18808338DF81310090A60
:10B600008DF81410E188CDE900268DF81510090A8F
:10B610008DF816106088314604AA8DF811500BF091
:10B620004DF9054680B1618808F0A8FE79003246E0
:10B63000284601F0FE01F3F74DFE06E0E08802A97E
:10B640000AF0B3FD0028B7D100200BB0BDE8F083AD
:10B650003068716806AB03C345F010051023B3E7EB
:10B66000954500202DE9F74388461E46074691463A
:10B6700008F04DFF00210446304609F009FC05465C
:10B6800008F107013846C9B2F1F764FF7DB1B9F19D
:10B69000000F02D103781D44EDB2057063781A07DC
:10B6A00016D569463046F2F759FB024618B100201C
:10B6B00003B0BDE8F0830821684609F0B4F900281A
:10B6C000F5D120460BF05DF9082269460BF01CFB12
:10B6D00009F0FBF90146201D08F0D2FD6378DB0676
:10B6E00003D538460B490BF079F93146A01C08F018
:10B6F000C7FD3146384608F041FE074A137801334A
:10B70000DBB21370E371A3790BB10120D0E7012301
:10B71000A371FAE7954500201F450020FF232DE97E
:10B72000F04F8FB08146164605918DF822301AB33E
:10B7300001230BAA0AF0F0FD9DF836500446EF06EF
:10B7400025D50027059BBDF8308003F10802494646
:10B75000D2B20823009709A8CDE9097709F05CF86F
:10B760003A46404609A9F8F789FC002840F08C8049
:10B77000A90627D510220DE013460BAA0AF0CCFD2E
:10B780009DF836500446A80663D5062202E0AA06B4
:10B7900018D5082200230599BDF832700A44CDE976
:10B7A000093349460093D2B2082309A809F034F8B6
:10B7B000384686F0010209A9F8F760FC002863D139
:10B7C000002E46D0BDF8307009F07FF9874249D08D
:10B7D00038460AF025FD8046002E45D1BDF82EB032
:10B7E0000021584609F054FBBDF82C300390184650
:10B7F00006930AF015FD064609F067F9069B834299
:10B8000042D0B64B1B78033B012B3DD915F04003CA
:10B81000049339D1039B0BB9002E35D09DF83570B8
:10B82000039B05F018051F44FFB2082D8DF83570F5
:10B830006CD120230493002C40F042810AF012FEC8
:10B84000054608B3002E40F0B28033460126B246CA
:10B8500074E0BDF8327009F038F98742B8D14FF082
:10B860000108BBE74FF00108002C43D09C4BE27964
:10B87000678803EBC20633F83220BDF832309A42B3
:10B8800005D04FF6FF7323800FB0BDE8F08FBDF8F1
:10B890002EA0B8F1000F08D0002130460AF0C9FDF3
:10B8A000A6F802A00AF0C0FAEEE7BDF830000AF0F0
:10B8B000C8FD0546414630460AF0BBFDA6F802A089
:10B8C000884E2DB1414628460AF0B3FD63886B804F
:10B8D0000AF0AAFA3378002BD6D03B46002248461D
:10B8E0000599FFF7BFFE0028CED03946484609F03B
:10B8F00016FDC9E70AF098FA7A4B1B78002BC3D0E3
:10B90000B8F1000FC0D14FF6FF77E6E7102D01D157
:10B91000049590E7B8F1000F8DD1002C3AD0C246C3
:10B920000021BDF832000DF1220200F063FA034657
:10B930000028A9D0002E40F0CB8025460499BDF800
:10B9400030000DF12302079300F054FA044600285A
:10B950009AD0644A079B1278002A79D0BAF1000F76
:10B9600026D102462C466179B9427FD92546A4F8F2
:10B9700002B067711446002B00F09F809DF82230C2
:10B98000EA799A4200F09980002E40F08F80EB71A6
:10B99000002540E00AF066FD044600283FF474AF3D
:10B9A0004FF0010ABCE7002201261346DBE701261F
:10B9B000B8F1000F1FD1DEF70BFC7E23B0FBF3F2D2
:10B9C00002FB130005993A460531C9B25FFA80FAC5
:10B9D0004846F1F7E5FD4FF6FF71484608F0CEFC0A
:10B9E000039B032B2CD9AAF17E0A022148465FFA59
:10B9F0008AF2F3F76FFC069BA5F802B02B809DF846
:10BA000034306F712B7100232B72002E42D19DF8C0
:10BA10002230EB710125B8F1000F3FF435AF4846F5
:10BA200009A90AF0BBFF00283FF42EAF2A4609A956
:10BA30000BA8FFF7B1FD27E7002625463446BAE7F5
:10BA4000039B012B94BF0AF1020A0AF1420ACCE7D8
:10BA5000BAF1000FCFD16979B94209D9A5F802B07E
:10BA60006F71002B8AD1002E92D024E02546144617
:10BA7000049A002A3FF408AF8F427FF405AF039386
:10BA8000DEF7A6FB83077FF4FFAE039BA5F802B0A9
:10BA90006F7170E7FF23EB71002CBBD00125237978
:10BAA000A4F802B023F003032371B4E7FF23EB7182
:10BAB000002C3FF46DAF0025F1E7002CD3D167E7F0
:10BAC000002E7FF470AFB24625460126534635E777
:10BAD000BAF1000FB0D15646524644E72245002045
:10BAE000464200205D16002070B50C4B4FF6FF75E6
:10BAF0001C78002302460A489C4201D1002005E040
:10BB00000688964206D1AA4201D10B7070BD867993
:10BB1000002EFAD001330830DBB2EDE75C160020CE
:10BB200046420020002210B50A4B1C780A4BD1B2C5
:10BB30008C4201D8002010BD5988814204D1197966
:10BB4000890701D1997911B108330132EFE701205A
:10BB5000F1E700BF5C1600204642002010B5084BFC
:10BB600001461C780023074AD8B2844201D8FF203E
:10BB700010BD914203F10103FAD00832F4E700BF8F
:10BB80005C1600204642002038B50446FFF7E6FF69
:10BB9000FF28054603D13F210B48DEF7BDF94FF6DC
:10BBA000FF7320462380A37103210AF042FC074B58
:10BBB00007481A7800210732D21002FB0500BDE8C1
:10BBC00038400BF0BBB800BFB41504005E1600206F
:10BBD000F7440020F8B504460026124D124F3A787B
:10BBE000F3B29A4209D800224FF6FF710F4B1D782D
:10BBF0000F4BD0B285420BD8F8BDFF2C02D0AB79E9
:10BC0000A34202D12846FFF7BFFF08350136E6E719
:10BC1000FF2C02D0187AA04201D1198019720A3380
:10BC20000132E6E7464200205C1600205B16002049
:10BC30001E420020FF28F8B504462CD0164B1B7876
:10BC4000834203D880211548DEF766F94FF6FF7569
:10BC5000134A32F8341002EBC4000379A94203F00E
:10BC6000030318D0012B16D100220E4B1F780E4B68
:10BC7000D6B2B74203D8BDE8F840FFF785BF1E88AB
:10BC8000AE4205D093F807C0A44504D0B14202D01B
:10BC90000A330132ECE7F8BD5C160020B41504004D
:10BCA000464200205B1600201E4200202DE9F7438B
:10BCB00004F052FB324B1B78033B012B21D9314B53
:10BCC0001D88451BADB2E5B118804FF6FF77002007
:10BCD0002D4A13782B44C3F3C81403F07F03137069
:10BCE0002A4B2B4A1E78C3B29E420DD800264FF62F
:10BCF000FF77284CDFF8A09099F80020F3B29A4221
:10BD000016D803B0BDE8F0831388BB420DD0137979
:10BD100099070AD104EB9311022928BF022103F0ED
:10BD20003F0389B243EA8113137108320130DAE725
:10BD300034F80A8CB84506D014F8043CAB4205D957
:10BD40005B1B04F8043C01360A34D5E708F0BDFE5D
:10BD5000804534F80A3C04F8027C24F80A7C09D0B7
:10BD600018460DF10701FFF7BFFE18B19DF8070057
:10BD7000FFF760FF14F8030CFFF75CFFE3E700BF79
:10BD8000224500208A430020DC4500205C1600206C
:10BD900046420020284200205B160020F0B5002417
:10BDA0004FF6FF7703461048DFF844C006780F4887
:10BDB000E5B2AE4201D800200FE005889D4210D1C7
:10BDC0003AB1012A16BFC57905793CF83550A94228
:10BDD00007D1BB4202D114238371F0BD057A002D37
:10BDE000FBD00A300134E3E75B1600201E4200203E
:10BDF00046420020F8B50D46114607461646FFF7A5
:10BE000073FE002836D102464FF6FF7C1E4B1F4CB6
:10BE10001978D3B2994206D800231C4C8B4221D109
:10BE2000F8BD0834F5E7B4F800E00132E645F8D192
:10BE300033700123278023710021A17165B1144B58
:10BE400045F008051A782571D31DDA103078114BAA
:10BE500002FB00300AF072FF2379204603F03F0313
:10BE60002371DDE722799209022AE1D001330834F7
:10BE7000DBB2D3E7037904469A071EBF23F003031E
:10BE800043F001030371D7E75C160020464200200F
:10BE90005E160020F744002073B50DF1070105463A
:10BEA000FFF722FE40B103799A0705D113F0300461
:10BEB00004D043F00303037102B070BD28460AF0BA
:10BEC000C8FA094B4FF6FF711D7823469DF80760AD
:10BED000064AD8B28542EFD9D0790133B04204BFC7
:10BEE000118011720A32F4E75B1600201E42002016
:10BEF00030B50A4BCC081B78094D0733DB1000FB2B
:10BF00000340012301F007018B402C5CDBB212B12E
:10BF10001C432C5430BD24EA0304FAE75E160020CB
:10BF2000F744002070B50B4B04461B78834204D8BD
:10BF300040F24B210848DDF7EFFF0025074E33782C
:10BF4000E8B2834200D870BD00222146FFF7D0FF3F
:10BF50000135F4E75E160020B41504005C160020DD
:10BF6000FF2810D0FF290ED0084BCA081B7801F01B
:10BF700007010733DB1000FB0323054AD05CC840F0
:10BF800000F0010070470020704700BF5E160020DF
:10BF9000F74400200148F0F725BF00BF8C43002084
:10BFA0002DE9F0471E464D4B8CB01B6815460746E1
:10BFB00088469DF8509003F0080A08F086FDA842D4
:10BFC0003FD1B9F1000F14D06EB9ADF806603D460F
:10BFD00004242246414628460AF0D7FA00F0010020
:10BFE0000CB0BDE8F0870023ADF806303D460624CE
:10BFF0003AE03846FEF7ACFBFF28044605D0F2F7DE
:10C00000F7FD10B12046FEF7D3FF96B10023ADF83F
:10C010000630F8F7E5F80028E8D0062440460DF190
:10C02000060202A909F020FCD8B94046F8F7D0FA78
:10C0300017E0ADF80660F8F7D3F80028C7D004245D
:10C04000ECE73EB3BAF1000F2ED000230B24ADF87D
:10C050000630B9F1000F0AD1F8F7C2F82F460028D0
:10C06000DCD13D46002EB4D0BAF1000FB1D004F0BF
:10C070000402414642F0110228460AF086FA22469E
:10C080000646414628460AF080FA002814BF30468A
:10C090000020A3E7BAF1000F14D00124ADF8066028
:10C0A000B9F1000F95D1D7E70B24284602A9F1F783
:10C0B00055FE074668B902A806F0CCFB20B9ADF8DA
:10C0C0000600EDE70124F0E744F00204ADF8067045
:10C0D000E6E70023ADF80630E2E700BF9C3600201B
:10C0E0002DE9F0471E46644B8CB01B7807460D4681
:10C0F0001446DDF85080BBB308F0E7FC30B35F4B6B
:10C100001B68980722D44FF6F7739C422CD84346FD
:10C110003A4631462046FBF7D9FD08F0D6FC854269
:10C1200000F0A6803046FEF7C1FAA04203D1FEF728
:10C130000FFB0AF0CFF8BA1E5342534129460022A2
:10C1400020460CB0BDE8F0470AF0C5BDA7B1F91E06
:10C15000D1F1000949EB01094FF6F7739C420ED962
:10C160000321204605F016FF08F0AFFCA8427FD05F
:10C170004FF6FF739C42D3E74FF00109ECE72B46E3
:10C180003A463146204604F03EFB2146CDE9000800
:10C190002B463246384606F072FB80460146204662
:10C1A00005F0F8FEB8F1000F51D1B9F1000F3FD002
:10C1B000002F3DD003AA9246314B03F1100E944656
:10C1C000186859680833ACE8030073456246F6D135
:10C1D00007A805F016FF0323306871688DF81C303E
:10C1E00008AB03C39DF8293007A843F002038DF87C
:10C1F000293006F0DBF888B13068716808AB03C3FA
:10C20000042307A88DF81C3006F0D0F830B10223C3
:10C2100007A88DF81C3006F0C9F848B9514607A8A0
:10C2200006F02BF920B1F4F7E9FB00283FF475AFD5
:10C2300088F001032A46314603F001032046CDF879
:10C240000090FFF7ADFE08F040FCA84268E7B8F1A7
:10C25000010FEDD0B8F1020F7FF45FAF284607A9B8
:10C26000F1F77CFD20B93246284607A90AF054F9B7
:10C270000CB0BDE8F08700BF1D4500209C360020B3
:10C28000C4150400044B1A880AB100221A80002148
:10C290000846F9F7EBBE00BF8C43002000232DE9D0
:10C2A000F04F8FB004460D46CDE903334E7808F0C9
:10C2B0000CFC50B1B34B1B689B0706D4092103A8A3
:10C2C00004F058FC0FB0BDE8F08F204603A9F1F749
:10C2D00045FD0346002840F05181022E38D0042E3F
:10C2E000ECD1A94A1278002A42D0022A40F02181DA
:10C2F00009AF0246394606F017FA012103A89DF856
:10C30000255006F0E6FA2840FF2800F0338105ADFD
:10C31000284608F093FB002840F02E8195E80F0096
:10C3200087E80F003246394603A806F00FF90246A7
:10C33000002840F01F81032303A9CDE900532046C4
:10C340003346FBF797F800280CBF13210621B6E708
:10C350008C4B1F6817F00207B0D10235082229461E
:10C360008A480AF0C1FC0028A8D0894B1B780BB979
:10C370001121A4E7874B884E1B782BBBFFF782FF68
:10C380003088002868D10DF10C082946404605F098
:10C3900036FE002800F0CA802846F1F7C3FC4FF6AD
:10C3A000FF739842814600F0BD800DF1240B584682
:10C3B00008F044FB002840F0B580002F7AD14246B7
:10C3C000AA4648463B4681E03088002844D1394699
:10C3D0003846F0F7A7FF308000283BD00123082221
:10C3E000304603A9F1F724F8A0BB0123082229460F
:10C3F0003046F1F71DF868BB01230222664809A9FF
:10C40000ADF82440F1F714F80346308823B1002832
:10C4100048D04FF0100A21E0F0F7DAFE5E4980467E
:10C42000204601F03FFA3088F0F7D2FE5FFA88F834
:10C43000804509D1FF238DF82430012356481A4640
:10C4400009A9F0F7F5FF28B900210120F9F70EFE40
:10C450000C2134E73088DAE74FF0070AF0F79CFE4A
:10C4600080463088F0F798FE3488112100F10809E1
:10C470002046F1F781F8102183462046F1F77CF839
:10C480000822044603A948460AF02EFC002877D16A
:10C490000822294640460AF027FC002870D1BAF14C
:10C4A000070F01D010210AE704EB0B244D46A4B27C
:10C4B0006BE70127308828B11221F1F75DF8FF28DA
:10C4C000814615D12A46C2462046402343F0030345
:10C4D000CDE900B351460323FAF7CCFF10B307218F
:10C4E000504604F047FB002FE3D0FFF7CBFEE9E610
:10C4F00000210846F0F716FFADF8140048B12046B9
:10C5000005A901F0CFF9BDF81400F0F761FE00288D
:10C51000D8D1142300934A4641462046338801F07F
:10C5200089F9CFE7FFF7AEFE0F21C8E6FFF7AAFEB5
:10C530001EE7012A01D00621C1E605AD02460090A2
:10C54000294603A8F9F798FC024608B10A21B6E685
:10C550000C4B20461B6803A95B0003F0040343F067
:10C560000303CDE900533346FAF784FF0028E2D1F4
:10C570001321A4E60521A2E61221A0E60B219EE6E6
:10C580000E219CE69C360020DA44002095450020D0
:10C59000D9440020D74400208C430020012330B52B
:10C5A0000D4C85B022788DF80430D5188DF8052013
:10C5B0000E228DF806200A682570CDF807204A68FB
:10C5C00001A9CDF80B200B22F0F732FFB0FA80F072
:10C5D000400905B030BD00BF1E450020142330B512
:10C5E00018498BB07F22054609880DEB030003F044
:10C5F000DEFEBDF81430DA0721D413F0060FC3F3C2
:10C60000410208BFC3F341220F4B0DF116019C5CA0
:10C61000684622460AF0B8FBBDF8263004F128022D
:10C620006A4402F8283C02341B0A02F8273C694697
:10C630002A46E0B209F0F5F800200BB030BDB72073
:10C64000FBE700BF12C40300D415040010B58AB084
:10C65000ADF826200022CDE9052204920CAA029210
:10C660004FF6FF720446AC2101200192064A039066
:10C6700004FB0122603200924CF620010DF12602EB
:10C6800009F0A5FF0AB010BDEC3A002000B58BB050
:10C69000ADF824309DF8303003208DF8263000238B
:10C6A00003900A4909A8CDE90130CDE90533049387
:10C6B00001F160030093B1F85C3002204CF6604158
:10C6C00009F085FF0BB05DF804FB00BFEC3A0020D9
:10C6D00010B54FF6FF741E4A8AB0B2F86800B2F87F
:10C6E0005E10A042ADF82600B2F85C304FF6FD7047
:10C6F000ADF8241018D081424FF0000094BF48F6E6
:10C7000060014CF66001CDE90500CDE90300CDE9FB
:10C71000010094BF09AA603200920DF126020420A4
:10C7200009F055FF0AB010BD81424FF000008CBFE8
:10C73000603209AA00928CBF4CF6604148F6604115
:10C74000CDE90500CDE90300CDE90100014AE6E7A6
:10C75000EC3A0020563B00204FF6FF73002200B554
:10C760008BB0CDE90522CDE90322CDE90132074A9C
:10C770004CF64001009206200DF12602ADF826305D
:10C7800009F025FF0BB05DF804FB00BF4C3B002017
:10C7900000B50E4B0022B3F85E308BB0ADF82430FC
:10C7A0004FF6FF73CDE90522CDE90322CDE9012241
:10C7B00009AA00924FF400610DF126020720ADF89E
:10C7C000263009F004FF0BB05DF804FBEC3A0020C2
:10C7D00030B58BB08DF825301B0A8DF8263000233C
:10C7E0000D4991F85840CD6DB1F85C00CDE90533A5
:10C7F000049307236031039308ABCDE90103009153
:10C800004FF6FF734CF62041082008958DF8244020
:10C8100009F0DDFE0BB030BDEC3A002070B54FF6EC
:10C82000FE76294C1D46B4F85E10B4F85C30B14277
:10C8300094F85C00A2B04FEA132321D14FF4404199
:10C840006034ADF808108DF80B008DF80C3003CC77
:10C850000DF11504CDF80D00CDF811102270120A5B
:10C860006270002211461046A270E270ADF80620F8
:10C8700007F02BFEADF8060090B9002022B070BD85
:10C880004FF400448DF80D10090AADF808408DF8FA
:10C890000B008DF80C308DF80E100DF10F04DDE754
:10C8A000043402A9621A0123D2B20DF10600F0F796
:10C8B000BFFD0028E1D1BDF806002A460121F0F7AE
:10C8C00009FDBDF80600D9E7EC3A0020034B1A78C1
:10C8D0001AB1FF2A04BF00221A707047DE450020FB
:10C8E00070B5084C084E2378F55C1DB13E21074811
:10C8F000DDF712FBFF2223782846F2540023237031
:10C9000070BD00BFDD450020DE450020D9150400C4
:10C91000034B044A1B78D05CFF3818BF01207047D6
:10C92000DD450020DE45002010B5082207490446F9
:10C930000AF0DAF9B0FA80F04FF6FF732289400965
:10C9400040009A4208BF40F0010010BDEE150400FF
:10C950002DE9F3410E460021054607F027FE00238E
:10C96000124FADF806002B800DF1060007F019FEFE
:10C97000044610B102B0BDE8F08121460DF1060079
:10C9800007F086FE8046F0F707FC438AB34207D9DA
:10C990009B1B438222464146284607F00DFEE3E7F3
:10C9A00043895B07E0D53B88F3E700BFF015002023
:10C9B00008B50A48F0F7BEFE09484FF47A71FFF750
:10C9C000C7FF074807F0EDFD30B9BDE808404FF458
:10C9D0007A710248F0F712BE08BD00BF481500206A
:10C9E0001816002030B504460D4685B002B9084A35
:10C9F0001068516801AB03C301AB03CB2060204634
:10CA0000ADF80C501B886160238105B030BD00BFBC
:10CA10003EDA03001FB50146002201A8FFF7E2FF3E
:10CA2000064801A909F0C7FE20B1F0F7B5FB40891F
:10CA3000C0F3400005B05DF804FB00BF18160020ED
:10CA400030B585B00D460022014601A8FFF7CAFFA8
:10CA5000084801A909F0AFFE50B1F0F79DFB04466C
:10CA60000146082228460AF04FF96089C0F34000C9
:10CA700005B030BD1816002010B5044C204607F054
:10CA8000F5FD6388181A80B210BD00BF181600208B
:10CA9000F8B50546F8B100210F4807F087FD0446B8
:10CAA000A8B10D4F2046F0F777FB0646FFF73CFF95
:10CAB000830705D40822294630460AF015F938B113
:10CAC0002146384607F0C8FD04460028EAD1002474
:10CAD000201E18BF0120F8BD1816002010B50C4606
:10CAE0000146064809F067FE30B1F0F755FB43896F
:10CAF0001C4214BF0120002010BD00BF18160020EA
:10CB00001FB51446024601A8FFF76CFF074801A9AC
:10CB100009F051FE40B134B1F0F73EFB142201465A
:10CB200020460AF0F1F8012004B010BD18160020CC
:10CB30001FB50146002201A8FFF754FF094801A9CB
:10CB400009F039FE58B1F0F727FB4389024613F08C
:10CB5000020004D0507B80F00800C0F3C00005B094
:10CB60005DF804FB181600200146014809F048BE94
:10CB700018160020F8B504460E4614200021F0F7E0
:10CB8000D1FB0546204607F071FD6388834225D915
:10CB900025B33146204609F033FE08BB2846F0F79E
:10CBA000FBFA07460A2231460AF0AEF8082206F1DF
:10CBB0000A0107F10A000AF0A7F80A4B1B887B82DA
:10CBC000238823B94FF47A710748F0F717FD204600
:10CBD0000022294607F0F0FC0020F8BD1C20FCE7ED
:10CBE0002E20FAE7F01500204815002010B5044665
:10CBF00086B0B0B1FFF798FE10F0020011D1CDF869
:10CC00000E006168CDF81200ADF81600206801AB87
:10CC100003C32289044801A91A80FFF7ABFF06B0BD
:10CC200010BD2120FBE700BF18160020F8B50D4607
:10CC300016461F46044648B3FFF776FE30BB204633
:10CC4000FFF792FFE0B12146114809F0B4FDF0F77B
:10CC5000A3FA438905734673877343F0020321895E
:10CC600043812046F2F7BEF8FF28044606D0F1F7CC
:10CC7000BFFF18B10022074B43F82420002004E036
:10CC80002046FFF7B3FF0028DDD0F8BD2120FCE7E8
:10CC90001816002058340020F7B59DF824400D46A2
:10CCA00001949DF82040064600941F46FEF748FA7E
:10CCB0004FF6FF718842044610D0BB0711D42846B6
:10CCC000F1F798FE2046FDF743FDFF281FBF084AF5
:10CCD00032F8103023F4804322F81030204603B09D
:10CCE000F0BD02462946304609F091FDEAE700BF53
:10CCF000DC42002073B50E460146144809F05BFD86
:10CD00000546D8B1F0F748FA43890446334012D0BB
:10CD10009B0736B20BD5002E09DAA17B437B028933
:10CD2000007B0191012100912146FFF7B5FF638946
:10CD300023EA06036381628912B1012002B070BD4B
:10CD40002946024807F0C3FCF7E700BF1816002089
:10CD50000148F0F747B800BF181600201FB50C4671
:10CD60000B4A014601A8FFF73DFE01A8FFF7FCFEB4
:10CD700060B101A9074809F01EFDF0F70DFA03683C
:10CD8000236043680020636004B010BD2D20FBE7E2
:10CD9000EE150400181600202DE9F0431E46574BEF
:10CDA0008FB01B780746033B012B0C4615469DF8B8
:10CDB000588007D8F4F728FC20B1F0F72FFE08B10F
:10CDC00044F400544E4B1B7813B924F40074A4B2FD
:10CDD000200509D546B9284604A9F0F7BFFF002869
:10CDE00046D024F40064A4B2ADF81840ADF81A504F
:10CDF00007F06BFE434BADF81C00B8F1000F02D0FA
:10CE00001A78424501D293F800803F4AE105137831
:10CE100048BF0DF1210103F10103DBB2137058BFCC
:10CE200008A922058DF81E808DF81F3006D53368BD
:10CE3000083141F8083C736841F8043CE30407D525
:10CE4000324A0831136841F8083C536841F8043C01
:10CE50000DF11808A1EB08005FFA80F9002148469F
:10CE6000F0F760FA064628B900200FB0BDE8F0835D
:10CE700004AEB9E7F0F790F941464A4609F084FF5D
:10CE80003046F0F7A5F980463046F0F785F90023E3
:10CE9000024600934FF6FF7004235FFA88F107F013
:10CEA000E9FAADF80E000028DED040F201131C4272
:10CEB0001AD14FF6F7739D4216D8F0F789F90DF1A4
:10CEC0000E010446284600F0EDFCBDF80E00F0F718
:10CED0007FF9E4B2A04207D9BDF80E0007F017FBB6
:10CEE000437843F004034370BDF80E003A46012135
:10CEF000F0F7F0F9BDF80E00B7E700BF22450020BB
:10CF00001D450020491600201F45002095450020A2
:10CF1000F0B50829D58889B028D00C2926D0AE04D0
:10CF200024D405F040030B43424C267816B105F09B
:10CF3000200423432FB2002FB8BF43F080030329FE
:10CF400020D11223AC068DF80430937A10D48DF8DA
:10CF500005300DF1060401A9621A0123D2B2F0F7DF
:10CF600067FAB0FA80F0400909B0F0BD0B46DBE784
:10CF700032228DF805308DF80420002EE9D00DF115
:10CF80001304E8E70C298DF804300ABF138953799C
:10CF90008DF80530548805BF1B0A8DF806308DF8D2
:10CFA00005300DF1070318BF0DF106031C70240AAC
:10CFB0005C70148802399C70240ADC701479012991
:10CFC0001C7111D8917A002F597131DA022112891E
:10CFD0009971DA71120A03F109041A72002EBAD09B
:10CFE000AB06B8D50534B6E7A9071AD4002F0CDA7A
:10CFF000117A51B1917A59711189127A03F10804A9
:10D0000092B102229A71D971E8E70B4C217801F1B3
:10D01000010C84F800C091729C1D002F5971DDDA5B
:10D02000EAE7917A9C1DF8E70122090A9A71EAE77A
:10D030009C1DD3E71D4500201E450020014B1870A4
:10D04000704700BF15450020074B44F6FF701A7863
:10D0500040F6FF73012A18BF1846044B1B780BB12A
:10D0600040F40040704700BF2245002015450020D5
:10D07000F7B50D46044616461F4600212846F2F72E
:10D0800001FF0A4B002183F859402A4633462046C7
:10D090000097FFF7DBFA014630B102222046F0F795
:10D0A000E3FEC0B203B0F0BD0120FBE7EC3A002084
:10D0B0002DE9F843074603F04BF905461B4807F0F6
:10D0C0006CFC1B4B60B31C683C1B2C44A4B20022BC
:10D0D000184BDFF868901B78174D03EB830399F822
:10D0E000006005EB43055FFA82F846450AD9AB8834
:10D0F00005F10A00A34216D90A23B21A29465A4357
:10D1000009F002FE013689F80060AC80B8F1000F2A
:10D1100003D139460548F0F771FA2846BDE8F8838F
:10D120003C461D60D3E705460132DCE76815002068
:10D13000F43B0020DF4500201A400020E04500209D
:10D140001FB5154A154C1378013BDBB213706168AB
:10D15000206801AA03C221891180114A1278D218CD
:10D1600005D00A2320465A43E11809F0CDFD9DF869
:10D1700006301B070DD0BDF80C00FFF799FF0346E2
:10D180008288ADF8082001AA03CA12881860596085
:10D190001A8104B010BD00BFDF4500201A400020F6
:10D1A000E0450020002108B5084B09481970094BDB
:10D1B0001970094B1A7802EB8202520009F0BEFD89
:10D1C000BDE808400548F0F7B5BA00BFE0450020CB
:10D1D0001A400020DF450020551600206815002069
:10D1E000F8B50024084D094F094E3B783178E2B27A
:10D1F0000B449A4204F1010400DBF8BD2846EFF726
:10D20000F1FD0A35F1E700BF1A400020E04500209B
:10D21000DF450020F8B516460C4B0D4A1B781278F6
:10D22000074613440B4A0D46127893420CD0304601
:10D23000FFF73EFF0135068107808570044603F045
:10D2400082F8E0800120F8BD0020FCE7DF450020E7
:10D25000E04500205516002010B5064C207828B176
:10D260000548F5F757FF10B1034B188810BDFFF7BD
:10D2700067FFF3E7DF4500201A40002008B50A4A9F
:10D280000346107860B1094A1088984209D121B943
:10D290009378103323F00F039370FFF751FF0120B1
:10D2A00008BD0020FCE700BFDF4500201A40002039
:10D2B0002DE9F74F002603F04BF8DFF8F890B2465F
:10D2C00099F80070B3463A46DFF8EC801FFA80FE0A
:10D2D000B8F800C0344CAEEB0C039BB2019323783A
:10D2E000324D009303EB830305EB4303ACEB0E0CD1
:10D2F0005FFA86FEBE4515D3BAF1000F01D0009B40
:10D300002370BA422AD3002F37D00A222378C8F8D4
:10D31000000002FB03532648998803B0BDE8F04F94
:10D32000F0F76CB9B3F804E001998E4512D84FF0CC
:10D33000010A009993F802E001310EF1FF3EC9B2F3
:10D34000013AA3F804B083F802E00091D2B20A33A4
:10D350000136CDE7E644A3F804E0F8E789F80020B9
:10D360004AB10A222378C8F8000002FB0353104890
:10D370009988F0F743F9237813B903B0BDE8F08F2B
:10D38000FFF76AFF06460028F5D006F0E1FF0146E8
:10D39000304607F0C4FF20B100212888FFF76EFF58
:10D3A000E9E76621F9E700BFDF4500201A400020C9
:10D3B00068150020E0450020F43B002038B5054604
:10D3C0000D4B0E481C88F0F705F9012D0CD10C4BC4
:10D3D0001C88FA21614358B1884209D28408012C83
:10D3E000204638BF012038BD022D08BF0224F0E7D7
:10D3F0000248F0F703F9F2E71640002068350020F4
:10D4000014400020012208B5054B06481A7000217F
:10D41000F0F7F4F8BDE808400020FFF7CFBF00BFE9
:10D42000EE440020683500201E4B73B51A8802F1C7
:10D4300008039BB2012B02D81B4B1B7823B902B007
:10D44000BDE87040F0F776B90024184B184D1C70F9
:10D45000184B1C702B787BB14FF6FC73164E009363
:10D46000224623462146308808F069FE4FF6FD73B8
:10D470002C70338001200FE0104B10461978F5F71F
:10D480009BF90028F6D10C4B1A884FF6FD739A428F
:10D49000F0D0012302202B7002B0BDE87040FFF7EE
:10D4A0008DBF00BF18400020EE440020F144002052
:10D4B000EF440020F044002012400020F2440020FD
:10D4C000012808B50AD002280CD020B9084B1870E2
:10D4D0000848F0F72FF94FF0FF3008BDBDE80840CD
:10D4E000FFF790BF0020BDE80840FFF767BF00BF0F
:10D4F000EE4400206835002002280DD866290BD1A3
:10D50000064A13780133DBB21370054A12789A4247
:10D5100002D80220FFF7D4BF704700BFF0440020BC
:10D52000F344002038B500F15703DBB2012B044669
:10D530000D4615D80D4A13780133DBB213700C4A2F
:10D5400012789A420CD84FF6FD720A4B00201988C7
:10D55000914201BF00221D80074B1A70FFF72EFF7A
:10D5600029462046BDE8384003F0A1BAF144002026
:10D57000F444002012400020EF44002000234FF626
:10D58000FD71054A1370054A1370054A1180054A5A
:10D590001370054A13707047F1440020F0440020D6
:10D5A00012400020EF440020EE44002030B5094B2B
:10D5B00002461B7833B1084B084C19780023D8B2C7
:10D5C000884201D3FF2004E0013334F82350954210
:10D5D000F5D130BD54160020F6440020F23F002063
:10D5E0000022FF21044B05481A70054B1970054BAA
:10D5F0001A78920009F0A2BBF6440020F63F002002
:10D60000F544002054160020F7B58DF807100DF1F1
:10D610000701044603F085F9234B1D78002D41D006
:10D620002046FFF7C3FF214EFF283178204B05D15C
:10D63000204A107885422DD9451C1570884219D092
:10D640001C4A1B4D92F800C00022D7B2BC450CD931
:10D650002F4697F803E00132864505F10405F4D121
:10D6600002B203EB8202D278FA7002B203EB8202BA
:10D67000D170307002B203EB820123F82240FF2206
:10D680008A709DF80720FF2A02D003EB820398706E
:10D6900003B0F0BD0A46104603EB8202D278FF2A9F
:10D6A000F9D1CBE7FF20F3E754160020F544002022
:10D6B000F63F0020F64400202DE9F843FFF776FFFF
:10D6C000FF28044669D04FF6FF72354F03B2DFF8EA
:10D6D000DC80344E27F8232098F80050A54202D170
:10D6E0000020BDE8F883337820B28100A34207EB25
:10D6F000800090F803E010D00023294A5FFA83F9F4
:10D700004D45944606D99CF803900133A14502F19A
:10D710000402F3D18CF803E001E086F800E0013D5B
:10D72000EDB22A1BD2B204319200394409F0ECFA6E
:10D7300088F800503378FF2B04D0A34224BF03F1B4
:10D74000FF33337000214FF6FF70154BCAB2AA4267
:10D750000CD300234FF6FF71134ADCB2AC42BBD2AC
:10D76000013332F823008842F7D1B5E79A78A24214
:10D770000BD11880DA78FF2A04D0A24224BF02F12C
:10D78000FF32DA7001310433E0E7FF2AF2D0A2421F
:10D7900024BF02F1FF329A70ECE70320A1E700BF3B
:10D7A000F63F0020F5440020F23F0020F644002020
:10D7B000F8B51C4B05461B78084673B3FFF7F6FE19
:10D7C000FF28044629D02846FFF7F0FEFF2806D0A0
:10D7D000154B164E1A780023D9B2914218D3FF2167
:10D7E0002846FFF711FFFF28014616D00546104FC7
:10D7F00023B207EB830237F823009678FFF704FF84
:10D80000A84208BFFF25FF2E214608D12846F8BDB3
:10D81000013316F823108142DED1FF25F6E73446A6
:10D82000E6E700BF54160020F6440020F43F002035
:10D83000F63F00204FF0000C2DE9FF419DF82850E5
:10D840008DF80FC00DF10F0CCDE9005C1F460646A8
:10D850008846144603F035F89DF80F3093B94146D9
:10D860003046E4F7FBF90E4B1B785BB10B2C09D863
:10D870003046FF21FFF7C8FE064605EB4404E4B23C
:10D88000A54202D104B0BDE8F0812946384607F030
:10D8900010F83146FFF7B8FE02350646EDB2EFE765
:10D8A0005416002000232DE9F3470DF107028DF8EF
:10D8B000073004460E4603F01FF89DF80730054672
:10D8C00063B92046FFF772FE04465EB13088EFF779
:10D8D0007FFC5FFA80F8FF2C46D10025284602B075
:10D8E000BDE8F087B046F6E701320C2AF5D02DB23C
:10D8F00007EB8505AD78FF2DF6D112F0FF0AECD0CD
:10D900004FEA4A050235EDB2002EE7D008EB0501DB
:10D910003046C9B206F067FF0028DED152464146C4
:10D920003088EFF73DFE0AF1FF3208F1010108F1FE
:10D9300002093088D2B2C9B25FFA89F9EFF730FE36
:10D9400024B207EB8404A478FF2CC7D023B2494645
:10D9500037F82320308806F0BCFF0028BDD109F13C
:10D9600002095FFA89F9EBE725460022004FBEE77E
:10D97000F63F0020FF2818BF064B10B51BBF03EB76
:10D98000800433F8203003200B801EBFA3780020D2
:10D99000137010BDF63F002081F0004102E000BF8F
:10D9A00083F0004330B54FEA41044FEA430594EA5F
:10D9B000050F08BF90EA020F1FBF54EA000C55EA9A
:10D9C000020C7FEA645C7FEA655C00F0E2804FEA6B
:10D9D0005454D4EB5555B8BF6D420CDD2C4480EA4D
:10D9E000020281EA030382EA000083EA010180EA7D
:10D9F000020281EA0303362D88BF30BD11F0004FCB
:10DA00004FEA01314FF4801C4CEA113102D0404200
:10DA100061EB410113F0004F4FEA03334CEA13333B
:10DA200002D0524263EB430394EA050F00F0A78053
:10DA3000A4F10104D5F1200E0DDB02FA0EFC22FA4E
:10DA400005F2801841F1000103FA0EF2801843FA42
:10DA500005F359410EE0A5F120050EF1200E012A33
:10DA600003FA0EFC28BF4CF0020C43FA05F3C01871
:10DA700051EBE37101F0004507D54FF0000EDCF1EA
:10DA8000000C7EEB00006EEB0101B1F5801F1BD393
:10DA9000B1F5001F0CD349085FEA30004FEA3C0C97
:10DAA00004F101044FEA445212F5800F80F09A808D
:10DAB000BCF1004F08BF5FEA500C50F1000041EB91
:10DAC000045141EA050130BD5FEA4C0C404141EB95
:10DAD0000101013C28BFB1F5801FE9D291F0000F90
:10DAE00004BF01460020B1FA81F308BF2033A3F13F
:10DAF0000B03B3F120020CDA0C3208DD02F1140C36
:10DB0000C2F10C0201FA0CF021FA02F10CE002F170
:10DB10001402D8BFC2F1200C01FA02F120FA0CFC69
:10DB2000DCBF41EA0C019040E41AA2BF01EB0451B2
:10DB3000294330BD6FEA04041F3C1CDA0C340EDCB0
:10DB400004F11404C4F1200220FA04F001FA02F3F3
:10DB500040EA030021FA04F345EA030130BDC4F1B1
:10DB60000C04C4F1200220FA02F001FA04F340EAA6
:10DB70000300294630BD21FA04F0294630BD94F057
:10DB8000000F83F4801306BF81F480110134013D3E
:10DB90004EE77FEA645C18BF7FEA655C29D094EAAF
:10DBA000050F08BF90EA020F05D054EA000C04BF2D
:10DBB0001946104630BD91EA030F1EBF0021002018
:10DBC00030BD5FEA545C05D14000494128BF41F0B7
:10DBD000004130BD14F580043CBF01F5801130BD1B
:10DBE00001F0004545F0FE4141F470014FF00000A6
:10DBF00030BD7FEA645C1ABF194610467FEA655C57
:10DC00001CBF0B46024650EA013406BF52EA0335F8
:10DC100091EA030F41F4002130BD00BF90F0000FE6
:10DC200004BF0021704730B54FF4806404F1320422
:10DC30004FF000054FF0000150E700BF90F0000FDB
:10DC400004BF0021704730B54FF4806404F1320402
:10DC500010F0004548BF40424FF000013EE700BFD2
:10DC600042004FEAE2014FEA31014FEA02701FBF62
:10DC700012F07F4393F07F4F81F06051704732F094
:10DC80007F4208BF704793F07F4F04BF41F40021EB
:10DC9000704730B54FF4607401F0004521F0004149
:10DCA0001CE700BF50EA010208BF704730B54FF0D3
:10DCB00000050AE050EA010208BF704730B511F0D4
:10DCC000004502D5404261EB41014FF4806404F10C
:10DCD00032045FEA915C3FF4D8AE4FF003025FEA92
:10DCE000DC0C18BF03325FEADC0C18BF033202EB16
:10DCF000DC02C2F1200300FA03FC20FA02F001FA70
:10DD000003FE40EA0E0021FA02F11444BDE600BF12
:10DD100070B54FF0FF0C4CF4E06C1CEA11541DBFC1
:10DD20001CEA135594EA0C0F95EA0C0F00F0DEF88C
:10DD30002C4481EA030621EA4C5123EA4C5350EA71
:10DD4000013518BF52EA033541F4801143F48013C2
:10DD500038D0A0FB02CE4FF00005E1FB02E506F053
:10DD60000042E0FB03E54FF00006E1FB03569CF0A8
:10DD7000000F18BF4EF0010EA4F1FF04B6F5007FAE
:10DD800064F5407404D25FEA4E0E6D4146EB060620
:10DD900042EAC62141EA55514FEAC52040EA5E50A9
:10DDA0004FEACE2EB4F1FD0C88BFBCF5E06F1ED853
:10DDB000BEF1004F08BF5FEA500E50F1000041EB8A
:10DDC000045170BD06F0004646EA010140EA020037
:10DDD00081EA0301B4EB5C04C2BFD4EB0C0541EA59
:10DDE000045170BD41F480114FF0000E013C00F36E
:10DDF000AB8014F1360FDEBF002001F0004170BD92
:10DE0000C4F10004203C35DA0C341BDC04F11404AA
:10DE1000C4F1200500FA05F320FA04F001FA05F236
:10DE200040EA020001F0004221F0004110EBD37003
:10DE300021FA04F642EB06015EEA430E08BF20EA2F
:10DE4000D37070BDC4F10C04C4F1200500FA04F3D2
:10DE500020FA05F001FA04F240EA020001F0004164
:10DE600010EBD37041F100015EEA430E08BF20EAD7
:10DE7000D37070BDC4F1200500FA05F24EEA020E1F
:10DE800020FA04F301FA05F243EA020321FA04F04E
:10DE900001F0004121FA04F220EA020000EBD37005
:10DEA0005EEA430E08BF20EAD37070BD94F0000F05
:10DEB0000FD101F00046400041EB010111F4801F39
:10DEC00008BF013CF7D041EA060195F0000F18BFEA
:10DED000704703F00046520043EB030313F4801F26
:10DEE00008BF013DF7D043EA0603704794EA0C0FE0
:10DEF0000CEA135518BF95EA0C0F0CD050EA4106F6
:10DF000018BF52EA4306D1D181EA030101F0004172
:10DF10004FF0000070BD50EA410606BF104619469A
:10DF200052EA430619D094EA0C0F02D150EA0136A6
:10DF300013D195EA0C0F05D152EA03361CBF1046E7
:10DF400019460AD181EA030101F0004141F0FE4186
:10DF500041F470014FF0000070BD41F0FE4141F40A
:10DF6000780170BD70B54FF0FF0C4CF4E06C1CEA0A
:10DF700011541DBF1CEA135594EA0C0F95EA0C0FBF
:10DF800000F0A7F8A4EB050481EA030E52EA03357A
:10DF90004FEA013100F088804FEA03334FF080559B
:10DFA00045EA131343EA12634FEA022245EA1115C8
:10DFB00045EA10654FEA00260EF000419D4208BF79
:10DFC000964244F1FD0404F5407402D25B084FEA26
:10DFD0003202B61A65EB03055B084FEA32024FF4D2
:10DFE00080104FF4002CB6EB020E75EB030E22BF2F
:10DFF000B61A754640EA0C005B084FEA3202B6EBEF
:10E00000020E75EB030E22BFB61A754640EA5C009D
:10E010005B084FEA3202B6EB020E75EB030E22BF2D
:10E02000B61A754640EA9C005B084FEA3202B6EB2E
:10E03000020E75EB030E22BFB61A754640EADC00ED
:10E0400055EA060E18D04FEA051545EA16754FEA4F
:10E0500006164FEAC30343EA52734FEAC2025FEA6D
:10E060001C1CC0D111F4801F0BD141EA00014FF0FC
:10E0700000004FF0004CB6E711F4801F04BF0143CD
:10E080000020B4F1FD0C88BFBCF5E06F3FF6AFAEE9
:10E09000B5EB030C04BFB6EB020C5FEA500C50F179
:10E0A000000041EB045170BD0EF0004E4EEA1131FC
:10E0B00014EB5C04C2BFD4EB0C0541EA045170BD03
:10E0C00041F480114FF0000E013C90E645EA060E47
:10E0D0008DE60CEA135594EA0C0F08BF95EA0C0F75
:10E0E0003FF43BAF94EA0C0F0AD150EA01347FF4BD
:10E0F00034AF95EA0C0F7FF425AF104619462CE794
:10E1000095EA0C0F06D152EA03353FF4FDAE1046F6
:10E11000194622E750EA410618BF52EA43067FF447
:10E12000C5AE50EA41047FF40DAF52EA43057FF4D7
:10E13000EBAE12E74FF0FF3C06E000BF4FF0010CE2
:10E1400002E000BF4FF0010C4DF804CD4FEA410C46
:10E150007FEA6C5C4FEA430C18BF7FEA6C5C1BD013
:10E1600001B050EA410C0CBF52EA430C91EA030F94
:10E1700002BF90EA020F0020704710F1000F91EAF1
:10E18000030F58BF994208BF90422CBFD8176FEABF
:10E19000E37040F0010070474FEA410C7FEA6C5C8D
:10E1A00002D150EA013C07D14FEA430C7FEA6C5C94
:10E1B000D6D152EA033CD3D05DF8040B704700BFC0
:10E1C0008446104662468C461946634600E000BF0E
:10E1D00001B5FFF7B7FF002848BF10F1000F01BDE0
:10E1E0004DF808EDFFF7F4FF0CBF012000205DF8AB
:10E1F00008FB00BF4DF808EDFFF7EAFF34BF012030
:10E2000000205DF808FB00BF4DF808EDFFF7E0FFC8
:10E2100094BF012000205DF808FB00BF4DF808ED19
:10E22000FFF7CEFF94BF012000205DF808FB00BF80
:10E230004DF808EDFFF7C4FF34BF012000205DF862
:10E2400008FB00BF4FEA410212F5001215D211D5AA
:10E250006FF47873B3EB625212D94FEAC12343F0E3
:10E26000004343EA505311F0004F23FA02F018BF65
:10E27000404270474FF00000704750EA013005D12E
:10E2800011F0004008BF6FF0004070474FF00000F1
:10E29000704700BF4A0011D212F5001211D20DD5FD
:10E2A0006FF47873B3EB62520ED44FEAC12343F09C
:10E2B000004343EA505323FA02F070474FF0000046
:10E2C000704750EA013002D14FF0FF3070474FF0F5
:10E2D0000000704753B94AB9002908BF00281CBF85
:10E2E0004FF0FF314FF0FF3000F082B9ADF1080C74
:10E2F0006DE904CE00F006F8DDF804E0DDE9022364
:10E3000004B070472DE9F04F099D0C46002B4DD10C
:10E310008A420F4684469646B2FA82F360D94BB1E0
:10E3200002FA03FEC3F120029F4000FA03FC20FA28
:10E3300002F217434FEA1E461FFA8EF44FEA1C42C0
:10E34000B7FBF6F106FB117701FB04F042EA074246
:10E35000904208D91EEB020201F1FF3702D290422F
:10E3600000F231813946121A1FFA8CFCB2FBF6F02A
:10E3700006FB102200FB04F44CEA024C644508D969
:10E380001EEB0C0C00F1FF3202D2644500F21E813C
:10E39000104640EA0140ACEB040C002125B12CFAF8
:10E3A00003F30022C5E90032BDE8F08F8B4205D9A6
:10E3B0000DB1C5E9000100210846F5E7B3FA83F184
:10E3C00000294DD1A342C0F0F380904280F0F0804C
:10E3D000064623460846002DE6D0C5E90063E3E77C
:10E3E000002B40F0A3808A1A4FEA1E471FFA8EF6D0
:10E3F0000121B2FBF7F407FB14204FEA1C4242EA6A
:10E40000004206FB04F090420FD91EEB020204F119
:10E41000FF382CBF4FF001094FF00009904203D99B
:10E42000B9F1000F00F0CC804446121A1FFA8CFCA0
:10E43000B2FBF7F007FB102200FB06F64CEA024C99
:10E44000664508D91EEB0C0C00F1FF3202D266457E
:10E4500000F2B3801046ACEB060C40EA04409DE7A6
:10E46000C1F120068B4004FA01FE22FA06F720FAD9
:10E4700006FCF4408A401F434EEA0C0300FA01FEFA
:10E480004FEA17484FEA13491FFA87FCB4FBF8F02C
:10E4900008FB104449EA044400FB0CF9A1450ED9DD
:10E4A0003C1900F1FF3A2CBF4FF0010B4FF0000B6D
:10E4B000A14503D9BBF1000F00F08B805046A4EBBF
:10E4C00009041FFA83F9B4FBF8F308FB134403FBB8
:10E4D0000CFC49EA0444A44506D93C1903F1FF3871
:10E4E00001D2A4457BD8434643EA0040A4EB0C0488
:10E4F000A0FB02984445CC46434602D306D1CE4504
:10E5000004D20138B9EB020C68EB0703002D6CD084
:10E51000BEEB0C0264EB030422FA01F304FA06F6E4
:10E52000CC4000211E43C5E900643DE702FA03FE2A
:10E53000C3F1200104FA03F200FA03FCCC404FEAD5
:10E540001E4720FA01F11FFA8EF6B4FBF7F00A43DA
:10E5500007FB1044110C41EA044100FB06F48C4215
:10E560000ED91EEB010100F1FF382CBF4FF001095D
:10E570004FF000098C4202D9B9F1000F2CD040466F
:10E58000091B92B2B1FBF7F407FB141142EA0142F6
:10E5900004FB06F1914207D91EEB020204F1FF3899
:10E5A00001D291421ED84446521A44EA004120E763
:10E5B000861A64EB030301200DE7F44402384AE7AE
:10E5C000023C724431E702397244CCE6F44402382A
:10E5D000DFE602383C4472E702387144D0E7023B80
:10E5E0003C4481E7023C7244DEE72946DCE600BF9A
:10E5F000704700BF08B5064B044613B10021AFF3C6
:10E600000080044B1B6803B19847204600F00DFEC4
:10E6100000000000383D0020024B0146186800F061
:10E620002DB800BF88150020024B0146186800F085
:10E6300085BA00BF8815002070B50F4E0C46054600
:10E64000316811B900F040FA30602146284600F0E8
:10E650003BFA431C03D14FF0FF34204670BDC41C6D
:10E6600024F00304A042F8D0211A284600F02CFA26
:10E670000130F2D1EFE700BFF83B00202DE9F04177
:10E68000CD1C064625F0030508350C2D38BF0C259A
:10E69000002D01DBA94204D90C2333600020BDE822
:10E6A000F081314F00F062F83B681C4644BB2946BC
:10E6B0003046FFF7C1FF431C044650D13C68214659
:10E6C000002941D1002C44D02368304604EB0308D4
:10E6D00000F0FAF980453CD1216830466D1A294690
:10E6E000FFF7AAFF013034D023682B4423603B6836
:10E6F000002B36D05A68A24229D100225A600EE07F
:10E700002268521B1DD40B2A16D96119A342256019
:10E7100018BF5960636808BF396062514B6030466A
:10E7200000F02AF804F10B00231D20F00700C21AA4
:10E73000B5D01B1AA350B2E7A3426268DED13A609B
:10E74000EDE723466468B1E70C464968B8E713462D
:10E75000CEE70C233046336000F00EF89EE70560EC
:10E76000DDE75B60FFDE00BFFC3B0020014808F0F6
:10E77000FFBA00BFE1450020014808F0FABA00BF27
:10E78000E1450020242B2DE9F0478646904601D82C
:10E79000012B06D100F0A8F9162303600020BDE884
:10E7A000F0870D4635482A4615F8014B065D16F0F0
:10E7B0000806F8D12D2C24D12C780126951C2BBBD2
:10E7C000302C30D00A2306F1004C00220CF1FF3C23
:10E7D0001046BCFBF3F903FB19CAA4F13007092F5B
:10E7E00028D83C46A34234DD571C07D081452DD3A1
:10E7F00001D1A2452ADB00FB0340012215F8014BA1
:10E80000EBE72B2C04BF2C78951CD8E7102BDAD122
:10E81000302CD8D12A7802F0DF02582AD3D16C7874
:10E8200010230235CFE72B7803F0DF03582BF6D007
:10E830000823C8E7A4F14107192F01D8373CD1E7D5
:10E84000A4F16107192F04D8573CCBE74FF0FF32F2
:10E85000D4E7531C08D122236046CEF80030B8F12B
:10E86000000F9CD0691E06E006B14042B8F1000FCF
:10E8700095D0002AF6D1C8F8001090E7F9150400E9
:10E8800013460A46014602480068FFF77BBF00BFF7
:10E89000881500202DE9F04386460D46354E284662
:10E8A00015F8014B375D17F00807F8D12D2C26D14C
:10E8B0002C780127851C3BBB302C32D00A234FF02B
:10E8C000FF380026B8FBF3F803FB08F930466FEA7F
:10E8D0000909A4F1300CBCF1090F29D86446A34200
:10E8E00037DDB6F1FF3F07D080452FD301D1A145D9
:10E8F0002CDB00FB0340012615F8014BE9E72B2C2C
:10E9000004BF2C78851CD6E7102BD8D1302CD6D15B
:10E91000287800F0DF005828D1D16C781023023518
:10E92000CDE72B7803F0DF03582BF6D00823C6E79A
:10E93000A4F1410CBCF1190F01D8373CCFE7A4F189
:10E94000610CBCF1190F04D8573CC8E74FF0FF36F3
:10E95000D2E7731C06D122233046CEF8003032B9FC
:10E96000BDE8F08307B14042002AF9D006B1691E24
:10E970001160F5E7F915040013460A4601460248FE
:10E980000068FFF787BF00BF881500202DE9F04F12
:10E99000904685B089461E460D46454A02902B4654
:10E9A00015F8014B175D17F00807F8D12D2C41D150
:10E9B0002C7801279D1C002E41D1302C4CD00A26EA
:10E9C00007F1004A07F1FF3BF31732460AF1FF3A1D
:10E9D000584603935146FFF77DFC019200228E4674
:10E9E000844611461046A4F13003092B05D9A4F141
:10E9F0004103192B37D8A4F137039E423DDD541C47
:10EA000015D084457EEB010234D38E4508BF844582
:10EA100002D1019A9A422DDB039A714300FB021145
:10EA2000A6FB00020A44181842EBE371012215F814
:10EA3000014BD8E72B2C04BF2C789D1CBBE7102E74
:10EA4000BED1302CBCD12B7803F0DF03582BB7D1CB
:10EA50006C7810260235B3E72B7803F0DF03582BD0
:10EA6000F6D00826ACE7A4F16103192B05D8A4F170
:10EA70005703C2E74FF0FF32D9E7531C0AD12223D4
:10EA8000029A584651461360B8F1000F0AD105B0FA
:10EA9000BDE8F08F17B1404261EB4101B8F1000FC2
:10EAA000F5D00AB105F1FF39C8F80090EFE700BFD3
:10EAB000F915040013460A46014602480068FFF7AC
:10EAC00065BF00BF8815002038B50023054D0446FA
:10EAD00008462B60D7F78CFB431C02D12B6803B18F
:10EAE000236038BD3C3D0020014B1868704700BFD3
:10EAF0008815002070B50D4D00260D4C641BA41028
:10EB0000A64209D10B4D00260B4C08F059F9641BA5
:10EB1000A410A64205D170BD55F8043B01369847B4
:10EB2000EEE755F8043B01369847F2E73818002025
:10EB300038180020381800203C18002038B5054649
:10EB4000002941D051F8043C0C1F002BB8BFE41839
:10EB5000FFF70CFE1D4A136833B963601460284642
:10EB6000BDE83840FFF708BEA34208D92068211845
:10EB70008B4201BF19685B6809182160EDE71A46EE
:10EB80005B680BB1A342FAD911685018A0420BD1AF
:10EB900020680144501811608342E0D118685B6816
:10EBA000084453601060DAE702D90C232B60D6E7E3
:10EBB000206821188B4202BF19685B6809186360DE
:10EBC00008BF21605460CAE738BD00BFFC3B00208D
:10EBD00000207047002070473022142302FB0030D1
:10EBE00000F1A04000F570300068C84000F001005E
:10EBF000704708B5D6F78AF938B18378417803228F
:10EC00000078D8F78FFA002008BDF020FCE708B59F
:10EC1000D6F77CF938B18378417800220078D8F7AC
:10EC200081FA002008BDF020FCE70B7838B163F0D2
:10EC30007F030B70CB7923F00803CB71704703F08F
:10EC40007F030B707047CB7938B143F00803CB7169
:10EC50000B7803F07F030B70704723F00803CB7130
:10EC6000704770B5CA7D8E780D7B8C7CCB7E78B179
:10EC700006F0BF0605F0BF0504F0BF0402F0BF02B6
:10EC800003F0BF038E700D738C74CA75CB7670BDA4
:10EC900046F0400645F0400544F0400442F0400292
:10ECA00043F04003EEE7CB7818B143F00803CB7094
:10ECB000704703F0F703FAE70A23B0FBF3F1B1FB67
:10ECC000F3F203FB110003FB121240EA0210C0B280
:10ECD000704730B515460C4685B079B101238DF8E3
:10ECE0000C00ADF80E30D6F729FCCDE90045DE2149
:10ECF00044680DF10E03042003AAA04705B030BDFF
:10ED000007B5014638B10A2300200DF10602ADF81F
:10ED10000630FFF7DEFF03B05DF804FBB0B584B04A
:10ED200002AFFA80D9B16D4692B202F10803DB0856
:10ED3000A5EBC3039D46541C8DF808000DF1090096
:10ED400008F022F8FC80D6F7F9FB0023CDE9003368
:10ED500002AD44682A46DE210120BB1DA0470837CA
:10ED6000BD46B0BD014618B10A220020FFF7D6BF4C
:10ED7000704710B5002852D0002950D00B78C3F34B
:10ED8000021202EB820203F00F0303EB4203037053
:10ED90004B78C3F3021202EB820203F00F0303EB82
:10EDA000420343708A78540602F07F0351BF012268
:10EDB0000024C3F3401303724CBF02F05F0342729E
:10EDC000C3F3011202EB820203F00F0303EB4203D1
:10EDD00048BF44728370CB7803F00703C3700B798C
:10EDE000C3F3011202EB820203F00F0303EB4203B1
:10EDF00003714B79C3F34012C271C3F3001202EBEB
:10EE0000820203F00F0303EB420343718B791A096B
:10EE100002EB820203F00F0303EB4203837110BD88
:10EE200084B004AB03E907009DF804303B2B20D8E5
:10EE30009DF805303B2B1CD89DF806300B2B04D9D0
:10EE40009DF80D0098B1172B13D89DF80730072BAC
:10EE50000FD89DF808301F2B0BD89DF809300C2BCC
:10EE600007D89DF80A0063288CBF0020012004B059
:10EE700070470020FBE713B501230C46C001C0B268
:10EE800040EA52008DF804000DF1060207200DF152
:10EE90000501ADF80630FFF71CFF9DF8053084B181
:10EEA00043F004030DF10501012207208DF8053020
:10EEB000FFF734FF0122082001A9FFF72FFF02B05E
:10EEC00010BD03F0FB03EDE7012307B508200DF1AA
:10EED00006020DF10501ADF80630FFF7FAFE9DF8C8
:10EEE000050003B05DF804FB202307B501460DF1D2
:10EEF00006020020ADF80630FFF7EBFE03B05DF828
:10EF000004FBECF717BD08B5D5F7EEFFBDE80840E8
:10EF1000012211461046D6F761BB08B501F0F6FA9A
:10EF2000FFF7F1FF01F0FFFADBF758FCFAE7704753
:10EF300008B5DBF7E7FF00F00AFCD6F741FEBDE8B5
:10EF40000840D6F7F9BC08B500F06BFAD8F744FED4
:10EF500000F070FAD8F74CFE00F06EFADEF79AFE79
:10EF6000DEF736FFBDE80840DEF76EBF704770473A
:10EF7000D6F708BD08B501F0D3FBBDE8084001F0A5
:10EF8000F0BB7047D6F72ABE0120704701207047BA
:10EF900038B5D6F7F1FC044601F0E6F9051E18BFB6
:10EFA0002546DEF7EFFF041E18BF2C46FFF7ECFFE7
:10EFB000002818BF204638BD38B5DBF715FD0446DC
:10EFC000D6F712FE04281ED002284FF0000508BF15
:10EFD000012401F0CBF9042817D0022808BF01242E
:10EFE00001F0DDFB042812D0022808BF0124FFF73E
:10EFF000CDFF04280DD0022808BF0124002D18BF22
:10F000000024204638BD0125E3E70125E8E7012576
:10F01000EDE70024F5E7FF20704708B5FFF7FBFF99
:10F02000002008BD07B500220346114601200092CA
:10F03000DDF7DAFF03B05DF804FB08B5002002F04D
:10F0400004F80020E2F702F80020DFF731FB00208F
:10F05000DFF71AFFBDE808400020DFF7EFBF01200F
:10F0600001F084BE08B50220E0F7BAFC0220DFF709
:10F07000EFFF0220E2F7D0FABDE808400220E0F7F7
:10F080006BBA704702F087B870477047DFF7A2BAD3
:10F090007047704770477047704710B50446E0F7F7
:10F0A00081F92046BDE81040DFF7C4BD01F078BE0D
:10F0B00001F082BEDFF7F2BE7047704770477047BD
:10F0C0007047704770477047704770477047704788
:10F0D000DFF768BF7047704770477047704782B06E
:10F0E0006B4683E8060093E8060002B0DFF73EB8FF
:10F0F00070477047704702F096BB02F09ABB7047AA
:10F100000020704702F097BB02F0A3BBFEE710B5EA
:10F110003AB1002350F8234041F8234001339A428A
:10F12000F8D110BD002070474FF4004070474FF4F5
:10F130007A7070477FB500239E6A0446B6F5804F0B
:10F140000D460DD201A80393D6F784FE039B5B0501
:10F1500006D529462046336C04B0BDE870401847F8
:10F1600004B070BD1FB500239A6AB2F5804F04D376
:10F1700040F2011005B05DF804FB126BB2F5804F50
:10F18000F6D2012201A8CDE902338DF80420D6F78A
:10F1900061FE039BDB03EBD5029B1A0EE8D0012A2C
:10F1A00003D1C3F307430A2BE2D900239B6A1B6BED
:10F1B0001B6C9847DEE700230360704703680B6011
:10F1C0000160704710B538B132B129B1002301395F
:10F1D000D45C14B90023037010BD8B42FAD200F83E
:10F1E000014B0133F4E7034638B10020814204D0DB
:10F1F0001A5C02B970470130F8E770474FF0FF31F1
:10F20000FFF7F1BF70B50C461646054660B15AB11E
:10F2100051B1FFF7F3FF844206D9211A3246284440
:10F22000BDE87040FFF7CEBF70BDFEE710B588B0F7
:10F2300004460E98009207900D98224606909DF87D
:10F24000300005900B9804909DF828000390002052
:10F25000CDE901300B460121D6F7DAFF08B010BD29
:10F26000704713B5044601A8D8F7A4FA9DF80630F4
:10F2700023804FF480736380D8F7AAFA606000207F
:10F2800002B010BDD8F71ABA08B5D8F70BFA0020AB
:10F2900008BD10B5044644EA010313F00303084611
:10F2A00009D1934201D1002010BD54F8231040F839
:10F2B00023100133F5E72146920007F065FDF2E7E0
:10F2C000704708B5D6F74CFDBDE808400021D7F7D8
:10F2D00045BA02210320D7F7D9BC08B5FFF7F1FFE3
:10F2E000BDE80840FFF7F5BF08B5D6F727FD0021B8
:10F2F000D7F734FABDE80840D7F7B8BCEFF3108071
:10F3000072B6704700B962B67047302383F3118834
:10F310007047EFF31180302383F31188704780F337
:10F3200011887047704770477047704770B5054641
:10F3300014460E46FFF7E2FF2B685C4034405C4009
:10F340002C60BDE87040FFF7DDBF043021B100F54F
:10F35000805001230360704700F50050F9E74FF03B
:10F3600050234FF400321A6770474FF0B0435A6889
:10F3700012B19A6A002AFAD17047436813B9416002
:10F3800070475B685A68012AFBD1596070478368EF
:10F3900013B9816070475B685A68012AFBD15960D4
:10F3A0007047C369032B9FBF00EB83020133D16019
:10F3B000C3617047C369042B14D84FF09842116C95
:10F3C000C902FCD504339B0013650168103B116032
:10F3D0004168116050F8081F11604FF098420344D3
:10F3E000984200D1704750F8041F1160F8E70122DD
:10F3F00000F580535A60CB43934003F00A03436106
:10F40000416111B900F500504260704783695B06A5
:10F41000FCD5C16370470020704700207047002072
:10F4200070477047002070470120704701207047E7
:10F430000F207047E5F744BC002307B54FF0FF30BD
:10F440006946CDE9003304F03FF903B05DF804FBF1
:10F4500000207047B0F5802F22D010D8B0F5003FC3
:10F4600020D007D818B3B0F5803F08BF482018BF98
:10F4700001207047B0F5403F08BF2C20F7E7B0F5FA
:10F48000302F11D007D8B0F5E02F0FD0B0F5202FD6
:10F4900008BF1020EBE7B0F57F0F08BF0620E6E7B6
:10F4A0004B2070472A207047112070472120704759
:10F4B00008B570B1FFF77EFF4FF098435A6CD20247
:10F4C000FCD5586D10F4702004D0BDE80840FFF75B
:10F4D000C1BF212008BD08B528B12022002107F0B6
:10F4E0002DFC002008BD2120FCE710B508B9212023
:10F4F00010BD0029FBD0036813F0704205D1C3F39F
:10F500000E030B607BB10020F2E703F05044B4F12E
:10F51000004F05D0B2F1304F02D0B2F1404FE6D1EA
:10F5200003F07F03EDE74368002BE0D00B60EAE7D0
:10F5300073B50D46064610B9212002B070BD0029F2
:10F54000FAD0002301A90193FFF7CFFF0028F4D1DF
:10F550003468019B14F0704403F1030323F00303A8
:10F560000AD0B168B4F1004FC1F38032C1F3403129
:10F5700004D102EB410253432B60DEE7B4F1204F8C
:10F5800001D10A44F7E7B4F1304FFAD0B4F1404F5B
:10F59000F7D0D1E773B50C46002876D0002974D097
:10F5A00000230B60036803F070430B60C26822B154
:10F5B000032A6AD143F080630B608368C2689D01AF
:10F5C00003F0407154D5B1F1407F54D0002A5CD093
:10F5D0004FF00073226822F040721A432260C36821
:10F5E000032B09D10369F62B4FD91B0403F47F03C6
:10F5F00022F47F021343236083681E0442BF236802
:10F6000043F400432360C368032B09D023680268D6
:10F6100023F4FF4323F07F03C2F30E02134323605E
:10F6200002688368002A08DA5D0403F400512ED4CE
:10F6300059B3226842F400522260026802F070421C
:10F6400002F10042B2F1804F05D25A0542BF226852
:10F6500042F480622260056815F070461ED50023D2
:10F6600001A90193FFF741FF00282ED002B070BD21
:10F67000B1F1407F03D142B14FF04073AAE703F0EC
:10F680008073002AA6D1002BA4D02120EEE72268A7
:10F6900042F4804222600029CBD1CEE713F4C84364
:10F6A000F3D101A90193FFF720FF0028DED1002E3E
:10F6B000EBD12368019A23F4FF4323F07F03C2F3C5
:10F6C0000E02134300202360D0E705F05045B5F14A
:10F6D000004F05D0B6F1304F02D0B6F1404FD4D133
:10F6E000019B2268013B03F07F0322F07F02E8E7E1
:10F6F00038B131B101234B604FF0005300208B60D3
:10F7000070472120704737B50C46054610B92120B7
:10F7100003B030BD0029FAD001234B60C36893B910
:10F7200001A90193FFF704FF0028F1D1019B6A6949
:10F730009A4206D32A6943F0005322600020A36056
:10F74000E6E71D20E4E7032BE1D10023F6E7FFF70E
:10F750007FBE20F00803102B05D0202814BF6FF0C7
:10F76000860000207047002070471346428870B51D
:10F770000732072A0C464FEAD20101D0A14222D11A
:10F780004668058820221846002107F0D7FA360A75
:10F790000346DEB9BCB141F20102954205D0B5F590
:10F7A000885F02D0B5F5905F02D100205C6070BD2B
:10F7B000B5F5105F0DD1182C03D0202C01D0102CE2
:10F7C00001D11C60F1E76FF08600F0E76FF08B006D
:10F7D000EDE76FF08500EAE7F0B51C4643680646A2
:10F7E0001B0A0F46154689B035D122462946FFF738
:10F7F000BCFF68B9EB1C23F00303C4E90307636192
:10F8000045B920220021204607F098FA6FF08600C3
:10F8100009B0F0BD01462022684607F08FFA6A461B
:10F8200029463046FFF7A1FF0028EAD12368009A55
:10F830009A42E6D16368019A9A42E2D1A368029A99
:10F840009A42DED1A369069A9A42DAD1E369079A0D
:10F850009A42DDD0D5E76FF08B00D9E7D8F75CBED0
:10F86000D8F760BF70470020704700207047C3681A
:10F870001944836853F8210030F8023B1360704745
:10F88000012310B580F888300378044653B100F0A6
:10F8900061FA21462046D9F727F82046BDE81040F6
:10F8A00000F04DBA10BD38B50D460446D9F704F83E
:10F8B0006B682046C4F8B032A96800F096F94FF0A2
:10F8C000FF332046C4F8B432FFF7CDFF38BDD0F87F
:10F8D000B43210B50133044601D0002010BD00F051
:10F8E000BCFAC4F8B4020130F7D194F8B80280F041
:10F8F0000100F3E708B5D9F719F808BD0A7801380F
:10F900002D2A0ABF012200228918D9F759B80728E1
:10F910001BD8DFE800F0060A0D10131504170120AC
:10F92000704700220820D9F74BB800221020FAE7D0
:10F9300000222020F7E70820FFF7E0BF1020FBE7B8
:10F940002020F9E70846D9F79DB8002070472DE937
:10F95000F74307280C46DDE90A7690461D4608D88D
:10F96000013806280AD8DFE800F01D27303A44574E
:10F970004A00212850D003B0BDE8F0830022204681
:10F980001146FEF7F9FF3368C0B205EB83013A6810
:10F9900045F82300013348F8221033603B680133F7
:10F9A0003B60E8E7002220461146FEF7E5FF33689A
:10F9B00080B205EB8301EAE7002220461146FEF7FC
:10F9C000DBFF336805EB8301E1E7002220461146A7
:10F9D000FEF756FF336840B205EB8301D7E70022FC
:10F9E00020461146FEF74CFF336800B205EB830159
:10F9F000CDE7002220461146FEF742FFE1E7002353
:10FA000089461E461D468DF8063019F8013F7D2BAC
:10FA100006D125702D0A65703B6848F82340BDE784
:10FA2000202BF2D006F00102013612B98DF8043015
:10FA3000EBE71022002101A88DF80530FEF720FF2A
:10FA4000631901359870ADB2DFE72DE9F04F9B46A1
:10FA5000002385B08B45814688469246CDE9023326
:10FA60006BDC1A461E4619F80340FF2C08D15B4494
:10FA700096B1013B434516DD2B2005B0BDE8F08F64
:10FA8000172C04D8102C28BF01220133EBE7203CAF
:10FA9000012C98BF0126F8E762B1013B4345EBDC3E
:10FAA0003546374602E000252F462E46454504DB05
:10FAB0000020E2E79845F3D0DEE75D453BDB19F82F
:10FAC0000730202B18D109EB07035B78FF2BD3D12C
:10FAD000CEB920465AF82510FFF719FF78B303ABCB
:10FAE000019302AB00932046DDE90E235AF825105E
:10FAF000FFF72DFF0135D9E7212B0ED109EB0703C5
:10FB00005B78FF2BB8D1029B5AF825200E9901266D
:10FB100041F8232001330293ECE7A3F11004072CF2
:10FB200002D91C460137D3E709EB07035B78FF2BAB
:10FB3000A2D1E4B2CCE70624CAE721209DE7262023
:10FB40009BE72DE9F04F07460E46154698460446BA
:10FB500085B0DDF84490DDE90FAB206808B3DAF832
:10FB60000020D8F800108A421BDA0E9B53F82210AE
:10FB7000D6F71CFB48BBDAF800200132CAF8002097
:10FB80006268117BFE291BD10E9B10680121009336
:10FB90002A464346CDE902B9CDF804A0FFF7D1FFCC
:10FBA00004462B7843B999F800302BB97EB1012374
:10FBB0003C4689F800302B70204605B0BDE8F08F38
:10FBC00001238BF800302B70EBE70C34C5E734468B
:10FBD000F2E710B50446236803B910BD237A13B9C0
:10FBE0002046D8F785FF0C34F5E710B541B10A7906
:10FBF00032B901249C300C71FFF7E0FA204610BDA9
:10FC00000020FCE72DE9F041BAB005460AAA0846F3
:10FC100003A900F05EF90446B0B90DF10A0301939F
:10FC20000DF10B038DF80A0000930AAA284604ABD5
:10FC300003A9D9F723F99DF80A20B2B19DF80B204A
:10FC400048B12AB1D8F754FF20463AB0BDE8F08158
:10FC5000FFF7BFFFF8E7D5F89C50002DF4D0A86857
:10FC600008B1FFF7B6FF2D68F7E700B346681AAB97
:10FC700006F10C082AAF01934046049B03990097B4
:10FC80000AAAFFF7E2FE04460028DDD1039B05A87F
:10FC9000CDE90637049B0595CDE90838DBF740FF31
:10FCA00005A83368984705A800F077FCCCE72D2419
:10FCB000CAE710B50446AC3007F073F804F1AB03A3
:10FCC0001A180020934200D110BD13F8011F00291B
:10FCD000FAD00A2908BF0130F4E70023F0B50B6021
:10FCE00013600646D0F8AC0278B196F8AC0060B16B
:10FCF000012406F1AC07D6F8AC02844210D306F119
:10FD0000AC00B3F5007F10D30120F0BD0D680135C4
:10FD10000D60156801351560F85C01330A2802D0C2
:10FD2000B3F5007FF2D30134E5E7C15C0A29EBD0DB
:10FD30000029E9D01168013301311160E1E710B504
:10FD40000021D0F88C20044606F0F8FF0023C4E917
:10FD5000243310BD73B5044600F1AC058021204664
:10FD6000FFF741FA4FF4007106462846FFF73BFAC9
:10FD70000136C0F50070864220461FD807F011F802
:10FD80000646284607F00DF801362946421CA819F8
:10FD900006F0BAFF204607F004F82146024628463E
:10FDA00006F0F2FF204606F0FCFF0A23204480F80C
:10FDB000AC300023C4F8AC3202B070BDFFF779FF5D
:10FDC00001AAC4F8AC0269462046FFF786FF00226C
:10FDD000009B234483F8AC20C0E773B50D4604466E
:10FDE000FFF767FF6B1C1FD1D4F8AC3213B1013B96
:10FDF000C4F8AC320025204606F0D3FFA8421BD839
:10FE00002046FFF79CFFD4F8AC325BB16946204630
:10FE100001AAFFF762FF28B1009D04F1AC06019B27
:10FE2000AB4214D802B070BD012DFBD1D4F8AC3276
:10FE30008342F7D20133DBE7082000F01DF82020D1
:10FE400000F01AF8082000F017F80135D3E7715DCB
:10FE50002046D9F745F90135E1E707B500200DF156
:10FE6000070100F0E0F820B99DF8070003B05DF845
:10FE700004FB4FF0FF30F9E710B5C1B20446002093
:10FE800000F0C1F800280CBF20464FF0FF3010BD35
:10FE90000FB407B504A951F8040B0191E2F778FDFE
:10FEA000002003B05DF804EB04B0704710B54C1CA3
:10FEB0000B460119045D222C03D07B2C01D05C2C55
:10FEC00005D1D21A184406F01FFF012010BD0020F2
:10FED000FCE72DE9F04705469146884606F061FFAC
:10FEE0002A4606461346197801322029FAD0C9F865
:10FEF00000305C1B01236FF0404AC8F80030A64276
:10FF000001D8002014E02F5D29197B2F12D0222F59
:10FF10002ED1D8F80030621C53442A4449F82320DB
:10FF2000012C09D911F8013C13F0DF0F04D0212076
:10FF3000BDE8F0877D27F3E701342B5DBB4209D193
:10FF40002B195B7813F0DF03F1D1222F00D12B5551
:10FF50000134D4E75C2B07D1324621462846FFF70F
:10FF6000A5FF0028E3D0013E0134A642E5D8DEE734
:10FF70005C2F08D1324621462846FFF797FF00281C
:10FF8000D5D0013EE4E7202FE2D10022631CB3422A
:10FF90000A70DDD2EA18EB5C202BD9D0D8F80030FB
:10FFA0000F2B05DC49F823200133C8F80030CFE7D8
:10FFB0001E20BDE770B50C46154610B9D9F7F8F903
:10FFC00038B143682BB12A462146BDE8704000682D
:10FFD0001847232070BDF7B50D4616461C4648B19C
:10FFE00003B901AC87685FB12346324629460068F1
:10FFF000B84706E0D9F7DCF904B901AC0028F1D123
:020000023000CC
:10000000232003B0F0BD07B501228DF807100DF1D4
:100010000701FFF7CFFF03B05DF804FB0B46014675
:100020001846FFF7F0BF00230122FFF7D4BF0EB43C
:1000300003B503AA52F8041B0192D9F7C5F902B01F
:100040005DF804EB03B07047034670B190F83820B8
:1000500090F83C002AB1022803D1012283F83C2009
:10006000704704284FF00102F8D00120704780F853
:100070002C10704790F82C00704790F839007047AA
:100080003022037A534303F1A04303F58023D96E52
:10009000D0E903231344994214BF08461046704721
:1000A000F8B504460D4690F8393081B173B990F82F
:1000B0003A60FFF723F9054601213046DAF7F2FAF4
:1000C0002846FFF71FF9012384F83930F8BD002BCB
:1000D000FCD090F83A70FFF711F9064629463846E9
:1000E000DAF7E0FA3046FFF70DF984F83950EDE71A
:1000F0002DE9F843044616460D4690F82C80FFF78C
:1001000008F994F8382003469AB1FFF708F994F8F3
:100110003B90FFF7F3F8074601214846DAF7C2FAA9
:100120003846FFF7EFF8FFF7F4F80022034684F8AB
:1001300038201846FFF7F3F82E44B54204D10121C8
:100140002046236A98473DE094F82D302BB3FFF703
:10015000E0F8237E0746EBB12046FFF791FFE16808
:100160000138884238BF2069D4F830C03CBF00F164
:10017000FF30401803469C450BD013F80129112A83
:1001800001D0132A21D1A2F111035A425A4184F815
:10019000342020633846FFF7C2F894F83430002B3F
:1001A000CBD0B8F1000F06D02B780A2B03D10D214C
:1001B0002046E36998472046E36915F8011B9847F4
:1001C0000028BAD00020BDE8F883994282BF236995
:1001D00003F1FF335B18CEE7F8B590F838300446EA
:1001E00003F0FF06A3B93146036A9847012384F858
:1001F000383094F83B70FFF781F8054631463846B1
:10020000DAF750FA2846FFF77DF8022384F83C30ED
:10021000F8BD0422036C03F58053DA64704710B50F
:100220000446026C93695906FCD5002394F84610E5
:100230001A4694F84500D6F775FF002394F8481045
:100240001A4694F84700D6F76DFF94F84D30DA0758
:1002500007D5002394F84A101A4694F84900D6F7B7
:1002600061FF94F84D309B0707D5002394F84C109C
:100270001A4694F84B00D6F755FF0122206C002156
:1002800000F50053DA640422DA64FFF7B0F80020C6
:1002900010BD08B5006CFFF7B9F8002008BD0122B9
:1002A000036C19B103F58053DA64704703F500530A
:1002B000DA649A64704770B50468206C856C15F038
:1002C00001050BD0012200F500539A6483699B0657
:1002D0000ED52046BDE87040FFF77EBF0426237E82
:1002E00084F83C602BB9012300F50050C6642376E6
:1002F00070BD637E13B394F82D30FBB1132184F8E5
:100300003550FFF783F8236C03F58052D6645B6A9F
:10031000DBB2112B0DD1012384F834303022237A43
:10032000534303F1A04303F58023DB6E013B2363BA
:10033000DEE7132BDCD184F83450EFE7042300F51B
:100340000050C364D4E708B5D9F7FEFA80B208BDFF
:1003500008B5D9F7F9FA08BD08B5FFF7F9FFFA2390
:10036000B0FBF3F080B208BD012070470420704755
:1003700040F20160D9F7B2BD704770477047032063
:1003800000F020B8012070470020704749BA89B2B8
:1003900080EA0103C3F303125340180380B25840AC
:1003A0005B0103F4FF535840704742DE704710B4BE
:1003B00004460846114622465DF8044BDBF7AAB90D
:1003C000DBF7EAB9DBF728BA10B404460846114651
:1003D00022465DF8044BDBF73DBADBF7DFBA704726
:1003E00008B50846E2F7C0FA002008BD104430B551
:1003F000054602B930BD01F00F030A2B34BF30248B
:100400003724013A2344090905F8013DD2B2F0E747
:1004100010B5FEF773FF0446DAF7BAF82046BDE8D8
:100420001040FEF76FBF7047012070474FF4C8704F
:10043000DAF7C4B9704700230B7070472DE9FF410C
:100440000D4616461F460446A8B14FF00008C0F8F6
:100450001C80DAF791FDBDF82C30424602939DF8DE
:1004600028302946CDE9007320463346DAF7EAFC06
:1004700004B0BDE8F0812220FAE7F0B51F46002362
:1004800087B00D46164604468DF81730A8B1C361F3
:100490000DF11701DAF7A0FD9DF817207AB9BDF824
:1004A0003430294602939DF830302046CDE9007360
:1004B0003346DAF7C7FC07B0F0BD2220FBE7032084
:1004C000F9E738B5FEF725FF054600F006F80446C3
:1004D0002846FEF724FF204638BD4FF0B0439A6A05
:1004E0001207FCD4186A70474FF0B04301285B69CB
:1004F00004D0022805D1C3F3C000704703F0010007
:100500007047002070471C20D6F72ABB08B5D5F7E6
:100510008DFAFEF70CFDFEF70BFDFEF714FDBDE8AE
:100520000840FEF723BD08B5FEF721FDFEF720FDCC
:10053000FEF720FDBDE80840FEF723BD7047D30756
:10054000F7B505460F4626D410F0030423D12646FE
:100550005208B24209D1D7F7A5F8A64205EB8400AC
:1005600009D1D7F7ABF8002011E055F82630013358
:100570000CD10136EDE7042257F824300DEB0201CF
:10058000019306F02DFC20B1D7F798F84B2003B06B
:10059000F0BD0134E1E70120F9E701F0A1B9DFF78F
:1005A00079BAFFF7E5BED0E9023253F822300021D4
:1005B0001878DFF705B8704705F0C0BC01F042B904
:1005C000C3688268013BDBB252F823305B78652B4D
:1005D00002D10020E1F796B86E2B01D10120F9E796
:1005E000662B01D10220F5E7704710B50446C0B272
:1005F000DCF796FA200ABDE81040DCF791BAD0E9A2
:10060000023253F822301878DCF792BB7047DFF7DC
:1006100059BE08B501F0FFF9BDE80840E0F764BF36
:10062000D0E9023253F82230186801F0F2B9002004
:10063000E1F75CB80120E1F759B80221DCF70EBB05
:100640000321DCF70BBB0521DCF708BB08B501462D
:100650000C20DCF7DFFABDE80840DCF76DBA08B51E
:1006600001460020DCF7D6FABDE80840DCF764BAA2
:1006700007B5C2688368043253F8223001211B8811
:100680000DF10602ADF806300023DDF715F803B0D2
:100690005DF804FB2DE9F04F002587B089461E4622
:1006A0004FF0180814460390ADF81450ADF81650EA
:1006B0001AB3DDF840B00DF1140A04E03446DDF859
:1006C00044B00DF1160A00210846ECF72BFEAAF8FB
:1006D000000008B300273BF817300222ADF81030B5
:1006E0005046012304A9ECF7A3FE10F0FF0813D134
:1006F0000137FAB2A242EED315B90125002EDDD1A1
:10070000BDF8483049460093BDF81420BDF81630B6
:10071000039801F03EFB8046404607B0BDE8F08FED
:1007200008B5FFF75CFEBDE80840EDF7B7BA10B5B5
:100730001446DDF70DFB2146BDE81040ECF75EBF27
:1007400008B5DDF705FBBDE808400021ECF756BF12
:1007500008B5DDF7FDFABDE80840ECF7EBBF7047E0
:10076000704708B5FFF73BFEFFF7FAFFFEF789FC7D
:10077000BDE80840DDF726BB704738B50546FEF7F3
:10078000BDFD044601212846D9F78CFF2046BDE86F
:100790003840FEF7B7BD012070470120704708B50B
:1007A000DDF7F0FB00280CBF0420012008BD7047D6
:1007B00070B504460D46164601F090F832462946BB
:1007C0002046FEF75FFC324629462046FFF7EFFF42
:1007D000BDE8704001F084B82DE9F34104460D46B0
:1007E00016461F469DF8208001F078F83B463246B9
:1007F00029462046CDF8008000F0F1FC02B0BDE8AB
:10080000F04101F06DB82DE9F04104460D46164661
:100810001F4601F063F83B46324629462046DEF784
:100820007FFC80463B46324629462046FEF72DFC9B
:1008300001F056F84046BDE8F081704708B501F078
:100840004DF8FEF723FCFFF7F8FFBDE8084001F084
:1008500047B8012070472DE9F04104460D46164681
:100860001F4601F03BF83B46324629462046FFF73B
:10087000F0FF80463B46324629462046FEF708FCFC
:1008800001F02EF84046BDE8F081012070472DE9C7
:10089000F04104460D4616461F4601F01FF83B4640
:1008A000324629462046FFF7F0FF80463B46324657
:1008B00029462046FEF7EDFB01F012F84046BDE860
:1008C000F0812DE9F74304460D4616461F469DF874
:1008D0002880DDF82C9001F001F83B46324629468D
:1008E0002046CDE90089FEF7D5FB03B0BDE8F04313
:1008F00000F0F6BF00207047F8B504460D461646D6
:1009000000F0ECFF324629462046FFF7F3FF07468A
:10091000324629462046FEF7BEFB00F0E1FF38468E
:10092000F8BD38B504460D4600F0D8FF29462046EC
:10093000FEF7B2FBBDE8384000F0D2BF704710B5FB
:10094000044600F0CBFF2046FEF7A7FB2046FFF74A
:10095000F5FFBDE8104000F0C3BF704738B504464E
:100960000D4600F0BBFF29462046FEF79FFB2946B7
:100970002046FFF7F2FFBDE8384000F0B1BF7047F6
:1009800070B504460D46164600F0A8FF32462946CB
:100990002046FEF78DFB324629462046FFF7EFFF43
:1009A000BDE8704000F09CBF704738B504460D4666
:1009B00000F094FF29462046FEF77CFB294620469E
:1009C000FFF7F2FFBDE8384000F08ABF704738B546
:1009D00004460D4600F082FF29462046FEF76CFBD8
:1009E00029462046FFF7F2FFBDE8384000F078BF07
:1009F000704738B5044600F071FF204600F09DFBBB
:100A000005462046FEF759FB29462046FFF7F0FF32
:100A100000F066FF284638BD704738B5044600F040
:100A20005DFF2046DFF70EF805462046FEF746FB41
:100A300029462046FFF7F0FF00F052FF284638BD58
:100A4000704710B5044600F049FF2046FEF737FB1B
:100A50002046FFF7F5FFBDE8104000F041BF7047AA
:100A600038B504460D4600F039FF29462046FEF70A
:100A700027FB29462046FFF7F2FFBDE8384000F08B
:100A80002FBF704770B504460D46164600F026FF8E
:100A9000324629462046FEF714FB324629462046B8
:100AA000FFF7EFFFBDE8704000F01ABF704738B5A0
:100AB00004460D4600F012FF29462046FEF702FBD1
:100AC00029462046FFF7F2FFBDE8384000F008BF96
:100AD000704738B504460D4600F000FF2946204611
:100AE000FEF7F1FA29462046FFF7F2FFBDE838404D
:100AF00000F0F6BE704710B5044600F0EFFE204649
:100B0000FEF7E2FA2046FFF7F5FFBDE8104000F0DF
:100B1000E7BE704710B5044600F0E0FE2046FEF741
:100B2000D4FA2046FFF7F5FFBDE8104000F0D8BE2C
:100B3000704738B504460D4600F0D0FE29462046E1
:100B4000FEF7C4FA29462046FFF7F2FFBDE8384019
:100B500000F0C6BE704710B5044600F0BFFE204648
:100B6000FEF7B5FA2046FFF7F5FFBDE8104000F0AC
:100B7000B7BE704738B504460D4600F0AFFE2946B3
:100B80002046FEF7A5FA29462046FFF7F2FFBDE80A
:100B9000384000F0A5BE70477FB50C46054600F012
:100BA0009DFE21462846FEF795FA00230DF10F0021
:100BB0008DF80E308DF80F30F9F7E4F80DF10E00D6
:100BC000F9F7D8F82046ECF703FB06462046ECF789
:100BD000E3FA9DF90F209DF80E100090F3B228461D
:100BE000FFF7D9FF00F07CFE04B070BD704770B510
:100BF00004460D4600F072FE29462046FEF76BFAC9
:100C00002046ECF7E5FA06462046ECF7C5FAF1B2C5
:100C100002462846FFF7EAFFBDE8704000F060BEDC
:100C2000704730B5044685B000F058FE2046FEF708
:100C300053FA00230DF10F008DF80E308DF80F30B0
:100C4000F9F7A0F80DF10E00F9F794F86088ECF7C9
:100C5000BFFA05466088ECF79FFAEDB20190009567
:100C60009DF90F309DF80E2061782078FFF7D8FFAE
:100C700000F036FE05B030BDB5207047B520704796
:100C800038B5044600F02AFE2046FFF7F7FF054678
:100C90002046FEF722FA2046FFF7EEFF00F020FE86
:100CA000284638BD704710B5044600F017FE2046B0
:100CB000FEF714FA2046FFF7F5FFBDE8104000F0FC
:100CC0000FBE82B002AB03E9060002B0704737B531
:100CD00005466C4684E8060000F000FE94E8060035
:100CE0002846FEF7FCF994E806002846FFF7E9FFDE
:100CF00003B0BDE8304000F0F3BD00207047002095
:100D0000704738B5044600F0E9FD2046FFF7F7FFCD
:100D100005462046FEF7ECF92046FFF7EEFF00F00F
:100D2000DFFD284638BD704708B5FEF7E2F9FFF74A
:100D3000FAFF08BD08B500F0D1FDFEF7DBF9FEF7BC
:100D4000E0F8BDE8084000F0CBBD002070477047D8
:100D500008B5DDF78BF9BDE80840DDF78DBADDF7A2
:100D600085B97047DDF788BADDF78EBA08B5DDF7CB
:100D700083FABDE80840DDF787BA0121DDF7C8BA7C
:100D80000221DDF7C5BA0421DDF7C2BA0821DDF77B
:100D9000BFBA1021DDF7BCBA00207047DDF720BCD8
:100DA00013B500230C461A460146CDE90033E0B2E4
:100DB000DDF7DCFF02B010BD13B50023144601902F
:100DC00001220093E0B2DDF7D1FF02B010BDD0E9FF
:100DD000023253F822301868DEF72AB970471944F6
:100DE00091420ADC4218002003B9704712F8011D35
:100DF000013B01EB0020DBB2F6E70020704710B5A5
:100E000086B0089C088104940024CDE902440124A2
:100E1000CDE9003413460A4601460320DEF7EAF91D
:100E200006B010BD13B500240094FFF7E8FF02B030
:100E300010BD2DE9FF410E461746054680B379B334
:100E400072B34FF0000869465FFA88F005F067F862
:100E5000044640B99DF80030032B08D008F1010882
:100E6000B8F10A0FEFD1204604B0BDE8F0819DF83B
:100E700001202B799A42F1D1BDF802206B889A4269
:100E8000ECD19DF80430BDF805006B7132463B464D
:100E900029462881FFF7C6FF0028DFD00446E2E795
:100EA0000224E0E710B586B0089C04940024CDE944
:100EB00002440124CDE9003413460A4601460620C7
:100EC000DEF798F906B010BD13B500240094FFF7C3
:100ED000E9FF02B010BDF0B5022805460E461446E3
:100EE0001F468BB00AD106A9F0B205F018F898B9E0
:100EF0009DF8193023719DF81C306371119B2246B7
:100F000004930023CDE902330193109B31460093F3
:100F100028463B46DEF76EF90BB0F0BD13B5002452
:100F20000194049C0094FFF7D6FF02B010BD2DE998
:100F3000F04305460F469046994600268BB006A919
:100F4000F0B204F0ECFF044630B99DF81830012BE4
:100F500006D001360A2EF2D120460BB0BDE8F08350
:100F60009DF819202B799A42F3D1BDF81A206B888D
:100F70009A42EED19DF81C302A466B71B1B2CDE990
:100F80000309CDE901003B460220CDF80080DEF7E1
:100F900031F90028DDD00446DEE70023FFF7C7BFA4
:100FA00010B50446DEF768FD0021631E04F10F0250
:100FB00013F8010FFF2808BF19709342F8D10023DE
:100FC000237410BD2DE9F04788B099460C4692462F
:100FD0000646BDF84080119FF8F7DCFECDE90347D7
:100FE00005468DF80860ADF81480ADF816008DF850
:100FF00018A08DF8199000F025F98DF81A0000F06E
:1010000023F900238DF81B0002A88DF81C3000F096
:101010000CFCA8B943463A4621462846E0F7D4F8E6
:1010200070B943463A4621462846DEF701FB38B9F7
:10103000CDE9005043463A4631462046E0F74CFCA5
:1010400008B0BDE8F0870020704770470220704765
:101050001FB50B466A460146184604F0E2FB6A4695
:101060000823002032F8021B013B13F0FF0380EA43
:101070000100F7D1012838BF012080B205B05DF82A
:1010800004FB2DE9F74F9846DDE90C3B07460E4679
:101090001446414600221846BDF838909DF83CA001
:1010A000019303F06CFA0546002840D0019B4146AD
:1010B0001846FFF7CDFFABF80000062F3BD8DFE85E
:1010C00007F00404040D162A21002B46224631465F
:1010D000384603B0BDE8F04FF3F7F6BE0C222B46BE
:1010E0001146204603B0BDE8F04FF3F7D7BEE27AD1
:1010F0002B4611462046CDE90C9A03B0BDE8F04FCF
:10110000F3F7AABE2B460C222146304603B0BDE8B9
:10111000F04F04F0BDBD0D95E37A52460C93314675
:101120002346484603B0BDE8F04FF3F77FBE1820D2
:1011300003B0BDE8F08F0220FAE77FB5054603F063
:10114000C4FC48B16B88B3F5006F05D1681D04B0CD
:10115000BDE8704000F05FBB284600F077FB044616
:10116000B8B9E6B26946304604F0D9FE9DF80030C1
:101170001843C0B248B929463046F6F7C3FE10B14D
:10118000752806D08C2004B070BD01340A2CE8D13B
:10119000F8E78D20F7E72DE9F043144685B00546C2
:1011A0000DF10E000E46F8F7E5FD0DF10F00F8F712
:1011B000E9FD20469DF80E809DF90F90ECF708F8A8
:1011C00007462046EBF7E8FF4B46CDE90070424664
:1011D00031462846FFF7F6FE05B0BDE8F0832DE95D
:1011E000FF47054618461E4690460F469DF830A01C
:1011F000EBF7D2FF81463046EBF7EAFF0446514653
:101200002846E4B2FCF778F921464846FFF720FF6C
:10121000534642463946CDE9019000942846DEF710
:10122000C3FA3346424639462846CDF830A004B0CA
:10123000BDE8F047FDF728BF03F047BC03F062BCF0
:10124000ECF7E4BBF3F7B6BE1FB56846F8F7B0FDA0
:10125000C8B902A9F6F7D8FF082269460DEB0200CB
:1012600005F042FD10B9002004B010BD012002A914
:10127000F6F7CAFF082269460DEB020005F034FDBF
:1012800090B90120F0E7F8F785FD4FF6FF7398421B
:10129000044609D00020F6F7CFFF8442E3D00120B6
:1012A000F6F7CAFF8442ECD0FF20DDE7DEF778BB1B
:1012B000DEF734BBDEF756BB10B504460846ECF744
:1012C000D9FB2046BDE81040EEF71EBDEEF71CBD71
:1012D000ECF746BB002070470A20704708B5EBF7D3
:1012E00017FDC0F3471008BD08B5EBF74FFDC0F37D
:1012F000471008BDEEF784B97047DEF715BC70B52E
:1013000006460C46154600F025F860B10CB90020E1
:1013100070BD002DFBD0204600F0CCFA013080B229
:10132000A842F4D8F4E7304600F01AF840B1002C97
:10133000EDD0012DEBD9204600F0C1FA0230EEE7E6
:101340003046DEF7AFFBEBE7413803288CBF0020C7
:1013500001207047413801288CBF002001207047D0
:10136000433801288CBF00200120704700207047BF
:10137000002070470388B3F57C4F01D3FFF7F8BF17
:101380000846FFF7F3BF10B54A880488A2420DD182
:10139000037B0C79234009D0B2F57C4F08D3FFF7CB
:1013A000E7FF0B891B1A5842584110BD0020FCE78B
:1013B0000120FAE738B50D88D488A5420AD1038800
:1013C000B3F57C4F08D2FFF7D5FF13891B1A58429B
:1013D000584138BD0020FCE70120FAE72DE9F04133
:1013E000064600254FF014080779E8B2874201D875
:1013F00000241AE008FB05F0D6F800C00CEB00044E
:101400003CF8000081421AD132B1802A10D194F9FF
:101410000CC0BCF1000F12DAB0F57C4F05D32046AA
:10142000FFF7A6FF834200D04BB92046BDE8F0810C
:10143000402A04D194F80CC01CF0400FECD10135C7
:10144000D3E70121DEF740BB08B513460022DEF7E3
:1014500093FC003818BF012008BD08B51346402290
:10146000DEF78AFC003818BF012008BD08B5134616
:101470008022DEF781FC003818BF012008BD002360
:10148000DEF77ABC0021DEF7D9BC70470020704738
:10149000F8B516461F469DF81820BDF81C300546C5
:1014A000DEF76AFC78B10421FFF7F0FF044650B183
:1014B000284600F021FA3A4631462846A047BDE8C2
:1014C000F84000F00DBAF8BD2DE9F74FDDF8309087
:1014D0001E460746884614469DF834B0BDF838309D
:1014E0002AB3B9F1000F22D00EB392F804A099F8F4
:1014F0000020504612F0080F0CBF80224022618865
:10150000DEF73AFC98B10821FFF7C0FF054670B13D
:10151000504600F0F1F93346224641463846CDE9BF
:10152000009BA84703B0BDE8F04F00F0D9B903B065
:10153000BDE8F08FF8B5BDF8187016461A463B4660
:101540000446DEF719FCE0B177B90221FFF79EFFF0
:101550000546B0B1204600F0CFF931462046A847F5
:10156000BDE8F84000F0BCB91021FFF78FFF054639
:1015700038B1204600F0C0F93A4631462046A84727
:10158000EEE7F8BD73B5BDF8184016461A46234677
:101590000546DEF7F1FBB8B1C4B92021FFF776FFAD
:1015A000044670B1284600F0A7F9099B3146009324
:1015B00028469DF820309DF81C20A047044600F0E6
:1015C0008FF9204602B070BD8624FAE70024F8E7C0
:1015D0002DE9F04186680446007800F08DF9002579
:1015E00014273279EBB29A4203D8BDE8F04100F0FB
:1015F00077B97B4332682078D15A02EB030800F0B8
:10160000E8F801214046FFF741FF034608B1207882
:1016100098470135E5E74FF6FF70704701207047A6
:101620002DE9F04F1C4689B09DF84C30BDF848803C
:1016300001939DF850309246029322464346074656
:101640000D46DEF799FB8DF814700646ADF816507E
:101650008DF81840ADF81AA0ADF81C8018B901201B
:1016600009B0BDE8F08F05A9FFF78DFE0028F6D080
:1016700000252F46A8462C4634E00C231FFA85F996
:1016800003FB09F931887368B1F57C4F33F8092001
:1016900003EB090B1AD333F8090050452CD3019BF7
:1016A000A3422DD900F0E2F89BF80200DEF7A2FF7A
:1016B000029B43B19BF8043013F0010F0CBF0520CF
:1016C0000720DEF797FF0134A4B219E0ADF81A2025
:1016D0005946304605AA0393FFF76CFE039B00288A
:1016E000D9D101353289ABB29A42C6D804EB080091
:1016F000C31B58425841B3E708F101081FFA88F8A4
:101700000137BFB2EDE72DE9F04786B0BDF838806C
:10171000DDF83C909DF840A0CDF80080CDE9019A1D
:1017200004460D4616461F4600F04BF8A8B1431E6E
:10173000DBB2012B0ED800230493831E584258417C
:10174000CDE902A03B46324629462046CDE9008934
:10175000DEF7A8FC06B0BDE8F0870120FAE730B557
:101760000024012587B0CDE903549DF82C50029543
:101770000A9DCDE90045DEF795FC07B030BD10B5F8
:101780004FF0010C002486B0CDE9034C9DF82840B1
:101790000294099C0194BDF820400094DEF782FC7D
:1017A00006B010BD1FB5089C03949DF81C40029420
:1017B000069C019400240094DEF758FD04B010BD8F
:1017C0007047012070470120704701207047B52005
:1017D0007047704700207047002070470020704716
:1017E000002070470020704700207047002070479D
:1017F0000120704701207047B520704700207047D6
:10180000002070470020704700207047704700207C
:101810007047B5207047842070477047704700209C
:10182000704700207047002070470020704700205C
:10183000704700207047002070470020704700204C
:1018400070477047B52070470020704700207047F0
:10185000704700207047704770477047B520704749
:1018600070477047002070470020704738B5054624
:10187000C0B2DEF7BFFE0446280ADEF7BBFE14B195
:10188000002808BF0024204638BD10B4CC1894426C
:1018900003DC5DF8044BFFF7A2BA00205DF8044BAF
:1018A00070470423FFF7F1BF08B50223FFF7EDFFF0
:1018B00080B208BD0078FF2808BF0020704708B537
:1018C00002220021FFF7F0FF4FF6FF73984208BF96
:1018D000002008BD002818BF702070470020704706
:1018E0000020704708B5FFF7ACFDFF284FF0FF3030
:1018F00018BF0020C0B208BD08B5FFF7F3FFFF28EE
:101900000CBFA320002008BDF8B506460C461546BE
:101910001F4600F011F810B12544AC4200D1F8BDCB
:101920003946304614F8012BDEF724FFF5E701466F
:1019300000220220DEF7AEBE0120704773B50646D6
:10194000DDF736FC81250446019614B9284602B01D
:1019500070BD2378B3B9336862685B889A4211D14D
:10196000A368F27B99B292B1328A91420AD1727D18
:10197000B2EB134F06D10020E36801A9984710F09D
:10198000FF05E3D02046DDF71BFC0446DDE74FF6FC
:10199000FF72EAE738B50446436808460D469847A3
:1019A000B4F90830002B02DB2B78042B06D100237E
:1019B00020466360BDE83840DFF792BA38BDF0B525
:1019C000044685B00D462020002117461E46EBF741
:1019D000A9FCADF80E00D0B102210DF10E0002F00D
:1019E00002FF3A460021BDF80E0002F072FF4FF4EC
:1019F0008A53BDF80E20002E009329460ABF1346D5
:101A000000230022204600F0C4F905B0F0BD1820E4
:101A1000FBE7FFF722BFFFF7F1BE08B5EDF7CAFD00
:101A200020B9EBF7F3FF08B9FFF7D1FEFFF709FF85
:101A3000BDE80840FFF715BF0020DFF78FBE00228A
:101A4000DFF7E6BED28810B512F0200F0CBF52248B
:101A5000492403460846510544BF083CE4B2110539
:101A600044BF083CE4B2120444BF023CE4B2032B7E
:101A700011D8DFE803F005020A0EC0B2F6F7DCFB6E
:101A8000FFF7C5FE201AC0B210BDC0B2F6F7ECF9E0
:101A9000F6E7013CE4B24FF6FD70F1E7F8B5064613
:101AA00017460D4681B10C78FF2C0BD00846FFF786
:101AB00001FFB84228BF3846C4B22246691C701CD8
:101AC00005F022F93470F8BD0C46FBE770B504460A
:101AD00015460E4611B94170017070BD0B78FF2B91
:101AE00005D14B78FF2B02D103704370F5E73046E8
:101AF000FFF7E5FEA84228BF284685B22A46B11C5A
:101B0000A01C05F001F925702D0A6570E5E7F0B518
:101B100023B9013A531C2FD1002020E0042AFBD81E
:101B200000231C46551E6E1C1AD1042A10D0012118
:101B3000D200501E01FA00F020421EBF91404942DF
:101B40000C4318421EBF4FF0FF3101FA02F213435B
:101B50009C4216DCB4BF4FF0FF30002040B2F0BD15
:101B600040B1465DEF00BE4034434E5D013DBE4096
:101B70003343D8E70646F5E78C5C20B1835CA3428B
:101B800002D90120EBE70346A34202F1FF32C1D2A2
:101B90004FF0FF30E3E7283807288CBF00200120F2
:101BA00070471D2813D004D860B11C2805D08A20A6
:101BB00070471E38C0B20128F9D81B2934BF002055
:101BC0008A2070470B390F2988BF8A20704709295E
:101BD000F4E738B5C36814461944836853F82150B4
:101BE0001AB1284605F0DDF82070284638BD2DE9E9
:101BF000F3411C4616460DF107029DF82050FFF7F1
:101C0000E8FF9DF807308046A34288BF8DF8074063
:101C10009DF807700DB1E41BE5B22A46002130465D
:101C200005F08CF83A464146701905F06DF83846D3
:101C300002B0BDE8F0812DE9F3411D46164601AA28
:101C40009DF82040FDF713FE019B80469D4238BF62
:101C50000195019F04B1EC1B22460021304605F09E
:101C60006DF83A464146301905F04EF8F8B202B028
:101C7000BDE8F08173B50024154601AA1E46019403
:101C8000FDF7F5FD019B072B0AD92146CCB216B111
:101C9000C4F10704E4B2425C013108292A55F5D1A8
:101CA000D8B202B070BD1FB5030A8DF80E30032301
:101CB000009303AB8DF80D0000F00AF905B05DF854
:101CC00004FB1FB58DF80F100421030A8DF80E30A8
:101CD000009103AB8DF80D0000F0FAF805B05DF847
:101CE00004FBF0B589B016689DF83C50CDF809604A
:101CF0008DF811305668BDF83830012D109FBDF8B1
:101D00004440CDF80D60ADF812308DF8145014D069
:101D1000032D19D13B68CDF815307B68CDF819300B
:101D20009DF848308DF81D3016230093BDF84C20E7
:101D300002AB00F0CDF809B0F0BD8DF81540240AD3
:101D40000F238DF81640F0E70120F4E71FB5044695
:101D5000084611461A4602238DF80D1000932146BD
:101D600003AB00F0B5F804B010BD10B514461A4628
:101D70000B6886B0CDF80D304B683421CDF81130AA
:101D80000A23009303AB8DF8154000F0A1F806B0CC
:101D900010BD2DE9F04F89B00D461C461646019046
:101DA0003AB31046EBF714FAC0F347091CB32046C8
:101DB000EBF70EFAC0F34707DFF7A8FF019B8DF89A
:101DC00018008DF819308DF81B501B0A00220621CF
:101DD0002D0A06A88DF81A308DF81C508DF81D902C
:101DE00002F0CDFBADF8160038B9182009B0BDE8F7
:101DF000F08F9146DAE72746DEE74FEA4901C9B29C
:101E00008B1D07315FFA81F801EB4701DBB2C9B2E4
:101E10000DF11600029302F0E6FC82460028E4D1A0
:101E200003460625D9B28945BDF816B012D83A4600
:101E300058460299EBF7B4FB5FFA8AF5AF42BDF85A
:101E4000166025D833460621BDF848200198DFF7F3
:101E500067FFCBE7490001F0FE0130460393EBF743
:101E60008BFB294602465846EBF79AFB691FC9B21D
:101E70003046BDF816B0EBF77FFB691C0246C9B2CD
:101E80005846EBF78DFB039B02350133EDB2C9E7F2
:101E90006D00EDB229462046EBF76EFB4146024647
:101EA0003046EBF77DFB691CC9B22046BDF81660D1
:101EB000EBF762FB08F101010246C9B2304608F1B6
:101EC0000208EBF76DFB0AF1010A5FFA88F8B3E745
:101ED0002DE9F0411C460E4617469DF81880054630
:101EE000DFF714FF002220704146204602F047FB36
:101EF000034630B13A4631462846BDE8F041DFF7A7
:101F00000FBF1820BDE8F08130B589B00446ADF8A8
:101F100006108DF81020EBF7F3FC05462046EBF792
:101F2000FFFC03469DB1BDF80600ABB902F0C3FD4E
:101F3000FF2808BF00200DF10F038DF80F00059357
:101F40002046DDE90412FEF7C2FE09B030BD0028CC
:101F5000F6D00DF10603F2E702F0ADFDFF2808BF51
:101F60000020BDF806308DF80F00ADF81A308DF85E
:101F7000180006ABE3E7704708B5E9F72FFD002826
:101F80000CBFA520002008BD704770477047704700
:101F900070477047704700207047704770470020B7
:101FA00070477047704710B51C4602F0B0FA02F057
:101FB00065F90023C0F340202370400010BD0022CB
:101FC00008B50B461146FFF7EEFF023818BF012097
:101FD00008BD7047B1FA81F0400970470120704791
:101FE0007047704700207047704700207047704767
:101FF000B5207047012070477047012070470120CD
:1020000070471422002104F099BE704730B5407823
:102010000C4601284FF0110387B001F1100516D1CD
:10202000022201A9EBF700FC234601AC2246186806
:102030005968083303C2AB421446F7D11123022278
:10204000002001A9EBF7F0FB002007B030BD06220D
:10205000012001A9EBF7E8FB234601AC22461868F2
:102060005968083303C2AB421446F7D11123062244
:10207000E6E730B50C46407887B001284FF01103F1
:102080000DBF02220622012001A918BF01A9EBF70A
:10209000CBFB234601AA05AD144603CCAC42186025
:1020A0005960224603F10803F6D1002007B030BD85
:1020B00010B50C4688B01A23082201A90120EBF7BD
:1020C000B3FB21460DF10E0304F1100251F8040B8D
:1020D000914243F8040BF9D11A230822002001A9E8
:1020E000EBF7A2FB002008B010BDF0B58BB00446A2
:1020F0000D4602F0EAFCA8B101A8F3F78FFE88B103
:10210000667B271D16F0020F05D00822384601A96C
:1021100004F0EAFDD0B901AB46F0020603CB6060E3
:10212000796066731A23082203A90120EBF77CFB70
:1021300029460DF116030DF1260253F8040B9342C4
:1021400041F8040BF9D100200BB0F0BD2D20FBE7C6
:1021500070B505460C468AB0252200210DF103001A
:1021600004F0ECFD6B68CDF81D30AB68CDF8213084
:10217000234601AC03F1100622461868596808335B
:1021800003C2B3421446F7D101236A7B8DF80230B3
:1021900012F0040F0CBF4FF480734FF4A0731107BB
:1021A00048BF43F48063ADF80030930748BFBDF8E3
:1021B0000030684644BF43F00803ADF80030F2F742
:1021C00067F9003818BF01200AB070BD30B5427BF6
:1021D0000D46D10704468BB007D5407801A9F2F728
:1021E000BFF9D8B12D200BB030BD9307FAD5C2F39B
:1021F000800310074FEA8313ADF8023044BF43F465
:102200008063ADF80230BDF80220201D0AB10DF147
:10221000020201A903F022FB0028E3D001AB03CBAB
:102220009DF81430A1602373BDF81030606059062A
:1022300042BF627B42F0040262735A0542BF627B76
:1022400042F0080262731B0742BF637B43F0020344
:1022500063732B4606AC0AAD224603CAAA42186035
:102260005960144603F10803F6D10020BBE7F0B52E
:1022700004460D4693B0252200210DF1230004F001
:102280005DFD636804F1040CCDF83D30A36809AE30
:10229000CDF841302B4605F11007324618685968D1
:1022A000083303C2BB421646F7D105238DF822300E
:1022B000637B5B0103F40073ADF820306378FF2B80
:1022C00019D1002360461A4601A900F02DFA9DF8A5
:1022D0000530FF2B0CD1002301A91A46184600F047
:1022E00023FA9DF80530FF2B02D11C2013B0F0BD5E
:1022F0009DF8053063700020617808AA00F0EBFAC1
:102300000646F8B919236278194601A8FEF74FF876
:102310002B4603AD2A4618685968083303C2BB42EE
:102320001546F7D1637B6178DB0648BF9DF81C300A
:1023300001AA44BF63F07F038DF81C3019231846AF
:10234000FEF73EF8301E18BF0120CFE710B5044657
:102350008AB02422002101A804F0F0FC637B590715
:1023600044BF4022ADF810201A0742BFBDF810202C
:1023700042F48062ADF81020DB070FD5607801A928
:10238000F2F7EEF810B12D200AB010BD01AB03CB6F
:10239000637B606043F00203A160637304A9201DA6
:1023A00003F05EFA0028EED00020EDE71FB5694685
:1023B00000F08DF8002818BF2D2005B05DF804FB53
:1023C00073B50D4614460646DFF71CFE6B881A07E8
:1023D0001AD522463146102003F023FA2046DFF7B3
:1023E00011FE6B88D90717D50023224601210DF174
:1023F00007008DF80730DFF771FE6B88002B0CBFEC
:102400002120002002B070BDDE06EAD52246082158
:10241000281DDFF763FEE1E79A0701D50223E4E711
:102420005B07EAD50323E0E70F20704710B50446A9
:1024300086B001A9022211230120EBF7F5F99DF8DE
:10244000143001A8E37003F02FFD80F00100062294
:1024500001A9607011230120EBF7E6F99DF8143013
:1024600001A8A37003F020FD80F001002070F2F7B6
:1024700021F96060002006B010BD1FB50C4669460A
:1024800000F025F810222146684604F02DFCB0FA31
:1024900080F0400904B010BDB8B1B1B14388A3B910
:1024A0000378013B082B10D8DFE803F00507090B80
:1024B0000F0F0F0F0D00FFF7A9BDFFF7F9BDFFF7D5
:1024C00047BEFFF7D4BEDFF74FBF2120704738B5B6
:1024D0000D4609B300B30378013B082B1AD8DFE897
:1024E00003F0050D1013191919191600FFF7C1FD96
:1024F0000446284603F0B0FB204638BDFFF7F5FD43
:10250000F6E7FFF763FEF3E7DFF79AFDF0E7DFF7A3
:1025100035FFEDE72124ECE72124EDE770B586B027
:10252000064601A80C461546FFF76BFD04238DF8FF
:1025300004301CB12068616802AB03C3294601A8BE
:102540008DF80560FFF7A8FF06B070BD70B586B0C6
:10255000044601A80D461646FFF753FD03232068E5
:1025600061688DF8043002AB8DF8116003C3294611
:1025700001A8FFF791FF06B070BD30B585B00D46DC
:1025800069460446FFF7A3FF20B92A46214668465C
:10259000FFF716FF05B030BD10B5044686B0112315
:1025A0000622012001A9EBF73FF9A3789DF814203A
:1025B0009A4207D08DF8143006221123002001A979
:1025C000EBF732F911230222012001A9EBF72CF9D4
:1025D000E3789DF814209A4207D08DF81430022237
:1025E0001123002001A9EBF71FF906B010BD30B58B
:1025F000437B044613F001020D468BB007D04078B0
:1026000001A9F1F7ADFF70B12D200BB030BD9B07D4
:10261000FAD5ADF8022001A90DF10202043003F051
:102620001DF90028F0D000210E22A81C04F086FB22
:10263000BDF810302B80039BAB60BDF81230AB812E
:102640009DF81430237301AB03CB6060A1600020C0
:10265000DBE770B5437B0546DB070E468AB002D444
:102660002D200AB070BD6946407800F030F904466C
:102670000028F5D1DDF81D300E226B60DDF8213029
:102680000146AB606B7BB01C43F002036B7304F03C
:1026900055FBBDF80030069A43F004033380059BD8
:1026A0002046B2607360DCE70B4610B5044610228A
:1026B0000021184604F042FB2278032A09D0042A9C
:1026C0000DD0022A11D101462046BDE81040DFF7A7
:1026D0005FBE01462046BDE81040FFF788BF0146B7
:1026E0002046BDE81040FFF7B4BF262010BDF8B566
:1026F000074608460C4616461D46FFF782FC042393
:102700002370637B314643F0010320466770637397
:10271000FFF7DDFE08B12D20F8BD29462046FFF762
:10272000C3FF0028F8D0F6E7F8B5054608460C4682
:102730001F461646FFF765FC0423237025B10822C7
:102740002946E01804F0E0FA637B43F00203637368
:102750004EB932460121284600F0C4F8FF286070C7
:1027600007D12D20F8BD31462046FFF7B0FE0028E6
:10277000F7D1637B43F0010363730DB90020F1E7E8
:10278000002FFBD039462046FFF78EFFF6E7F8B55D
:102790000C460746084616461D46FFF732FC032343
:1027A0002046394600F8043B082204F0ADFA637B6A
:1027B000314643F0020320466373FFF788FE08B1F9
:1027C0002D20F8BD29462046FFF76EFF0028F8D0DF
:1027D000F6E7F8B5074608460C4616461D46FFF7CD
:1027E00010FC03232370637B314643F00103204632
:1027F00067706373FFF76BFE08B12D20F8BD2946A3
:102800002046FFF751FF0028F8D0F6E718B18022E4
:10281000012100F067B8FF20704730B589B00D4640
:10282000FFF7F4FFFF28044612D019230246194689
:1028300001A8FDF7BCFD2868696801AB03C3192333
:102840002146184601AAFDF7BBFD002009B030BDA6
:102850002D20FBE7002307B51A4619460093F3F72E
:102860000BFBB0FA80F0400903B05DF804FB704741
:1028700070470020704770470F20704770479DF8E1
:10288000000070470F2070470F20704700207047EE
:102890000F207047002070470020704784B08DE8FB
:1028A0000F00002004B07047002070477047704749
:1028B0000020704770470020704770470020704725
:1028C0000120704770470020704701207047B520F5
:1028D0007047FF207047B5207047B5207047002033
:1028E00070477047FF20704770477047002070475F
:1028F000704770477047002070477047002070474E
:1029000000207047002070477047704700207047D4
:1029100070470020704700207047704700207047C4
:1029200038B50446FCF7EAFC05462046FBF774FE82
:1029300004462846FCF7E6FC204638BD38B5054677
:10294000FCF7DCFC04462846FBF76EFE2046BDE89B
:102950003840FCF7D7BC10B50446C069FFF7EEFF5E
:102960002046BDE810402422002104F0E7B970475A
:102970002DE9F84F9846DDE90B490D9B15469A075E
:1029800006460F4623D02A460A9B03EB040A14444A
:10299000A24220D10D9B9B0705D5A2EB050AD1458C
:1029A00005EB0A0420D82046BDE8F88F4346394697
:1029B0002020B0470AF1010ACA450AEB0B02F5D301
:1029C000A9EB04024C4588BF00222A44DCE7A2465A
:1029D000A5EB040BF0E702F1010B434639461AF868
:1029E000010DB0475A46D3E74346224639462020D8
:1029F000B0470AF1010AD2E72DE9F0479E46DDE92A
:102A00000D3CDDE90874DDE90B651CF0020F9DF853
:102A100028801FD10CF001094BB1B9F1000F06D08D
:102A2000B8F1000F02D11CF00C0F00D0013B4FF0A9
:102A3000300A02E007F804A00134A54201D9202C95
:102A4000F8D1B9F1000F05D04FF03009A34201D9F8
:102A5000202C1BD11CF0100F15D01CF4806F32D12C
:102A6000C4B1AC4201D09C422DD1651E12D0102EB3
:102A70003FD11CF0200FA4F1020456D178263E5518
:102A800030266C1C7E55202C29D00DE007F80490D0
:102A90000134DBE7102E10D11CF0200F2FD1782449
:102AA0003C7030247C700224B8F1000F31D02D2509
:102AB0003D55013414E06224F2E7022EFBD03024AD
:102AC0003C700124F0E7102E1BD11CF0200F2AD1FE
:102AD000202C04D07826651C3E55202DD0D12024F2
:102AE000CDE90A3CCDE908747346BDE8F047FFF72D
:102AF0003FBF022EC4D162247C550135EDE7582436
:102B0000CEE7022E03D1202CE9D02546F3E7254657
:102B1000E3E71CF0040F01D02B25C9E71CF0080FD8
:102B2000DED02025C4E7202CD9D05826651CD3E759
:102B30002DE9F04391B0189D1A9F1D9E2DB926F0E6
:102B4000100416F4806F264622D116F0200F14BF11
:102B50004FF0410E4FF0610EAC4600250DF12008FC
:102B6000AEF10A0EBCFBF7F907FB19C95FFA89F44D
:102B7000B9F1090F94BF30347444E4B2BC4508F88D
:102B8000014B05F10105BCFBF7F401D3202D10D159
:102B90001C9C069605941B9CCDE903749DF864402B
:102BA000CDE9015408AC0094FFF726FF11B0BDE851
:102BB000F083A446D6E72DE9F04F95B0CDE90A237E
:102BC000DDE91E76DDE9229B57EA0603CDE908011F
:102BD000269C05D124F0100314F4806F1C4637D1D5
:102BE00014F0200F14BF4123612300250DF1300A9A
:102BF000A3F10A0831464A465B463846FBF76AFBB2
:102C0000D2B2092A94BF303242444F45D2B276EB59
:102C10000B0605F101050AF8012B01D3202D14D173
:102C2000259B06940593249BDDE90801CDE90393D8
:102C30009DF88030CDE901530CAB0093DDE90A2308
:102C4000FFF7DAFE15B0BDE8F08F07460E46D1E774
:102C50000025E5E708B100F014B8704710B1D1E9DC
:102C600000311847704738B5441E14F8015F25B984
:102C70000A2000F006F8284638BD284600F001F882
:102C8000F3E701460020FDF7BEB94369406CDA1C4A
:102C90001438B2FBF0F203EBC203CA1D0333B2FBDC
:102CA000F0F2B3FBF0F30132023301EBC20100FB9F
:102CB0000310704738B5446905462146FFF7E5FF24
:102CC0006A6CE31D143AB3FBF2F3013304EBC30463
:102CD000204438BD73B506460D460024F36B01222F
:102CE00001A928195B699847019B013309D1043474
:102CF000736C62195B426A401A42EFD0204602B000
:102D000070BD0024FAE770B505460C46D3F718FDF0
:102D1000EB6B2046DB68BDE87040184770B50025B6
:102D200086B004460562E369AB4202D8206A06B069
:102D300070BD666C0522206801A9E36B06FB0500E7
:102D40005B69984701A800F007FC00F02AFC10B16D
:102D5000236A013323620135E5E738B50446456C43
:102D6000006804F1400305FB0101E06B00F026FC64
:102D700005462046FFF7D2FF284638BDF0B5054688
:102D800087B00026EC69013CB44203D80C462046CB
:102D900007B0F0BD01B14C1E6F6C0522286801A977
:102DA000EB6B07FB04005B69984701A800F0D4FBBC
:102DB00000F0F7FB0028EAD101362146E2E7F0B542
:102DC000044687B0466C0D4600680522E36B01A9F6
:102DD00006FB05005B69984701A800F0BDFB00F009
:102DE000E0FB20B101A800F08EFB07B0F0BD294642
:102DF0002046FFF7C3FF676C0646E36B2068052299
:102E00005B6901A907FB0600984701A800F07BFB5E
:102E1000431CEAD0B54238BF0130E6E72DE9F04364
:102E2000D0F824804FF6FF7987B004460E46C84597
:102E300014BF454600250027E369BB4202D807B00E
:102E4000BDE8F083E26B01A92368606CD2F814C07E
:102E5000052200FB0530E04701A800F07DFB0228B9
:102E600006D0C8450CD1721C29462046FFF775FFD5
:102E70000135E3690137B5FBF3F203FB1255DBE7DC
:102E800029462046FFF79BFFB0F1FF3F14BF0246E3
:102E900032460132E8E70368F0B5CC1A436C87B0DC
:102EA00006460025B4FBF3F4F36937685A1E706CCC
:102EB000954208D3706C336800FB043007B0BDE85E
:102EC000F04000F079BB013401A9B4FBF3F203FB3D
:102ED0001244F36B05225B6900FB0470984701A85C
:102EE00000F03AFB00F05DFB0028E3D10135DBE7A1
:102EF00010B423F003049B07436C2244C3F1000386
:102F00000A4418BF043282EA0104234203D05DF868
:102F1000044BFFF7C0BF10465DF8044B70472DE926
:102F2000F041D0E90A3686B004469E4228D1C369F2
:102F30001422456802FB1355284606B0BDE8F0810F
:102F4000206801A9676C331AE26BB3FBF7F3D2F880
:102F5000148007FB03000522C04701A800F0FCFA1B
:102F6000012804D0636C1D44013B3340ED1A314607
:102F70002046FFF790FF0646A36AB342E0D1DBE7A5
:102F80000025F9E7F0B5002587B004462E46E36931
:102F9000B34202D8284607B0F0BD636C052227680B
:102FA00001A903FB0677E36B38465B69984701A8E4
:102FB00000F0D2FA00F0F5FA58B1384600F0FCFA09
:102FC00001462046FFF786FE636C143B834208BF30
:102FD00001350136DBE708B508301346D1E90012A8
:102FE000E1F7CCF8012008BD13B50C46002121768D
:102FF0000093134661682246DFF7E8FC18B1E37DD1
:1030000003B1A07EA075A07D02B010BD73B500F124
:10301000080516460C460DF107020968284600F01F
:1030200098F9032E06D16368834203D121682846AC
:1030300000F076F9012002B070BDD01E009B424224
:103040004241187E824211D11A688A420ED85A68CB
:103050008A420BD35A6901325A61D3E90302824290
:103060003FBF986840F8221001321A610120704772
:10307000032A10B5029C07D1A26A5340626C5242E7
:10308000134201D100F04CF9012010BD08B5C3680E
:1030900000209847BDE80840D3F75ABB012870B517
:1030A00014BF04200220002442431C70CC7D101D5C
:1030B00002F002024CB91AB1012220F003001A708A
:1030C00000F108034868184470BD1AB1012220F0CD
:1030D00003001A700C7E002301F12005DAB294423D
:1030E00001D80020F0E735F833205E1C824206D973
:1030F00001EBC30300F10802D8691044E4E7801A29
:103100003346EBE773B590F8426005461C460DF177
:1031100003033046FFF7C2FFEB6B012E5B690DD155
:10312000324601A998479DF8033013B1BDF8063027
:103130000193BDF80430236002B070BD0122214626
:1031400002B0BDE870401847F0B50546002487B0CE
:103150004868EB6B27460E4601225B6902A90830DE
:103160000294984795F84230012B40F08480632CFC
:1031700002D9029807B0F0BD612C08D805AB2246F1
:1031800031462846FFF7BEFF9DF814301BB305AB50
:103190002246314628468DF81070FFF7B3FF95F8A8
:1031A0004230012B059B55D14FF6FF72934200F040
:1031B0009680082205A904A800F055F9059B9DF802
:1031C0001010C3F30722914240F08980DBB2029ACB
:1031D0001A44029283E095F84230012B30D103ABC0
:1031E000224631462846FFF78DFF04AB621C31466C
:1031F0002846FFF787FF05ABA21C31462846FFF79C
:1032000081FF102208230DF107000DEB02018DF85C
:10321000073000F028F9102205A90DF1070000F091
:1032200022F9039BDAB2002A52D19DF80720B2EBB3
:10323000132F4DD1DDE9043203EB0243029347E043
:10324000302C2BD944E09DF80720B2EB134F3FD12F
:10325000049BF3E7013342D0102205A90DEB0200D5
:1032600000F001F9059B9DF81010C3F3074291424D
:1032700035D19BB2ABE7312C3FF67BAF87D005ABA6
:10328000224631462846FFF73DFFBDF81430002B9B
:103290007FF47DAF95F84230012BA0D003AB2246DE
:1032A00031462846FFF72EFF04AB621C3146284604
:1032B000FFF728FF102320220DF107000DEB03017B
:1032C0008DF8073000F0CFF8039B9AB2002ABAD0ED
:1032D00095F84230012B14BF012302231C44013412
:1032E00040E713B500240194049C0094DFF702FF2B
:1032F00002B010BD30B5002344684FF0FF329C424D
:1033000002D10023037230BD016801EBC30541F80F
:10331000332001336A60F2E7C0E90012FFF7EABF29
:10332000F0B5002345689D4210D00468DF0054F8D2
:10333000332004EBC306B2F1FF3F08D0C2F31302FF
:10334000914204D14FF0FF33E3517360F0BD01337C
:10335000E9E7F0B5002345689D4202D14FF0FF3008
:103360000EE00468DE0054F83340671C09D0C4F353
:103370001307B94205D1240D14700368334458680B
:10338000F0BD0133E8E713B50023044601461B22D4
:103390000DF107008DF8073000F065F822689DF800
:1033A0000730B3EBD26F0CBF0120002002B010BD7C
:1033B00013B500230446014620220DF107008DF8C5
:1033C000073000F050F80DF107001A22211D00F01F
:1033D0004AF862689DF80730B3EB926F0CBF01208A
:1033E000002002B010BD0068431C5842584170478D
:1033F000006810F07E0F0CBFC0F3C1600020704762
:103400000068C0F3D3107047006800F07F00012807
:103410008CBF002001207047036813F07E0F14BF9B
:10342000042008207047036813F07E0F03D1406822
:1034300020F07C40704713F078001CBF03F07F033E
:10344000D81F7047006800F07F007047032809D03C
:10345000022803D1C1F10201C8B2704700290CBF94
:103460000720002070471F2A0B689EBF4FF0FF31D6
:1034700091408B43590801F055315B1A03F0333109
:103480009B0803F033330B44017803EB13130A4416
:103490004FF0013103F00F334B43A2EB1362027084
:1034A000704737B501F10C040546436969460122AE
:1034B00020469847BDF80030012201A9019320461B
:1034C000AB69984703B030BD37B501F10C044369CF
:1034D00001226946054620469847009B4FF6FF7239
:1034E00099B291420DD11B0C012201A920461B0467
:1034F00043F4254343F0A5030193AB69984703B018
:1035000030BD0020FBE737B5044600251B22011D16
:103510000DF107008DF80750FFF7A5FF60689DF8D3
:103520000720B2EBD06F03D120F0784003B030BD5C
:103530000DF107001B2204F108018DF80750FFF779
:1035400092FFA0689DF80730B3EBD06F01D1C04364
:10355000EAE74FF0FF30E9E703684BF29A22B2EB5B
:10356000134F10B5044613D19BB2012B13D1FFF7B3
:10357000CAFF01300CD0E0684FF6FF72B2EB104F7B
:103580004FEA104309D180B2C01A18BF012010BD04
:103590002368013303D00420F9E70220F7E7032072
:1035A000F5E701288CBF002001207047033801286F
:1035B0008CBF002001207047143070472DE9F04186
:1035C00005469846036908460E461746984704463E
:1035D00038B943463A4631462846E0F7ABFE044642
:1035E00018B131462846FFF75CFF2046BDE8F08160
:1035F0007047431E012B03D9031F5842584170479F
:1036000001207047E3F71CBC4FF4C472002103F0A3
:1036100095BB10B50446002100F068F82046BDE8CF
:103620001040E2F70FBCE1F77FBDE1F7CFBF00F03C
:1036300065B9E1F7D1BF00F071B970B50023242559
:10364000D0F8C000C4689C4201D1012070BD8268DE
:1036500005FB0322D6898E4202D8128A8A4201D201
:103660000133F0E70020F1E7408B70470A7838B566
:1036700005461046FFF7BDFF60B14C782046FFF7C6
:10368000B8FF38B12243530704D42846BDE8384078
:10369000E1F7C2BF012038BD10B504460878FFF736
:1036A000A8FF58B14A781046FFF7A3FF30B1042AAB
:1036B00004D02046BDE81040E1F7E4BF012010BD72
:1036C000E1F7D8BCE2F724BB0846E3F777B8E1F7A7
:1036D00057BE38B504460D46E1F778F828B92946B3
:1036E0002046BDE83840E1F715BE38BDE2F790BE90
:1036F00070B516460C46FBF701FE314605462046DE
:10370000E5F702F804462846FBF7FCFD204670BDAD
:1037100000F0EEB838B5044648880D46E3F79AFB4A
:10372000D4F8D4302BB929462046BDE83840E1F71B
:10373000DFBF022038BDE3F79BBB00F006B973B5CD
:1037400004460D4600F0B2F9E3F784FBD4F8D460E8
:1037500069462046FFF7F1FF5EB99DF800102A4642
:103760002046D4F74BF901462046E2F75DF802B057
:1037700070BD002329461A462046B047F7E7E1F717
:103780006DBCE3F76FBF38B505460C46FBF7B6FDD9
:103790006B6B1C402B6B23432B63FBF7B3FD211E8C
:1037A00018BF01210020490238BD38B504460D4636
:1037B000FBF7A4FD636B1D40236B23EA050525631E
:1037C000FBF7A0FD284638BD006B704710B50446D6
:1037D0000121FFF7EAFF2046BDE81040E5F7B8BB3E
:1037E00038B504460D464FF48811FFF7DEFF294631
:1037F0002046BDE83840E2F79DBF0846E4F71EB812
:1038000000F076BAE4F714BB084708B5E1F7A6FC68
:1038100080B208BD022A01D800F06EB901207047BD
:10382000022A01D800F079B901207047022A01D894
:1038300000F085B901207047E2F7E6BE0846E2F7DE
:1038400003BF00F0B9B900207047002070477047EF
:10385000836B03F06003402B0DD0602B03D0203B23
:1038600058425841704749B10B68012B06D9486945
:1038700040F00100704740F201107047002070478F
:10388000F0B514461E460F4687B019B900242046ED
:1038900007B0F0BD002AF9D00028F7D001A9E3F75E
:1038A00003FA0028F2D0BDF80630A2199A42BDF8FA
:1038B0000850C4BF9B1B9CB2B54212D90399AD1BE3
:1038C000ADB23144A5420391ADF808500DD22A465D
:1038D000384603F059FA0499621B781903F054FA38
:1038E000D5E70499761B3144049122463846F5E722
:1038F0000846E4F7ABBE0220E4F7B6B9D0F8C8300A
:103900004BB11A68022A06D993F8250028B11B6A20
:10391000B3FBF0F07047FFF788BE7047D0F8C820BF
:103920007AB11368022B0CD9536A13F47F4FC3F397
:10393000072106D0126ADBB253438B42B3FBF1F28C
:1039400001D2FFF776BE104670470346D0F810014B
:103950000860B3F8143100208B80704790F8103164
:103960000E2B14BFC07DFF20704738B50C464FF4B6
:1039700000610546E6F7F6FD70B17CB195F8FE30C2
:1039800073B94FF480724FF480712846E6F7D6FD84
:10399000003818BF012038BD2202F4E72246F2E7C2
:1039A0000020F8E74FF48071E6F7DCBD4A024FF4DF
:1039B0000071E6F7C3BD8A024FF48061E6F7BEBD31
:1039C0004FF40071E6F7CEBD062300208B717047DF
:1039D0003F2B084610B5114619D9B3FA83F3C3F14A
:1039E0001902D2B2062A01D8192B0ED0062A28BFF6
:1039F00006220124931DDBB29C40A4B2A14228BF41
:103A00002146E2F747FF204610BD0022F1E70024DF
:103A1000F9E7138808463F2B10B516D9B3FA83F39C
:103A2000C3F11901C9B2062901D8192B0BD00629F7
:103A300028BF062101238C1DE4B2A3401380E2F7C6
:103A400049FF002010BD0021F4E70120FAE7E1F76B
:103A500059BA10B5144608460121E4F791FC2046F6
:103A6000BDE810400121E4F78BBCF8B504460E46D2
:103A70001746FBF743FC3A4605463146204600F020
:103A8000C7F904462846FBF73DFC2046F8BD022056
:103A9000704703207047E4F7DFB810B5E2F7FEFA8D
:103AA000044608B9E5F7E6FE204610BD40F6E440BE
:103AB0007047704770B505460E46144600F0E3F8AF
:103AC00031462846E0F7BCFE00F0DDF8230704D5B8
:103AD0000B2C9CBF24F00804A4B221462846E1F731
:103AE00043FB00224FF400312846E6F727FD002073
:103AF00070BD8021E6F736BD7FB5531C05AAADF831
:103B00001410029202210022DBB2CDE900211146FD
:103B1000E6F732FD07B05DF804FB7FB5531C05AA3C
:103B2000ADF81410029204210222DBB2CDE900218B
:103B300000220121E6F720FD07B05DF804FB1FB568
:103B4000531C029100220821CDE900210122DBB2A1
:103B50001146E6F711FD05B05DF804FB07B591F8D5
:103B60002830009391F82B3091F8292091F82A10F1
:103B7000E2F710FD03B05DF804FB38B50546E1F748
:103B8000EDFA04462846E1F7C7FA072811D1D5F81F
:103B9000C43024F47F41DB6921F0080103B15B7874
:103BA00041EA032141F020012846BDE83840E1F711
:103BB000DBBA24F02001F7E7081E18BF0120704788
:103BC00038B5054610460C46E2F76CFDD5B1D5F880
:103BD000C430BBB15B69ABB1421ED2B2FD2A13D96E
:103BE0000A68013204BF6FF001020A600A68FF2808
:103BF0001A6007D16268013202D16FF0010262607F
:103C000062685A60002038BD0128F2E72DE9F74FBD
:103C100001251C469DF8303006460193036817467F
:103C200003F0070306339D4005F1FF380B46A1B1B1
:103C3000416804EA080BA5EB0B0A41F00059524514
:103C400009EB0B0114D95246184603F09DF849467A
:103C50007A1B5A44504403F097F8019B2BB13C4423
:103C600048EA050804EA0804F46003B0BDE8F08FF0
:103C70001846F0E737B5002514460095FFF7C6FF54
:103C8000204603B030BD704730B549000446056892
:103C900012B102291FD90339C90395B9E1B1B1FAAB
:103CA00081F3C3F12003C3F10F00012838BF0120C5
:103CB00003F01F03D940A94201D901384908216006
:103CC00030BDB5FA85F339B1B1FA81F29B1A002BF8
:103CD000E9DC0F20EFE700210F20F0E7012805D9EC
:103CE000023818BF4FF0FF30C0B270470120704754
:103CF00008B5E3F7CFFFBDE80840E4F767B810B5B3
:103D00000446E3F7C7FF844288BF01F1FF31204634
:103D1000BDE8104001F00301E4F758B838B5044697
:103D2000FFF7E6FF0546FFF7E3FF431BA342FAD385
:103D300038BD0B0CB3F5384FF7B506460D468FB2BC
:103D400016D04BF60102934214D04BF60202934276
:103D500012D0B3F5304F14BF04240324D6F8C43076
:103D60000BB1196851B9D6F8C0309BB928680FE07B
:103D70000024F3E70124F1E70224EFE72346684635
:103D80003A46E4F74DF99DF804300098002BEAD14B
:103D900003B0F0BD19680029E8D0234668463A46CA
:103DA000E4F73EF99DF804300098002BDED1EFE7F0
:103DB000D1F7DABF00F03003202B10B513D110F487
:103DC000E02FC0F302440AD0C0F3C423B3FBF4F4E1
:103DD00010F4C01F18BF6400052C0ED86408E4F767
:103DE000A7FB604310BD6FF01204C0F382131C41A7
:103DF00004F00104C4F10204F1E70424EFE74FF0FA
:103E0000384359699A6903F500530A405A6170476B
:103E1000F7B505460F4668461146E4F701FD06462C
:103E200098B197B1DDE900311B0A43EA0163A5FBB4
:103E30000343090A05FB0135FFF7BAFF00230246D9
:103E400029462046FAF746FA3860304603B0F0BDFE
:103E500000EB8023C0EB831353FA81F303EB83223F
:103E6000C3EB8213C1F30722134403EB8322C3EB9A
:103E70008213C1F30742134403EB8322C3EB821383
:103E800003EB1160704738B50D46144604B938BDD0
:103E900055F8041BFFF7DCFF013CF7E72DE9F0477D
:103EA0000C4669B1CB1CB3F5801F09D24FF0000856
:103EB00041F6FC7654F828104FEA88094B1C01D1D2
:103EC000BDE8F087FFF7C4FFC1F30263032B84460C
:103ED00008F10107C1F3074514D18BB2F31AB5EB12
:103EE000930F4FEA930A0DD909F104015246214478
:103EF000FFF7C9FF844608F10208013D08EB0A07F5
:103F0000A5EB0A052A46604604EB8701FFF7BBFFD5
:103F100007EB0508CEE7F8B50446002850D000F1BD
:103F20001F03B3F5801F05464AD2E4F705FD217F44
:103F300000EB8023C0EB83130B44A28B03EB8321A4
:103F4000C3EB811303EB122304F11806184629680A
:103F5000FFF77EFF2A7803469AB9696861B1CA1CE7
:103F6000B2F5801F08D26A7852000132FFF78BFF4A
:103F700003460835B542E9D1A069C31A58425841F1
:103F8000F8BD012AF8D168680028F5D0421CB2F5C6
:103F9000801FF1D2E978AA78891A01310029E8D086
:103FA00030F8027B03EB8322C3EB821353FA87F3CF
:103FB00003EB8322C3EB821303EB17230139EDE7F5
:103FC0000020DDE70320704730B14FF47A73584387
:103FD000A0F6AC50E4F7E4BF4EF66020FAE7704775
:103FE000E5F736BEE5F734BEE5F732BEE5F730BE9D
:103FF000E5F72EBE00228A4202D14FF0FF30704713
:1040000050F8223093FAA3F30BB90132F3E7B3FA75
:1040100083F000EB42107047022070470020704789
:104020000120704700207047002070470120704732
:1040300000207047E2F710BA08461146E0F760BA70
:1040400070B505460C4611461A46E6F7D1FA0668E1
:104050002B462046B446BDE87040604710B5E6F7F1
:10406000C7FABDE8104083681847E4F789BA4942A7
:10407000FFF7FBBF70B504460D4616464FF4881196
:10408000FFF793FB324629462046BDE87040E2F731
:1040900029BB73B50D7806460C4635B304238DF85D
:1040A00004302379304601A98DF80530FFF7F4FA82
:1040B0000546B8B92278A37952BB8DF80430E3796C
:1040C000304601A98DF80530FFF7D0FA054648B90A
:1040D00023783BB161883046E1F7D2FC01213046BC
:1040E000FFF743FC284602B070BD2946FFF73DFCB0
:1040F00029463046FFF75AFC29463046FFF75BFC5D
:104100002378002BCAD123798DF804306379C9E76D
:1041100002228DF80420D3E7FFF748BCFFF750BC1C
:10412000FFF756BCFFF775BC08461146E2F7BCBD69
:10413000C0F8D01000207047E1F7DABC70B5144623
:1041400005460E4686B0122200210DF1060002F04F
:10415000F5FD2368694628460093ADF80460FFF733
:1041600033FC009B236006B070BD38B5044615468D
:1041700009B1FFF76CFC25B12046BDE83840E1F7F6
:10418000A7BD38BD084611461A46BDF80030FFF7F6
:1041900077BB0020704710B50446E6F733FB214695
:1041A0000020E8F7E7F9BDE81040002000F0C7B9AB
:1041B000704708B5E9F734F980F00100C0B208BDD6
:1041C000FFF71EBB70470020704770B5144681F0A2
:1041D000010519B90D2A07D1FF2018E00D2A03D1D6
:1041E00000780538C0B212E0084400F047F8C5F185
:1041F000040110F440660246C9B209D1042C0846F5
:1042000005D0052C16D112F0400F18BF084670BD1E
:10421000C5F10603042CD8B2F9D0B6F5006F03D16E
:10422000C5F10805E8B2ECE7B6F5406FE9D1C5F194
:104230000E05F7E712F4404107D1062CE7D0072C12
:10424000E5D0082C13D10130CCE755065CBF831CA8
:10425000D8B2062CDBD0B1F5004F02D1831CD8B206
:10426000EDE7B1F5404FEAD100F10803F7E7130796
:1042700044BF0530C0B20C2CC9D9ADE700887047E7
:104280000170090A4170704710B50024E3B210B9FB
:10429000C3F10303DBB20134042CCA544FEA1222E7
:1042A000F4D110BD10B50B784C788A78C97828B94C
:1042B00010462246044608461946034642EA0120B3
:1042C00043EA042343EA004010BD10B50C46E8F76A
:1042D00063FF048010BD38B50C461546E8F75CFF57
:1042E00003881DB11C43A1B2018038BD23EA04013B
:1042F00089B2F9E708B5E8F74FFF008808BD08B5AF
:10430000E8F74AFFC07808BD08B5E8F745FF008820
:1043100000F00C0008BD08B5E8F73EFF008800F08B
:104320000C00031F5842584108BD38B50546E8F750
:1043300033FF04462846FFF7EEFF30B904F11000C2
:10434000FFF79CFF00F4406038BD4FF40060FBE7CE
:1043500038B50546E8F720FF04462846FFF7DBFF9F
:10436000014648B9103420460422E7F7B3FB204445
:10437000BDE83840FFF782BFA08838BD10B50C46B5
:10438000E8F70AFF848010BD38B50546E8F704FF5A
:1043900004462846FFF7BFFF014608B1201D38BD7F
:1043A000103404222046E7F795FB2044F7E738B5A0
:1043B0000546E8F7F1FE04462846FFF7ACFF30B9A2
:1043C00004F11000FFF75AFF00F4404038BD4FF4ED
:1043D0000060FBE738B50546E8F7DEFE04462846F0
:1043E000FFF799FF014648B9103420460622E7F747
:1043F00071FB2044BDE83840FFF740BFA08838BDBE
:1044000038B50546E8F7C8FE04462846FFF783FF9F
:10441000014608B1201D38BD103406222046E7F7BA
:1044200059FB2044F7E708B5E8F7B6FE007A08BD67
:1044300008B5E8F7B1FE90F9090008BD08B5E8F73E
:10444000ABFE807A08BD08B5E8F7A6FEC06808BDD7
:1044500010B50C46E8F7A0FE047210BD10B50C466E
:10446000E8F79AFE447210BD10B50C46E8F794FECA
:10447000C46010BD2DE9F8430F468046002107F1C6
:10448000100016469946E8F74DFF0446D0B1E8F70C
:1044900083FE05462046E8F79BFE0021024628469B
:1044A00002F04CFC00232046AB7049F00401FFF7FA
:1044B0000CFFA5F804802EB13A46314605F11000F4
:1044C00002F062FC2046BDE8F883F8B505460F46C9
:1044D00010200021E8F726FF0446B0B1E8F75CFEA3
:1044E00006462046E8F774FE00210246304602F0F8
:1044F00025FC002339462046B370FFF7E6FE25B1C0
:104500002A4601212046E8F7E5FE2046F8BD08B519
:10451000E8F742FE103008BD08B5E8F759FE10383C
:10452000C0B208BD10B50C46098821B90846F8F795
:104530002FF9208008B1012010BD0220FCE70020E7
:10454000E7F744BF08B5E8F7C9F9002008BD40887F
:10455000C0F30C000330800840000430704708B5F9
:1045600020B1E8F72DFC00F0010008BD0120FAE7BA
:1045700008B5E8F75FFBBDE80840FFF7F0BF70B58E
:104580000E46054611463046E8F7CCFE044635B1E6
:1045900028B1E8F701FE3246294602F0B5FB204675
:1045A00070BD0088B0FA80F040097047008810B1F3
:1045B000C9B2E8F77BBE70472DE9F041B0F8008042
:1045C00006460C46D5B2B8F1000F11D02946404638
:1045D000E8F76CFE2246074629464046E8F77AFE91
:1045E0003A4629462046E8F775FE3480BDE8F0815A
:1045F0000F46F5E738B5058800220446FFF7DCFFD3
:1046000005B1258038BDF8B507460D460088002164
:104610001646E8F74BFEB042044605D12946384617
:10462000BDE8F840FFF7E6BF00212046E8F73EFE70
:10463000B04205D020460021E8F738FE0446F3E7F3
:104640002A4620460021E8F745FE32462846BDE8C6
:10465000F8400021E8F73EBE03461B8808468B421F
:1046600002D00021E8F722BE0020704738B504468A
:1046700038B10021FFF79AFF002301465D1C09B9FC
:1046800098B238BD2046FFF7E7FF2B460146F5E715
:10469000F8B5058807467DB1CCB221462846E8F733
:1046A00005FE8542064609D100233B8000222146B3
:1046B0003046E8F70FFE35462846F8BD2146E8F7B4
:1046C000F5FD214602462846E8F704FEEEE72DE90F
:1046D000F04707888246884614465FB33846E8F7B5
:1046E00077FD3D460646E4B221462846E8F7DEFD62
:1046F0004045814616D12146E8F7D8FD21460246BD
:104700002846E8F7E7FD474504D1454508BF0025A1
:10471000AAF80050002221464046E8F7DBFD30466B
:10472000BDE8F0878742FAD0E8F752FD30444D46A5
:1047300086B2D9E73E46F2E72DE9F04780460F46BC
:104740000646002402F1FF39BC4202D219F8015F8B
:1047500025B9A6EB0800C0B2BDE8F0879A46A5F1DE
:104760003102012A5AF8041B10D83246322D02F8C1
:10477000011B06D10134E4B2A74232D30912B21CA4
:104780007170013453461646E4B2DDE7342D0CD186
:104790000334BC42DDDA0B0A317073700B0C090E66
:1047A000B370321DF170E4B2EBE7A5F13302062AD3
:1047B0000DD8303DEDB22B19BB42CADA2A4630463D
:1047C000013C02F0A1FA55FA84F47219EBE7A5F165
:1047D0004102062A01D8373DECE71D7903F1080AAA
:1047E000E9E71646B5E770B5054600880C46E8F7D8
:1047F000EFFC844228880AD9E8F7EAFC0023221A51
:1048000019462846BDE87040D2B2E8F711BE2146ED
:10481000E8F7FAFC002070BD2DE9F843074608468A
:10482000164688461C469DF82090E8F7B5FC851989
:10483000CCB1C5B14046E8F7CBFC2644864214DC37
:104840002246B9F1000F06D12946384602F05CFA3B
:104850000020BDE8F883B9F1010F39462846F5D0AC
:1048600002F092FAF4E72120F3E71D20F1E738B5D2
:104870000546E8F791FC04462846E8F7A9FC002223
:1048800001462046BDE83840FFF779BEF8B5164628
:104890000C461D46BDF81870E8F77EFC044430460F
:1048A000E8F77AFC3A4641192046BDE8F84002F0A4
:1048B0002BBA70B50C460131C9B20646E8F75CFE6A
:1048C000214605463046E8F757FE00EB052080B24A
:1048D00070BD1FB50123ADF80C2000930A460223DA
:1048E000014603A8FFF798FF05B05DF804FB73B518
:1048F00004460D46402000211646E8F713FDADF8AA
:104900000600E8F749FCBDF8063013B9002002B0F4
:1049100070BD402133462A462044FFF70DFF211881
:10492000C9B20DF10600FFF75EFF0028EED1BDF819
:104930000600ECE70EB403B503AA52F8041B01927B
:10494000FFF7D5FF02B05DF804EB03B0704700221B
:104950000123C0E900237047F8B50446012700266B
:10496000FAF7D7FC23683BB9FAF7D9FC0022636851
:10497000012B0ED16360F8BD1D691F612660FAF737
:10498000CEFC012DF2D02B462D691E61012DFAD1EE
:10499000E6E719691A610B46EAE70069003818BFB3
:1049A00001207047036823B94068012803D0E8F765
:1049B00011BE002070474FF0FF307047F8B5054634
:1049C000FBF7C6FC012306460027A8602B73FAF705
:1049D000A0FC2B6802467BB11C692169A1420CBF77
:1049E0002F60196127611046FAF799FC012C08D055
:1049F000204663689847EAE76C68012C04D1FAF70F
:104A00008EFC00232B73F8BD6169711AB1F1004F60
:104A1000F5D8216969602361E5E77020704770204F
:104A20007047002070470144884201D1012070473F
:104A300010F8013B9342F7D0002070470821FDF7A2
:104A40009BBA30B50146054693B00020E6F7CAFC94
:104A500010F0FF040BD16A4621462046E7F7ACFC74
:104A60006A46214620468DF80250E7F785FF20462A
:104A700013B030BD002100B593B06A460846E7F791
:104A80009BFC9DF9020013B05DF804FB002100B50A
:104A900093B06A460846E7F78FFC9DF8000013B014
:104AA0005DF804FB08B5E6F7F1FF003818BF0120F8
:104AB00008BD01207047002070477047704770475D
:104AC00070477047704770477047002100B593B03A
:104AD0006A460846E7F770FCBDF8060013B05DF8BB
:104AE00004FB002110B592B004466A460846E7F779
:104AF00063FC00216A460846ADF80640E7F73CFF34
:104B000012B010BD002100B593B06A460846E7F721
:104B100053FCBDF8040013B05DF804FB002110B590
:104B200092B004466A460846E7F746FC00216A460A
:104B30000846ADF80440E7F71FFF12B010BD7047FC
:104B40002DE9F04F85B00C4691468046FFF7DCFB1F
:104B50000546671C3846FFF791FB042D40F08A801C
:104B60004046FFF7D4FC0378092203F00303012B2E
:104B70004FF00101204614BF4FF0020B4FF0030B22
:104B8000E6F7A8FF0922002105462046E6F7A2FF26
:104B900021788DF80F0001390022204689B2FFF7F5
:104BA000EEFC04EB090A0646D0B12A4601460DF197
:104BB0000F035846FBF76BFE0228054626D1304608
:104BC000E8F706FB0023C0B22070013800930122F1
:104BD000C3B231463846FFF71FFE237801332370F6
:104BE0004046FFF787FB020424D49AF8013021786D
:104BF0009B071FD50139A1EB090142465046C9B2B6
:104C0000EDF7F8FD23781844207013E020B92070E8
:104C1000284605B0BDE8F08F032809D15046FFF7BC
:104C20002DFB20F4007189B25046FFF729FBD7E72E
:104C30000428D5D10125002220462178FFF79FFCCA
:104C400006460028E4D00023014601221846FBF75F
:104C50001EFE022819D13046E8F7BAFA0023C0B286
:104C60002070013800930122C3B231463846FFF765
:104C7000D3FDCDE780F0800520F0800081B238467A
:104C8000C5F3C015FFF7FCFAD5E70028C0D12070A6
:104C9000BEE708B50020FFF78CFA80F00100C0B233
:104CA00008BD0A4608B501460020E9F7DDF8B0FA6C
:104CB00080F0400908BD0020E7F790BF00210846BA
:104CC000E7F708BC0020E6F76BBB08B5E9F734F955
:104CD000003818BF012008BD01207047E9F750BA1D
:104CE00010B50C46098821B90846F7F735FD208034
:104CF00008B1012010BD0220FCE710B50446FDF705
:104D000008FE08B9FDF707FE03050FD40C231B2B83
:104D100001D1002009E020FA03F1C90703F10102E3
:104D200006D5DBB2E31A5842584110BD0B23F9E710
:104D30001346ECE710B50C46098819B90846F7F791
:104D400027FD2080012010BD4029104608B504D061
:104D500009D811B13F290CD0C9B200F025FBBDE83C
:104D60000840FBF7E1BF412905D04C29F4D18D2142
:104D7000F3E73121F1E74221EFE770B504460D4634
:104D8000164692B06A46E7F717FB6A462946204660
:104D90008DF81F60E7F7F0FD12B070BD07B50DF19B
:104DA0000701E9F71DFC20B19DF8070003B05DF88D
:104DB00004FBFF20FAE710B50C46E9F717FD204683
:104DC000BDE81040E9F728BC0129F8B505460C46B6
:104DD0001DD003291ED0052920D0072922D0002666
:104DE000002400270120E6F7D1FD304485421DDA7A
:104DF0000320E6F7CBFD2044854219DA0520E6F7CB
:104E0000C5FD38448542B4BF07200520F8BD6FF0CA
:104E10000406E5E76FF004040526E2E700266FF0DC
:104E20000407DFE7002405272646DBE70120EDE73E
:104E30000320EBE738B5054600242046E6F7A6FD3B
:104E40000134A842E4B202D9062CF6D10724204648
:104E500038BD38B14379490023F00C0301F00C014F
:104E60000B434371704710B5044678B141794088CF
:104E7000490801F006010131000AFFF7A5FF0246CB
:104E800001462046FFF7E5FF104610BD0722FBE76D
:104E900038B50D46E9F798FC044608B9002038BD3E
:104EA000FFF7E1FF002DFAD1237913F00703F5D0C6
:104EB000984238BF1846C0B2F1E7037923F00703E0
:104EC000194301717047037903F00F0343EA01139B
:104ED000037170470022EAF71BB80021012208B5D0
:104EE000EAF716F8401A18BF012008BD38B5154674
:104EF000FFF7F0FF04462846FFF750FF84B1FF2874
:104F000004D0626822FA00F3DB0701D5012038BD26
:104F10000123834013436360E3780133E370F5E7D3
:104F20002046F4E7EAF748BA014610230722012099
:104F3000E8F77ABC10B5E8F72FF900F11004204625
:104F4000FFF79CF920F4007189B22046BDE81040BB
:104F5000FFF796B92DE9FF411546019101218DF822
:104F60000D301B0A8DF80E309DF82C308DF80C009A
:104F70008DF80F3028460423009103AA9DF828805D
:104F80009DF830709DF8346001F098FC044670B1D3
:104F90002946FFF7F3F9B8F1000F02D12046FFF7D9
:104FA000C9FF2FB146B931462046F5F7ADF80024C8
:104FB000204604B0BDE8F081002220461146EAF701
:104FC00089F9F4E74FF47A70EAF7CEBAF0B50646FD
:104FD00087B010461C460F461546FFF798FA9DF815
:104FE0003030184443789CB16178012211F0020FEF
:104FF0000CBF032100210020CDE90142CDE90310BF
:105000000722394630460095EAF74AFB07B0F0BD63
:1050100022462146EFE708B5E8F78CFBBDE80840DB
:105020000020EAF76FBD1FB504466846FFF77CFF16
:1050300054B100238DF80530102307226946002063
:10504000E8F7F2FB04B010BDFFF73FFDADF8060036
:10505000FFF758FDADF80000EEE700B58BB06846ED
:10506000FFF762FF009BBDF8060004A90693EAF76C
:1050700023FA0BB05DF804FB1FB504466846FFF742
:1050800053FF02AB03CB2060616004B010BDFF2270
:10509000EAF752BE38B5D31E012B04460D46104622
:1050A00007D8EAF75DFD29462046BDE83840FFF7FE
:1050B000EEBF022038BD1FB5062304468DF80C3024
:1050C000EAF79AFE00238DF80D00CDE900330121A7
:1050D0000223204603AA01F0F1FB04B010BD70B515
:1050E0000C4605460120EBF70DFD237B4BB1FFF786
:1050F000ECFC014623462A46BDE870400120EBF750
:1051000007B84FF6FE71F5E7F8B50E460746FFF70C
:10511000FEF90546FFF7B2F800F44040B0F5404F05
:1051200014BF0022062202F10A03EB5C0B325C0082
:1051300004F00E045B08144403F0380338461C44A2
:10514000FFF7EAF9844208D2001BC2B20F2A28BF37
:105150000F223046291901F017FE2046F8BD13B57D
:10516000F5F774FA6946044601F01FF858B1FFF7E5
:10517000ACFC40B1E8F7F4FB28B1002302226946F9
:105180002046F2F7A3FD02B010BDFF224FF6FF71DB
:10519000ECF7F6BD0020FFF7F8BF37B505460C4623
:1051A0000823092269460120E8F73EFB15B19DF866
:1051B00006302B700CB1009B2360BDF8040003B0D7
:1051C00030BD07B500210DF10700FFF7E6FF9DF8A0
:1051D000070003B05DF804FB07B508238DF806004F
:1051E000ADF804100092694609220020E8F71CFB84
:1051F00003B05DF804FB13B5044601A90020FFF7D6
:10520000CCFF019A01462046FFF7E6FF204602B098
:1052100010BDF0B50F46002187B00446084616467B
:10522000FFF7BBFF012305460DF10A008DF808408A
:105230008DF80930FFF720FF092C1DD131460DF103
:105240001200FFF71DF805AB002102AA9B1A2846A1
:10525000CDE90011DBB2642101F030FB0546E0B17D
:10526000092C15D1ECF750FF044688B12846ECF71D
:105270005FFF204607B0F0BD31460DF113008DF8F9
:1052800012704FF6FF75FEF7FBFF0DF11503DBE71C
:10529000284600F02EF80446EBE70446E9E77FB520
:1052A0000D461646ADF80E00E7F792FF841BE4B2F8
:1052B000BDF80E20631B9BB210462946009373195C
:1052C000FFF7E4FA21460DF10E00FFF78CFA04B067
:1052D00070BD38B504460D4600F0A2FF40B1AC42A7
:1052E00006D02046F5F734FABDE8384000F0F2BFAA
:1052F00038BD10B50446FFF70AF90230FEF7BEFFCD
:105300004FF6F7739842204603D9BDE81040EDF7F9
:1053100093B8EDF7DDF8B0FA80F0400910BD002237
:10532000ECF7AEBF70B50546FFF7F1F80646284624
:1053300001F0E8FA01462846E8F71EF90446284637
:10534000FFF706F84FF6F773984208D8337803F062
:105350000303012B05D1A31E5842584170BD012003
:10536000FCE70020FAE741F2033330B585B00D4683
:10537000ADF808300446FFF7A8FB8DF80A00FFF7E8
:10538000A4FB0021000A8DF80B0005232046CDE97F
:10539000001102AA8DF80C5001F090FA10B12146CC
:1053A000FFF7BDFF05B030BD70B504460D4691B1A5
:1053B00031294FF0000600D135462046FEF7A4FF04
:1053C00008280AD101212046E7F770FF2946BDE8E9
:1053D0007040FBF7AEBB0126EFE72046FEF794FFD7
:1053E000024630B9BDE870404FF6FF710120FCF76E
:1053F0008BBD2046FEF799FFB0F5006F0ED1204619
:10540000FEF7A6FF4FF6FF739842014617D0002D16
:105410000CBF032005200022FCF776FD294620461C
:10542000EAF708F868B929462046EEF7E1FC40B9EA
:10543000324629462046BDE87040EDF70BBB0120FF
:10544000E9E770BD37B54FF6F675D4F7C1FE431ED8
:105450009BB2AB420446F8D8E9F7B6F90028F4D17C
:1054600069462046E8F77AFC0028EED0204600F096
:10547000FFFF0028E9D12046FFF72FFD0028E4D1E7
:105480002046EEF729FD0028DFD1204600F0C8FEB7
:105490000028DAD12046FCF782FD0028D5D120462D
:1054A00003B030BD73B504460E46EEF715FD054654
:1054B00088B92046EEF76AFD21462B460D224FF6AD
:1054C000FD70009500F053F83146204602B0BDE86B
:1054D0007040EEF71DBD02B070BD37B505461446ED
:1054E0000C2914D8DFE801F029132913131307132B
:1054F0001313132424006946E8F730FC18B901217E
:105500006846F2F7A9FF42202946F8F70BF8BCB12C
:105510002046FEF7FCFF0230FEF7B0FE4FF6F773B1
:1055200098420DD9204603B0BDE83040EDF79AB956
:105530000B2914BFAA20A920E6E7F6F7ADFCE6E7A1
:1055400003B030BD1FB50346084603218DF80D306A
:105550008DF80C1001230021ADF80E20CDE90031AB
:1055600003AA042301F0AAF905B05DF804FB2DE9B4
:10557000F34106460F4614461D469DF82080FFF76E
:10558000A4FAB04207D100222146384602B0BDE855
:10559000F041FFF7A2BF3A4631462046FFF7D2FF5F
:1055A000ADF8060060B10D2C05D100224FF6FF7159
:1055B0002820FCF7A9FC35B9BDF80600FFF799FED5
:1055C00002B0BDE8F0810123424629460DF10600F4
:1055D000E7F72EFFBDF80630002BEDD1F0E7F7B569
:1055E0000C460546FEF793FF611CC9B206462846E5
:1055F000E7F7C2FFA11C0746C9B22846FFF759F9D1
:10560000014604463846FBF764FA0D2F34D1204694
:10561000EEF762FC78B1301DFEF730FE04462846F6
:10562000F679FEF7D7FE31460246204603B0BDE8C4
:10563000F040FFF75BBCB01CFEF720FE4FF6F7739F
:10564000984202D92846EDF70DF92046EEF79EFC68
:10565000FFF73BFAA04205D1002003B0BDE8F040BF
:10566000EEF7D8BC6B46B068F16803C369462046C4
:10567000EEF74EFC03B0F0BD2A463946204603B093
:10568000BDE8F040FFF729BF1422002101F056BB0E
:105690002DE9F0470B0704460E4615468EB05CD147
:1056A0000120DCF745FE09A8FCF7ABFC092309A89B
:1056B0008DF82430FCF7A9FC09A8DCF70BFE01A942
:1056C00009A8FCF704FF26F00F072F4404F1100887
:1056D00004F10F09BD4211D1236901A933442361AB
:1056E00009A8FCF7D9FE0020DCF722FEB6F1005F26
:1056F0002CBFB12000200EB0BDE8F08705AA2346DC
:1057000096469446186859680833ACE80300434548
:105710006246F6D12B46224605F1100A53F8041BC7
:10572000534542F8041BF9D1714609A8FCF7B4FEB1
:1057300009A8DCF7CFFD224621460120DCF78AFDCF
:10574000013D631E13F8012F15F8011F4B4582EA36
:1057500001021A70F6D15546BCE77020CBE7F0B5D0
:10576000174685B005460C4610220021684601F018
:10577000E5FABFB3C4B30F2C04F00F0608D924F028
:105780000F043A4621462846FFF782FF40BB2744D4
:1057900032463946684601F0F7FA80222F6906F151
:1057A000100337446B44B7F5005F03F8102C2F61EA
:1057B000C6F110061AD3062E1FDDFB001A0E8DF857
:1057C0000A201A0C5BBA8DF80B20ADF80C306A4633
:1057D00010212846FFF75CFF00202B69103B2B614E
:1057E00005B0F0BD3E46D8E72646D6E7022E04DDDA
:1057F000FB005BBAADF80E30E9E76A461021284697
:10580000FFF746FF2B691022A3F110040021684620
:105810002C6101F093FAB7F5005F4FEAC403CDD2D3
:10582000E7E770B50E46054686B001A81446FFF7B7
:105830002BFF3246294601A8FFF791FF2246054675
:1058400001AB05AE1C4603CCB44210605160234648
:1058500002F10802F6D1284606B070BDEEF77CBC16
:105860000A460021EEF778BCF0B58BB00C4601A9D2
:10587000EEF772FC054680B325220021E01C01F002
:105880005DFA0123A3700E23BDF810702380FA0582
:1058900010D523464FF4877206AE23F8042B0DF182
:1058A000280C324603CA624518605960164603F157
:1058B0000803F6D13B0605D5238843F080032380F7
:1058C000069B636001AB03CB039BC4F81D00C4F8C7
:1058D0002110A361EFF794FE606128460BB0F0BD84
:1058E00030B505460C4687B001A8FCF78AFB28684E
:1058F000696802AB03C39DF8113043F002028DF8D2
:10590000112074B12288510644BF43F006038DF87C
:105910001130530542BF9DF8113043F008038DF854
:10592000113001A8FCF712FDB0FA80F0400907B071
:1059300030BD70B58AB00D46002201A90446EEF7CD
:105940000BFC88B1204604A9FFF7CAFF60B1BDF87F
:105950001060FFF7BAF838B9720601D5730503D5A0
:1059600029462046FBF706F90AB070BD2DE9F34140
:105970000F4605461646E7F72BFC4FF00008C41B00
:10598000E4B2294623463A463046CDF80080FEF779
:1059900043FF01212846E7F789FC88B10121284609
:1059A000E7F784FC0746E7F713FCC5B22B4630192E
:1059B00042463946CDF80080FEF72EFF2544ECB272
:1059C000204602B0BDE8F0812DE9F74F0C9E8946D4
:1059D000054693461C4601279DF83480E7F7F8FBFF
:1059E00023464A462946824600975846FEF714FF4A
:1059F00039462846E7F75AFC4C4428B3394628462E
:105A0000E7F754FC5FFA8AFA5445814611DAE4B2AA
:105A1000AAEB040B5FFA8BFB224630465B46294615
:105A20000097FEF7F9FE4444A4EB0A045E4404F038
:105A3000FF08012300220C9349464346304603B039
:105A4000BDE8F04FFEF7E8BE434629460C97E2B2A8
:105A5000F4E72DE9F041002686B0074608460C46DB
:105A600015469846CDE9026604968DF81460E7F76E
:105A7000AFFB411BCBB20D2B28BF0D232A4621467D
:105A8000009602A8FEF7C8FE424602A93846EEF785
:105A9000CDFD0646294620469DF80820E7F780FD03
:105AA000304606B0BDE8F0812DE9F04F0E46CBB090
:105AB0000121054617461C46E7F7F8FB23463A4600
:105AC0002946814606A8FFF7C4FF0DF1280A00EB1E
:105AD000070B5246314628465FFA8BFBFFF746FF1D
:105AE000B34503D200204BB0BDE8F08FABEB060806
:105AF0005FFA88F808F104039842F3DB331F184477
:105B00000423C4B20193A31BDBB200935246434665
:105B10000021CDF808A006A8DCF722FBC0B20028BF
:105B2000E0D1A4EB0B040AEB0803E4B2524628468A
:105B30003146009301944346FFF746FF3946284615
:105B4000E7F71AFD394600F0F8022846E7F728FD86
:105B500001212846E7F7AAFB002818BF4D46284632
:105B6000ADF81650E7F734FB011FC9B20DF116006E
:105B7000FEF739FE0120B6E72DE9F041044600F0BA
:105B8000C1FE411C074689B2204600F08EFE98B344
:105B900097B339462046E7F7EFFC00F00C03042BDF
:105BA000054629D000F00308B8F1020F00D11BBB55
:105BB000284600F032FF2B060744BEB216D5711CF2
:105BC000204689B200F071FEB0B1F9B22046E7F785
:105BD000D3FCB8F1010F014600F003030CD0032BF6
:105BE0000AD0284600F028FF304486B231462046CD
:105BF000BDE8F04100F059BE0020BDE8F081F8B5E5
:105C0000064600F041FE054604463046FEF77FFC9E
:105C100043785B0718D5AC1CA4B22146304600F08F
:105C200044FEB8B129463046E7F7A6FC0746691C92
:105C30003046C9B2E7F7A0FC1FB1874201D8FF2860
:105C400008D104EB4704A4B221463046BDE8F84031
:105C500000F02BBE0020F8BD13B5044601A8EEF7F6
:105C600025FFBDF80430DA0710D49B0707D41022B3
:105C70000021204602B0BDE8104001F05FB8224686
:105C800021461020FFF7CDFD0028F0D102B010BD55
:105C900013B50024CDE9003413460A460146062018
:105CA000EEF72EFF02B010BD024608B5EEF71EFF5C
:105CB000510544BF0838C0B2130544BF0838C0B20C
:105CC00008BDF0B5D30705460C468BB049D5008812
:105CD00000F018FE00230646029314B9CDE90344F0
:105CE00003AC002208212046FEF79DFEA0B12888C3
:105CF000FEF70DFC0230FEF7C1FA21460746E8F731
:105D00002DF848B1002240231146384600F02AFA07
:105D1000BE2528460BB0F0BD31462888E7F72CFC9D
:105D200010F0030F0CBF01260026EEF759FA46EAE1
:105D30004000C0B200900021204602AB05AAF0F757
:105D40009BF80546EEF74CFA0028E2D0002DE0D093
:105D500000212046009602AB05AAF0F78DF8054613
:105D6000D7E7A625D5E701461A2308220120E7F741
:105D70005BBD00231A46EFF7DBBF30B58BB005AD36
:105D800004462846FCF73DF90223284601A98DF870
:105D90001430FCF79CFB234601AA144603CCAC420A
:105DA00018605960224603F10803F6D10BB030BDEC
:105DB00008B50023024619461846EFF7B9FF01203F
:105DC00008BD37B504466846F0F728F8054648B1DF
:105DD00008222146684600F087FFB0FA80F04009AB
:105DE00003B030BDFF2208212046FEF71CFE03460B
:105DF00028B106212846FFF7BCFF0120F0E7224624
:105E00000146EFF795FFF8E707B56846F0F706F8A3
:105E100010B16846FCF71EFD00F0010003B05DF80C
:105E200004FB0120F0F738BD704737B5044608463B
:105E3000FEF7AAFA0546FEF748FE00230146009346
:105E400022462B460120F6F74BF903B030BD30B5A2
:105E50000124054689B003A8FCF7D3F801A88DF802
:105E60000C40FCF7E3FA9DF806209DF80730AA42A3
:105E700009D0AB4209D103A88DF80D40DCF72AFA0E
:105E8000012009B030BD0024F5E70020F9E7002229
:105E900008B511461046F1F741F8BDE80840002169
:105EA0004FF6FF70FFF765BF00221021FEF7BBBD64
:105EB0007FB50D4602460D2317216846FAF777FA9B
:105EC0006B462A4602AE1C4603CCB44210605160B9
:105ED000234602F10802F6D120681060237913717D
:105EE00000236B7304B070BDF0B585B06C460646F8
:105EF0000B46224601F10807254618685968083301
:105F000003C5BB422C46F7D11868314628601B797F
:105F100017202B710D23FAF753FA05B0F0BD38B5F1
:105F200004460D46DBF730FFA04205D9204629463E
:105F3000FFF7BEFF002038BD6920FCE730B5002424
:105F400085B08DF80040DBF71FFFE5B2A84204D80A
:105F5000F2F7E4F8002005B030BD69462846FFF7A7
:105F6000C3FF0134EFE738B504460020F4F7C0FB67
:105F7000FF2805460FD0F4F77BFC10F0010009D094
:105F80002846F4F775FC400840EAC17080F0010033
:105F900000F0010038BD04F00100FBE70146F8B550
:105FA00006460020F1F7F4FFFF2801D00120F8BDDC
:105FB000DBF7DAFE00240546871CDBF7D9FEE3B2E7
:105FC000984201D80020F2E735F82430B34203D1DB
:105FD00017F82430002BE9D10134EEE738B50D462F
:105FE00001210446E7F762F930B101212046E7F7C5
:105FF0005DF92880012038BD20462C8000F07BFD13
:106000000130C0B2F7E72DE9F04788B0074689466E
:1060100010460DF10A011D469046FFF7DFFF4FF0D5
:10602000000ABDF80A6004463046CDE905AACDF85D
:106030001BA0E7F7CDF8031BDBB20B2B28BF0B230C
:1060400022463146CDF800A005A8FEF7E5FB48F250
:106050001F039D4243D00BD885F40043012B15D973
:1060600023464246494628460097FCF70BFC33E09E
:1060700048F23A039D42F3D1FEF727FDB8422BD0F8
:106080002246414605A8FCF730FC25E09DF8143077
:1060900013BBBDF81D40DDF81500DDF8191003AB8A
:1060A00003C3204603A9DBF7D9FD0122204603A93B
:1060B000EDF7E4FFA74206460ED0012103A8F2F750
:1060C000CBF948F201039D4206D12EB93346324640
:1060D0003946204600F0FFFD08B0BDE8F0879DF886
:1060E0001450002DF8D1A84602349DF81570E4B282
:1060F000EBB2BB42F0D2224608233146CDF80080F5
:1061000003A8CDE90388FEF787FB03A8F4F7CEFACE
:10611000F4F71EFB083400F0DDF80135E4B2E7E7E0
:1061200008B5E7F707FBBDE80840F2F7C1BC10B5BA
:106130000024418084800480C280038110BD13B597
:10614000BDF81040CDE900340023F2F707FE02B09D
:1061500010BD13B5BDF8104001900094F2F7FEFD9C
:1061600002B010BD07B500930123FFF7F2FF03B0A3
:106170005DF804FB0123F2F787BE0121F3F7C4BFEA
:1061800008B500F00EF8FF2804D0F4F771FBC0F357
:10619000C00008BD0120FCE701464FF6FF70F3F791
:1061A000DBBE01460020F4F7A3BA10B50C46F4F7A5
:1061B000CFFAFF2808D0F4F761FA20B10368236012
:1061C00043680120636010BD0020FCE710B5044661
:1061D000FEF7ABF8B0F5006F204605D1FEF7B8F832
:1061E000BDE81040F4F7B4BAFEF7CEF8BDE81040B1
:1061F000FFF7D7BF08B5F4F7ABFAFF280CD0F4F7D8
:1062000037FB10F0010309D0400840EAC17080F06C
:10621000010000F0010008BD0020FCE71846FAE785
:1062200008B5F4F795FAFF3818BF012008BD1FB56F
:1062300002460B2301A81821FAF7B9F89DF80E00C1
:1062400005B05DF804FB30B511F00105044687B0D8
:1062500016D001A9F4F7D2FE90B92046F4F708FB56
:1062600010F0010109D02046F4F702FB430843EA8D
:10627000C17383F0010303F0010101A8F2F7ECF808
:106280002046F5F74FFE2946204607B0BDE83040CE
:10629000FAF79DBB30B585B00C460546F4F7D6F944
:1062A000A04215D04FF6F7739C4211D80B232A4613
:1062B000182101A8FAF77BF8294618200B2301AA18
:1062C000ADF80C40FAF77CF821462846F4F75AFA64
:1062D00005B030BD10B50446DBF75CFDA0420FD918
:1062E0002046F4F7B3F94FF6FF73984208D02046E2
:1062F0000021FFF7A8FF2046BDE81040F4F7D6BE06
:1063000010BD10B50446FEF7E0FB00210246204612
:10631000BDE81040F5F722B82DE9F04114460F46CC
:1063200005469846FEF7F3F806460430FDF7A6FF4B
:1063300020802846FEF74EF86080B379791CE3721E
:10634000C9B22846E7F718F9B91CA072C9B22846A5
:10635000E7F712F9FE1C2072F6B2B8F1000F18D060
:1063600031462846FEF7A5FA0537FEB23146A08031
:106370002846FEF79EFAB11CE080C9B22846E7F72E
:10638000FBF86072217AA0880122BDE8F041F5F7A0
:1063900005BD2088EAE72DE9F04186B090461E460B
:1063A00004460D46FEF791FB4FF6F77398450746F6
:1063B00032D80523A0428DF80C304FF0010214BFF3
:1063C000012300234FF0000118BF8DF80D30CDE9F7
:1063D000002114BFADF80E008DF80D30284614BF13
:1063E0000423022303AA00F069FA0546A0B1A742DC
:1063F0001AD0FEF78CF8074621460430803EFDF7A0
:106400003FFF2046FE7104A9FFF7CFFE40B92046AA
:1064100004A9F6F715FB18B9002006B0BDE8F08115
:10642000284604A900F0DAFA41462846FEF777FF2D
:10643000F3E7037923F00303194301F03F010171EE
:10644000704707B50DF10701F5F74EFB03B05DF896
:1064500004FB08B5FFF7F5FF18B1BDE80840F5F7F4
:1064600093BB08BD00224FF6FF701146F5F796BCAE
:1064700010B50446FFF7E5FF024638B9014620464D
:10648000F5F78CFC003818BF012010BD0120FCE797
:10649000F8B5174604460E46FFF7D3FF05463860A9
:1064A00068B1037903F00303337023B93A681379B1
:1064B00003F03F0313713B685C882046F8BD01463A
:1064C0002046FEF7E5FC074628B1E8F78BFB87423C
:1064D00001D83570F1E731462046FCF7CDF90028A8
:1064E000EBD003234FF6FF743370E6E707B501AA3C
:1064F0000DF10301FFF7CCFF9DF8033053B901986C
:1065000028B1037913F0300F14BF0120002003B02D
:106510005DF804FB0020FAE72DE9FF41064610462E
:1065200088461546F4F7C2F80746FEF7CEFA044649
:1065300048BB4FF6FF739E4225D09F4206D00146CE
:10654000384604B0BDE8F041EBF72ABD07238DF8CB
:1065500004302B680246CDF805306B68092101A88C
:10656000CDF80930FEF70BF8024618B9182004B030
:10657000BDE8F081012341463046F0F763FE002874
:10658000F4D02046F3E77020F1E72DE9F043904680
:106590000F4606464FF0010991B00BA803ADFBF77B
:1065A00030FD07AC29460BA8ADF82C90FBF78FFF08
:1065B00095E80F0084E80F004B460022394630462C
:1065C000CDE90048F0F756FF11B0BDE8F0832DE9A2
:1065D000F04F002785B081460C467E20394698460C
:1065E000BDF83CB09DF844A0BDF84C500192ADF808
:1065F0000E70E6F797FE0646002800F0AA80E6F740
:10660000CBFD39467E2200F099FB3046E6F7C4FD0B
:1066100000903046E6F7C0FDB9F1FF0F0CBF2746EA
:1066200044F003073B0A14F44062077043705FD1E3
:106630004FF00808C31C18464246019900F064FB5D
:10664000034604F44044434484B1790606D4194611
:106650004FEA1B2201F802BB5A700B46B4F5004FFB
:1066600056D0A4F5404254425441E4002246184614
:106670000E9900F049FB009A03462044A0EB020863
:106680005FFA88F89DB14FF47C521A53841C284657
:10669000E6F782FD83462846E6F79AFDC5B22A460C
:1066A0005946204600F070FB60190235EDB2B9F191
:1066B000FF0F2FD05246109900F8019B00F064FBA9
:1066C00008F101015AFA81F129443046E6F79CFDB0
:1066D0000C210022FF0007F0800710463943FDF728
:1066E000F4FEADF80E00E8B9002005B0BDE8F08F6B
:1066F000B2F5006F80F803804FEA182880F8048014
:1067000000F1050314BF4FF008084FF0020892E7AC
:106710000224ABE708EB0A0129443046E6F774FD92
:106720000821D6E73046E6F737FD04463046E6F75F
:106730004FFD0123C2B221460DF10E00E6F778FEAF
:106740000028D1D10121BDF84820BDF80E00E6F7A0
:10675000C1FDBDF80E00C8E77047F8B506460D4606
:10676000F6F7E2F80328044621D02846F6F7DCF8CD
:10677000032807461BD010F0020318D1A0070DD53F
:10678000F90716D401233C43E20704D431892A894E
:10679000914218BF002303F00100F8BD08222946EA
:1067A000304600F0A1FAB0FA80F35B09EBE7002075
:1067B000F3E71846F1E770B50D4600210646FDF7F0
:1067C000F5FE044630B1E6F7E7FC01462846FFF740
:1067D000C4FF08B1204670BD21463046FDF73CFF9E
:1067E000EFE77FB54FF6FF7101AAF6F789F920B1FF
:1067F000BDF80C0007B05DF804FB4FF6FF70F9E739
:1068000008B5FFF7D8FF003818BF012008BD08B54C
:106810001046E8F715F9BDE80840E8F7CFB92DE9CB
:10682000F7430F46012181461646E6F73FFD054630
:1068300058B1FEF71CF8308088B92846E6F7C8FC46
:1068400068B1182003B0BDE8F0834846E6F7C0FC05
:10685000FF2FA0EB0704E4B214D014B93480002059
:10686000F0E72A4621462846FDF789FE80460028A3
:10687000E7D03B464A4629460094FEF707F8A6F8BB
:106880000080ECE70120DDE708B5FDF740FE437826
:1068900003F001001A074CBF10300830DB0644BF7C
:1068A0000830C0B21030C0B208BD10B50C46E6F7D3
:1068B0008FFCA04234BF0020012010BD7FB51446DC
:1068C0000091024641F2092141F609209DF820601D
:1068D0001D46002E18BF0146099B0020F6F75CFA02
:1068E000ADF80E0010B9002004B070BD01232A4697
:1068F00021460DF10E00E6F79BFD0028F3D1BDF80F
:106900000E00F1E738B50546FFF7BEFF04462846FE
:10691000E6F75EFC631C9BB283420FD82846FDF766
:10692000F6FD43785B0707D521462846E6F724FEA7
:10693000013004EB4004E4B2204638BD0024FBE7FC
:1069400030B585B0ADF80E00E6F742FC0446BDF860
:106950000E00FFF7D7FF00F10E03DBB2E5B2BDF882
:106960000E20ED1AADB2014600951046FDF78EFFE0
:10697000A4F10E01C9B20DF10E00FDF734FF05B010
:1069800030BD4278034612F0080006D0D20702D488
:1069900003F10800704703F10900704737B5054659
:1069A0000C46FDF7B4FD437813F0100212D09CB1F1
:1069B00003F001021B074FF0000329460093204615
:1069C0004FF0080354BF18322032FDF725FF012095
:1069D00003B030BD1046FBE72046F9E773B5054626
:1069E0000C46FDF794FD437813F0100211D094B1DA
:1069F000012603F001021B0729464FF00803204639
:106A000054BF183220320096FDF706FF304602B020
:106A100070BD1046FBE72046F9E700F00303012BA9
:106A200008D0C30606D400F00C000C2814BF0820C0
:106A30000920704702207047034611F0030005D07B
:106A400003F00303022B14BF0220032070472DE93B
:106A5000F0414E1C07460D46E6F7BAFB864203D9C5
:106A600000242046BDE8F08129463846E6F784FD3B
:106A70008046FFF7D2FF18F0800F0446F1D006449D
:106A80003846E6F7A5FBB6B28642E9D82919C9B25D
:106A90003846E6F771FD01464046FFF7CDFF20443A
:106AA000C4B2DEE7F8B506460D46FFF7D0FF044650
:106AB00010B900242046F8BD29463046E6F75CFDB3
:106AC0008206F7D53046E6F783FB6F1C2744BFB23A
:106AD0008742EED829193046C9B2E6F74DFD00F0DD
:106AE0001803082B14BF05340634E4B2830644BFF0
:106AF0000834E4B2DEE738B50546FFF703FF044685
:106B000008B9002038BD01462846FFF7CBFF002812
:106B1000F7D02044C0B2F5E72DE9F04387B0054631
:106B20000C46FDF7F4FC8046FDF7A8FB0746284617
:106B3000FFF7E8FE064601462846FFF788FF0022D9
:106B4000034600922946324602A8FDF765FE9DF8ED
:106B5000086006F00C030C2B06F003090BD0B9F10A
:106B6000010F59D0F10657D49DF809300DF10A05EF
:106B70000020637107E0FF230DF109006371FDF749
:106B80007DFB0DF10B05208198F80130DA0704D563
:106B900008F10200FDF772FB2081B9F1010F5FFAE5
:106BA00089F83DD0F3063BD42846FDF767FB6080AB
:106BB000A81CFDF763FB053515F8013C2080237107
:106BC0002B78B006A37206F0400348BF43F02003C1
:106BD000390627D543F40073F80448BF43F48063B3
:106BE000390548BF43F400633206E38011D56A7863
:106BF00012F003020DD06FEA43436FEA5343A978C2
:106C0000B8F1020FE3800B4611D1EB7841EA032182
:106C1000218107B0BDE8F083FF230DF10905A7E747
:106C2000FF23CCE77A0648BF43F48073D4E7012AF8
:106C300004BF0B029BB22381EBE770B50646F6F763
:106C400003FA04463046EAF721F8224603460021BB
:106C50003046F5F7E3FD0546C0B1FDF758FC0446A4
:106C60002846E6F799FAE21D121A00232946082061
:106C7000D2B2F9F70CFE0138C0B2012806D8294675
:106C80003046BDE870400122E7F7EEB870BD13460C
:106C900010B50A4600210446F5F79AFD014628B1D1
:106CA00002222046E7F7E0F8C0B210BD0120FCE761
:106CB00007B5009313460A460021F5F7E7FC30B10B
:106CC0000021F3F721FAC0B203B05DF804FB012004
:106CD000FAE7F6F785BC0BB1F6F7EEBC0AB9F6F7A2
:106CE00067BDFF21F6F790BC0139024410B5904210
:106CF00001D1002005E0037811F8014FA34201D033
:106D0000181B10BD0130F2E7884210B501EB0204F8
:106D100002D98442234607D8431EA14208D011F865
:106D2000012B03F8012FF8E7024401468A4200D103
:106D300010BD13F8014D02F8014DF7E70244034678
:106D4000934200D1704703F8011BF9E710B56AB10F
:106D50000139841810F8012B11F8013F9A4203D130
:106D6000A04201D0002AF5D1D01A10BD1046FCE790
:106D70007047704710F8012B11F8013B012A28BF1A
:106D80009A42F7D0D01A70470A44431E914200D16C
:106D9000704710B511F8014B914203F8014FF9D13A
:106DA00010BD034613F8012B002AFBD1181A013835
:106DB0007047431C08BF0020DEF7A2BA00000000A5
:106DC000F8B500BFF8BC08BC9E467047F8B500BFD8
:106DD000F8BC08BC9E4670475FF800F02D170020F5
:106DE0005FF800F0C917002000000000000000005C
:106DF0000000000000000000000000000000000093
:106E00000000000000000000000000000000000082
:106E10000000000000000000000000000000000072
:106E200048656C6C6F2C20776F726C64210D0A00C2
:106E3000557074696D653A20256C753A25753A254B
:106E40006C753A256C750D0A00526573657474692A
:106E50006E672073797374656D210D0A00496E7633
:106E6000616C69642074696D650D0A004461746524
:106E700074696D6520736574210054696D652073B4
:106E80006574210044617465207365742100547237
:106E9000696D6D696E6720736574210D0A00437515
:106EA0007272656E742074696D65202D20253032F4
:106EB000643A253032643A253032640D0A437572E3
:106EC00072656E742064617465202D2025303264F3
:106ED0002F253032642F3230253032640D0A0043C2
:106EE000757272656E742074696D65202D20253071
:106EF00032643A253032643A253032640D0A005447
:106F000072696D206164647320005472696D20732E
:106F100075627472616374732000257520636C6FF1
:106F2000636B206379636C65730D0A000D0A52541C
:106F300043534543202020203A2025303862000D5D
:106F40000A5254434D494E202020203A2025303803
:106F500062000D0A525443484F55522020203A20D7
:106F600025303862000D0A525443574B4441592092
:106F7000203A2025303862000D0A525443444154CF
:106F8000452020203A2025303862000D0A52544313
:106F90004D5448202020203A2025303862000D0A28
:106FA000525443594541522020203A20253038621E
:106FB000000D0A434F4E54524F4C2020203A2025BA
:106FC000303862000D0A4F53435452494D2020205F
:106FD0003A2025303862000D0A4545554E4C4F4346
:106FE0004B20203A2025303862000D0A414C4D30AC
:106FF0005345432020203A2025303862000D0A41B5
:107000004C4D304D494E2020203A2025303862002A
:107010000D0A414C4D30484F555220203A20253022
:107020003862000D0A414C4D30574B444159203ACB
:107030002025303862000D0A414C4D304441544502
:1070400020203A2025303862000D0A414C4D304D49
:1070500054482020203A2025303862000D0A414C47
:107060004D315345432020203A2025303862000D11
:107070000A414C4D314D494E2020203A20253038D0
:1070800062000D0A414C4D31484F555220203A20A4
:1070900025303862000D0A414C4D31574B4441595F
:1070A000203A2025303862000D0A414C4D314441D0
:1070B000544520203A2025303862000D0A414C4DBD
:1070C000314D54482020203A2025303862000D0AE6
:1070D000505752444E4D494E20203A2025303862B8
:1070E000000D0A505752444E484F5552203A202521
:1070F000303862000D0A505752444E4441544520E6
:107100003A2025303862000D0A505752444E4D54F3
:107110004820203A2025303862000D0A5057525539
:10712000504D494E20203A2025303862000D0A503B
:1071300057525550484F5552203A2025303862005A
:107140000D0A505752555044415445203A2025309D
:107150003862000D0A50575255504D544820203A7D
:107160002025303862000D0A537461727465642002
:10717000434C4920426172652D6D6574616C0D0A46
:107180000D0A007072696E745F67726F75700073BC
:10719000797374656D007265616C5F74696D65000B
:1071A0005265616C2074696D652072656C617465EF
:1071B0006420636F6D6D616E6473007365745F64EA
:1071C00061746574696D65007365745F74696D657C
:1071D000007365745F64617465007365745F7472D5
:1071E000696D6D696E67006765745F64617465746D
:1071F000696D65006765745F74696D6500676574C6
:107200005F64617465006765745F7472696D6D6950
:107210006E67006765745F616C6C5F726567697348
:10722000746572730047657473207472696D6D695B
:107230006E6720696E666F2066726F6D20525443D0
:10724000004E6F7468696E670047657473207468D8
:107250006520646174652066726F6D20525443002E
:1072600047657473207468652074696D6520667263
:107270006F6D205254430047657473207468652015
:107280006461746574696D652066726F6D20525417
:10729000430053657420746865207472696D6D696C
:1072A0006E6720696E2074686520525443005369EC
:1072B000676E202861646420697320312C20737507
:1072C000627472616374696F6E2069732030291F64
:1072D000456E61626C6520636F61727365207472C4
:1072E000696D1F50756C7365730053657420746805
:1072F000652074696D6520696E207468652052543C
:107300004300446174651F4D6F6E74681F59656159
:107310007220284F6E6C79207468652032206C6171
:107320007374206469676974732C20692E652E203C
:10733000323032362069732032362900536574208A
:10734000746865206461746574696D6520696E2078
:107350007468652052544300446174651F4D6F6E1C
:1073600074681F5965617220284F6E6C79207468AB
:10737000652032206C617374206469676974732CB2
:1073800020692E652E203230323620697320323645
:10739000291F486F7572731F4D696E757465731F71
:1073A0005365636F6E64730053797374656D2072F7
:1073B000656C6174656420636F6D6D616E647300EC
:1073C000757074696D6500726573657400526573DC
:1073D000657420746865206D6963726F636F6E7485
:1073E000726F6C6C65722028446F65736E27742011
:1073F000736176652063757272656E742073746153
:10740000746520696620796F7520646F6E2774201B
:1074100073706563696679206974290053686F77B2
:107420007320666F7220686F77206C6F6E672074B0
:107430006865206D6963726F636F6E74726F6C6CD8
:10744000657220686173206265656E2072756E6E6C
:10745000696E67005072696E742072656C61746544
:107460006420636F6D6D616E64730068656C6C6F32
:10747000005072696E74202248656C6C6F2C207706
:107480006F726C64212220746F20746865207465AB
:10749000726D696E616C0000D8100020A07103004D
:1074A0007FB10300FE000000294D0000257203009B
:1074B00041720300FF000000F54C0000257203003C
:1074C00041720300FF000000D14C0000497203002C
:1074D00041720300FF000000AD4C00006072030029
:1074E00041720300FF000000754C0000777203003A
:1074F00041720300FF0000003D4C00009272030047
:10750000AE720300000000FFD94B0000EA720300D6
:1075100002730300000000FF754B0000EA720300D5
:1075200092730300000000FFF94A00003C7303005F
:1075300058730300000000000000FF0050110020FD
:10754000A87303007FB10300FE000000C14A0000E1
:10755000CD73030041720300FF0000007D4A00006C
:107560001C74030041720300FF000000741100202E
:10757000547403007FB10300FE000000714A000054
:107580007174030041720300FF7F033F1F0000007E
:10759000514F0000D9510000D5EB0200D1EB0200A1
:1075A00061520000D9EB02000FEC0200F3EB020085
:1075B0004D540000655500001D540000D5530000D7
:1075C0004D4350373934313020696E697469616CCC
:1075D000697A6564210D0A004A6F696E002573207F
:1075E0006E6574776F726B2025733A203078253082
:1075F000325800696E666F006C6962730062736571
:107600006E64007261770073656E645F6D756C7493
:1076100069636173740073656E642D7573696E6759
:107620002D6D756C7469636173742D62696E646924
:107630006E670074696D6573796E63006765742D9C
:107640007074692D726164696F2D636F6E6669670E
:1076500000636F6E6669672D6363612D6D6F64658E
:107660000076657273696F6E006576656E7473007F
:107670007365637572697479007A69676265655FBD
:107680007072696E7400706C7567696E006E6574F7
:10769000006B657973006F7074696F6E00706C7544
:1076A00067006368616E67656B6579006368616E2A
:1076B00067656B007A646F007072696E7420726522
:1076C0006C6174656420636F6D6D616E64732E0010
:1076D00061747472005A646F2072656C61746564C1
:1076E00020636F6D6D616E64732E00726F757465CB
:1076F00000706F776572006D676D742D6C71690035
:107700006D676D742D62696E64006C6561766500ED
:107710006E6F64650073696D706C650069656565A1
:10772000006E776B00756E62696E64006E776B2D0C
:10773000757064006F75742D636C2D6C69737400C3
:10774000696E2D636C2D6C697374005A646F2069C7
:107750006E2D636C2D6C6973742072656C61746539
:107760006420636F6D6D616E64732E0061646400EC
:107770005A646F206F75742D636C2D6C697374205F
:1077800072656C6174656420636F6D6D616E6473A6
:107790002E005A646F206E776B2D757064207265B1
:1077A0006C6174656420636F6D6D616E64732E002F
:1077B0007363616E2D6368616E2D6D61736B007311
:1077C00063616E006368616E5067006368616E009C
:1077D0005A646F20756E62696E642072656C6174A4
:1077E000656420636F6D6D616E64732E00756E69E4
:1077F00063617374006368616E67656B657920729D
:10780000656C6174656420636F6D6D616E64732E69
:10781000006C696E6B004F7074696F6E2072656CDE
:107820006174656420636F6D6D616E64732E0072A8
:10783000656769737465720074617267657400646A
:1078400069736300696E7374616C6C2D636F64653A
:107850000062696E64696E672D7461626C650070A8
:1078600072696E742D72782D6D7367730061707319
:107870007265747279004150532072657472792078
:10788000666C616720666F72636520636F6D6D6102
:107890006E64730064656661756C7400456E616248
:1078A0006C65732F44697361626C657320707269D3
:1078B0006E74696E67206F66205278206D657373F1
:1078C000616765732E00656E61626C650064697343
:1078D00061626C650042696E64696E672074616202
:1078E0006C652072656C6174656420636F6D6D6199
:1078F0006E64732E005365637572697479206B65CD
:1079000079732072656C6174656420636F6D6D615D
:107910006E64732E0064656C657465004E657477E3
:107920006F726B2072656C6174656420636F6D6D3E
:10793000616E64732E00666F726D0072656A6F69A6
:107940006E2D646966662D6465766963652D74794C
:1079500070650065787470616E69640069736F703A
:10796000656E0062726F61642D706A6F696E00638C
:1079700068616E67652D6368616E6E656C00696E27
:107980006974006368616E67652D6B6565702D6154
:107990006C6976652D6D6F64650074696D656F75D2
:1079A000742D6F7074696F6E2D6D61736B006D75E2
:1079B0006C74692D7068792D7374617274006D75C3
:1079C0006C74692D7068792D73746F700066696EC0
:1079D00064006E6574776F726B2066696E642063F5
:1079E0006F6D6D616E64732E006A6F696E61626C9B
:1079F0006500756E757365640069646C652D736CE4
:107A000065657000636F756E74657273006E657482
:107A1000776F726B2D7374656572696E6700757030
:107A2000646174652D74632D6C696E6B2D6B657963
:107A3000007570646174652D74632D6C696E6B2DB7
:107A40006B65792072656C6174656420636F6D6D20
:107A5000616E64730074696D6572006E6574776F32
:107A6000726B2D7374656572696E672072656C61E7
:107A700074656420636F6D6D616E64732E00707247
:107A8000652D636F6E666967757265642D6B6579C8
:107A90002D736574006D61736B2072656C61746524
:107AA0006420636F6D6D616E642E00737562747215
:107AB00061637400656E61626C655F747970650006
:107AC000737461636B00617070007A636C006C6545
:107AD000676163795F61665F646562756700636FA4
:107AE000756E746572732072656C61746564206371
:107AF0006F6D6D616E64732E007072696E742D63AC
:107B00006F756E7465722D747970650073696D7030
:107B10006C652D7072696E74007072696E742D746C
:107B200068726573686F6C6473007365742D746834
:107B3000726573686F6C640072657365742D746828
:107B4000726573686F6C64730073656E642D726523
:107B500071756573740073656375726974792072E9
:107B6000656C6174656420636F6D6D616E64730034
:107B70007365742D616C6C6F772D74727573742DD1
:107B800063656E7465722D72656A6F696E2D7573AB
:107B9000696E672D77656C6C2D6B6E6F776E2D6BD4
:107BA0006579007365742D616C6C6F772D747275D7
:107BB00073742D63656E7465722D72656A6F696E7C
:107BC0002D7573696E672D77656C6C2D6B6E6F7795
:107BD0006E2D6B65792D74696D656F7574007365B5
:107BE000742D6B65792D726571756573742D706F69
:107BF0006C696379006D66672D746F6B656E0061EB
:107C000070730053656375726974792061707320B5
:107C100072656C6174656420636F6D6D616E647311
:107C20002E004765742F736574204D464720746F8E
:107C30006B656E2E00656E64706F696E7420726580
:107C40006C6174656420636F6D6D616E64732E008A
:107C5000436F6D6D616E647320746F20636F6E741B
:107C6000726F6C2069646C696E672F736C656570E8
:107C7000696E67206F662074686520646576696345
:107C80006500666F7263652D6177616B6500617772
:107C9000616B652D7768656E2D6E6F742D6A6F69E7
:107CA0006E6564005072696E74732074696D652E20
:107CB000005072696E7473206174747269627574B5
:107CC000652E00436C6561727320746865205A44A8
:107CD0004F206C697374206F6620636C69656E74E5
:107CE0002028696E2920636C7573746572732E0089
:107CF0004164647320636C75737465727320746F70
:107D000020746865206B6E6F776E20636C69656E9A
:107D1000742028696E2920636C75737465727320F2
:107D20006F6E2074686973206465766963652E00E0
:107D3000436C6561727320746865205A444F206CEF
:107D4000697374206F6620636C69656E7420286F98
:107D500075742920636C7573746572732E004164A9
:107D6000647320636C75737465727320746F207410
:107D70006865206B6E6F776E20636C69656E74202A
:107D8000286F75742920636C757374657273206F26
:107D90006E2074686973206465766963652E00538C
:107DA000656E647320616E20757064617465206314
:107DB00068616E6E656C20726571756573742E00F6
:107DC0006368616E6E656C1F0053656E647320613D
:107DD0006E20757064617465206368616E6E656C99
:107DE0002070616765207265712E2054686520736C
:107DF0007461636B2073656E6473206E776B2065AE
:107E00006E68616E6365642075706461746520726C
:107E1000657120666F72206E6F6E2D7A65726F20AD
:107E2000706167652E006368616E6E656C1F7061BE
:107E300067651F00506572666F726D7320616E20FA
:107E4000656E65726779207363616E2E007461726E
:107E50006765744E6F646549641F7363616E447532
:107E6000726174696F6E1F7363616E436F756E74B8
:107E70001F0042726F61646361737473207468657C
:107E8000204944206F6620746865206E6577206EF7
:107E90006574776F726B206D616E616765722061CA
:107EA0006E6420616374697665206368616E6E65D7
:107EB0006C732E006E776B4D676549641F63686154
:107EC0006E6E656C4D61736B1F00506572666F72EC
:107ED0006D7320616E20656E6572677920736361D2
:107EE0006E206F6E20676976656E206368616E6EC6
:107EF000656C206D61736B2E007461726765744EE2
:107F00006F646549641F7363616E4475726174695F
:107F10006F6E1F7363616E436F756E741F6368616C
:107F20006E6E656C4D61736B1F0053656E647320DC
:107F300061206E6574776F726B2061646472657323
:107F400073207265717565737420666F7220746832
:107F50006520676976656E20494545452061646402
:107F6000726573732E00696565651F0052657175D2
:107F70006573747320616E204945454520616464D2
:107F800072657373206261736564206F6E20612077
:107F9000676976656E206E6F64652049442E006EB9
:107FA0006F646549641F0053656E647320612073BC
:107FB000696D706C652064657363726970746F724B
:107FC000207265717565737420666F7220746865C0
:107FD0002073686F727420616464726573732061CA
:107FE0006E6420656E64706F696E74207370656373
:107FF00069666965642E00646573741F74617267D5
:108000006574456E64706F696E741F0053656E64AD
:10801000732061206D617463684465736372697075
:10802000746F72735265717565737420746F207408
:10803000686520676976656E2064657374696E6132
:1080400074696F6E20776974682074686520676949
:1080500076656E2070726F66696C652E006E6F6457
:108060006549641F70726F66696C651F0053656EA9
:1080700064732061206E6F64652064657363726948
:1080800070746F72207265717565737420746F20DF
:108090006120676976656E2074617267657420641B
:1080A00065766963652E007461726765741F00539D
:1080B000656E64732061205A444F2042696E6420CB
:1080C000636F6D6D616E6420746F206120646576EE
:1080D0006963652073706563696669656420696EAC
:1080E0002074686520636F6D6D616E6420617267D6
:1080F000756D656E74732E0044657374696E61747A
:10810000696F6E1F536F7572636520656E64706F63
:10811000696E741F44657374696E6174696F6E2053
:10812000656E64706F696E741F636C7573746572CD
:1081300049441F72656D6F746545554936341F6437
:1081400065737445554936341F0053656E6473205A
:10815000616E2061637469766520656E64706F6915
:108160006E74207265717565737420746F20746805
:108170006520646576696365207769746820746832
:108180006520676976656E2073686F727420494454
:108190002E0053656E647320616E20756E62696E89
:1081A00064207265717565737420666F722061203A
:1081B000756E69636173742062696E64696E6720AD
:1081C000746F2074686520746172676574206465DB
:1081D000766963652E007461726765741F736F75CD
:1081E0007263652065756936341F736F75726365D8
:1081F00020656E64706F696E741F636C757374654F
:108200007249441F64657374696E6174696F6E4569
:10821000554936341F64657374696E6174696F6E95
:1082200020656E64706F696E741F0053656E6473B1
:1082300020616E20756E62696E642072657175656D
:10824000737420666F722061206D756C7469636150
:1082500073742062696E64696E6720746F2074683D
:108260006520746172676574206465766963652E44
:10827000007461726765741F736F75726365206542
:10828000756936341F736F7572636520656E64702F
:108290006F696E741F636C757374657249441F67F0
:1082A000726F7570416464726573731F0053656EFD
:1082B00064732061205A444F204D616E6167656D83
:1082C000656E74204C6561766520636F6D6D616EBF
:1082D0006420746F2074686520746172676574200F
:1082E0006465766963652E007461726765741F72D8
:1082F000656D6F76654368696C6472656E1F726543
:108300006A6F696E1F0053656E64732061205A4462
:108310004F204D474D542D42696E64202842696EAE
:1083200064696E67205461626C65292052657175BD
:1083300065737420746F207468652074617267655A
:1083400074206465766963652E0074617267657474
:108350001F7374617274496E6465781F0053656E93
:1083600064732061205A444F204D474D542D4C5189
:108370004920284C5149205461626C65292052657E
:10838000717565737420746F2074686520746172F0
:10839000676574206465766963652E0053656E6455
:1083A000732061205A444F20506F776572204465D6
:1083B0007363726970746F7220526571756573743E
:1083C00020746F207468652074617267657420641E
:1083D00065766963652E0053656E64732061205A6B
:1083E000444F20726F757465207265717565737482
:1083F00020636F6D6D616E6420746F2074686520FA
:108400007461726765742E007461726765741F69A8
:108410006E6465781F00696E6465781F65756936DE
:10842000341F696E7374616C6C436F64651F0069FF
:108430006E6465781F65756936341F6B65791F003A
:108440005443206C696E6B206B6579207265717581
:1084500065737420706F6C6963791F417070206C54
:10846000696E6B206B657920726571756573742018
:10847000706F6C6963791F00426F6F6C3A20616C9A
:108480006C6F772074727573742063656E74657297
:108490002072656A6F696E207573696E67207765F3
:1084A0006C6C2D6B6E6F776E206B65791F00707230
:1084B0006F66696C6549641F636C75737465724996
:1084C000641F0074617267657449641F00456E61C2
:1084D000626C6573207072696E74696E67206F6676
:1084E000205278206D657373616765732E00536544
:1084F0007473207468652062696E64696E672074A5
:1085000061626C6500696E6465781F636C75737475
:1085100065721F6C6F63616C45701F72656D6F745F
:108520006545701F65756936341F00436C6561725F
:1085300073207468652062696E64696E6720746177
:10854000626C652E005072696E74732074686520C9
:1085500062696E64696E67207461626C6520746F15
:108560002074686520636F6D6D616E64206C696E48
:10857000652E00436C6561727320616C6C207365BD
:10858000637572697479206B6579732E0044656C2C
:1085900065746520746865207370656369666965D4
:1085A00064206C696E6B206B657920696E646578F8
:1085B0002E005072696E747320616C6C2073656359
:1085C0007572697479206B6579732E005465726DCC
:1085D000696E6174657320746865206D756C74696B
:1085E0002D50485920696E74657266616365005547
:1085F00073656420746F207374617274206D756C80
:1086000074692D50485920696E746572666163659E
:10861000206F74686572207468616E206E61746981
:10862000766520616E6420666F726D2074686520C7
:108630006E6574776F726B2E205468652073746159
:10864000636B20757365732073616D652050616E77
:108650004964206173206E6174697665207261647B
:10866000696F206E6574776F726B2E00706167653D
:108670001F6368616E6E656C1F706F7765721F6F28
:108680007074696F6E734D61736B2028426974203A
:1086900030203D20526F757465727320616C6C6F71
:1086A0007765642C204269742031203D2042726F2E
:1086B00061646361737420616C6C6F776564291FFA
:1086C00000417474656D70747320746F2063686109
:1086D0006E676520746865206368696C64207469DE
:1086E0006D656F7574206F7074696F6E206D617346
:1086F0006B20746F2066696C746572206F757420CE
:10870000756E646573697261626C652076616C7503
:1087100065732028652E672E206E6F206D6F726541
:10872000207468616E20332064617973292E00748F
:10873000696D656F7574206F7074696F6E206D61FF
:10874000736B1F0053776974636865732062657487
:108750007765656E20646966666572656E74206B08
:1087600065657020616C697665206D6F6465732046
:10877000737570706F727465642062792061207205
:108780006F757465722E004B65657020616C69763B
:1087900065206D6F64651F005072696E747320747C
:1087A00068652063757272656E74204E6F64652013
:1087B00049442C2045554936342C20616E642050A4
:1087C000616E2049442E00496E697469616C697A52
:1087D00065732061206E6574776F726B3B207468DF
:1087E00069732069732061207465737420636F6DF1
:1087F0006D616E64207573656420666F72207463AA
:108800002D737761702D6F75742074657374696E44
:10881000672E005365747320746865206E657477E5
:108820006F726B20696E6465782075736564206271
:108830007920616C6C2066757475726520434C49B3
:1088400020636F6D6D616E64732E20204265666FCC
:10885000726520657865637574696E672061204371
:108860004C4920636F6D6D616E642C2074686520C7
:108870006672616D65776F726B2073776974636878
:10888000657320746F2074686973206E6574776FE8
:10889000726B2E20204166746572207468652063B7
:1088A0006F6D6D616E642066696E697368657320B3
:1088B000657865637574696E672C207468652066D9
:1088C00072616D65776F726B207377697463686529
:1088D00073206261636B20746F207468652070720E
:1088E0006576696F7573206E6574776F726B2E2075
:1088F0002054686520434C49207573657320746863
:10890000652073616D65206E6574776F726B206989
:108910006E64657820756E74696C20746865206477
:10892000657669636520726573657473206F722064
:108930006974206973206368616E67656420746878
:10894000726F756768207468697320636F6D6D61FD
:108950006E642E00417474656D70747320746F20A2
:108960006368616E676520646576696365206F760C
:10897000657220746F206120646966666572656E39
:1089800074206368616E6E656C20676976656E2021
:10899000696E20746865206368616E6E656C206125
:1089A0007267756D656E742E00546865206368612A
:1089B0006E6E656C20746F206368616E67652074ED
:1089C0006F1F0066696E64556E7573656450616EE5
:1089D00049640066696E644A6F696E61626C654ED7
:1089E0006574776F726B005065726D697473206A7D
:1089F0006F696E696E67206F6E20746865206E65A2
:108A000074776F726B20666F72206120676976657C
:108A10006E206E756D626572206F66207365636F80
:108A20006E647320414E442062726F6164636173AF
:108A300074732061205A444F204D676D7420506537
:108A4000726D6974204A6F696E696E672072657114
:108A50007565737420746F20616C6C20726F75740F
:108A60006572732E00412073696E676C65206279B0
:108A7000746520696E6469636174696E6720686FEC
:108A800077206C6F6E672074686520646576696313
:108A9000652073686F756C64206861766520706509
:108AA000726D6974206A6F696E696E672074757281
:108AB0006E6564206F6E20666F722E204120766195
:108AC0006C7565206F662030786666207475726EEE
:108AD00073206F6E207065726D6974206A6F696EA5
:108AE00020696E646566696E6974656C792E1F0015
:108AF000436865636B73206E6574776F726B20706B
:108B00006A6F696E207374617475732E0057726991
:108B10007465732074686520657874656E64656437
:108B20002070616E20494420666F72207468652051
:108B30006465766963652E0065787470616E69643A
:108B40001F0052656A6F696E7320616E20657869D7
:108B50007374696E67206E6574776F726B20696ECF
:108B6000206120736563757265206F7220696E7372
:108B70006563757265206D616E6E657220776974CC
:108B800068206120646966666572656E742064653C
:108B90007669636520747970652E00426F6F6C652D
:108BA000616E206E6574776F726B206B65792061E2
:108BB0007661696C6162696C6974791F4368616E82
:108BC0006E656C206D61736B1F416E20656E756DF7
:108BD00065726174696F6E20696E6469636174693E
:108BE0006E672074686520646576696365207479B2
:108BF000706520746F2072656A6F696E2061732ED4
:108C000054686520737461636B206F6E6C792061AA
:108C100063636570747320454D4245525F454E4411
:108C20005F44455649434520616E6420454D4245A9
:108C3000525F534C454550595F454E445F4445563D
:108C40004943452E1F0052654A6F696E73206120AB
:108C50006E6574776F726B2E00426F6F6C65616E1C
:108C6000206E6574776F726B206B65792061766119
:108C7000696C6162696C6974791F4368616E6E65C5
:108C80006C206D61736B1F004C65617665732061AC
:108C9000206E6574776F726B2E005475726E732040
:108CA0007065726D6974206A6F696E696E67206F96
:108CB0006E20666F722074686520616D6F756E74CA
:108CC000206F662074696D6520696E6469636174E4
:108CD00065642E00412073696E676C65206279744B
:108CE0006520696E6469636174696E6720686F7777
:108CF000206C6F6E672074686520646576696365B3
:108D00002073686F756C6420686176652070657289
:108D10006D6974206A6F696E696E67207475726E12
:108D2000206F6E20666F722E20412076616C756513
:108D3000206F662030786666207475726E732070BE
:108D400065726D6974206A6F696E20696E6465660C
:108D5000696E6974656C792E1F004A6F696E7320A5
:108D600061206E6574776F726B206F6E2061206773
:108D70006976656E206368616E6E656C2C2077691C
:108D80007468206120676976656E20545820506FA2
:108D900077657220616E642050414E2049442E0058
:108DA000546865206368616E6E656C206F6E207715
:108DB0006869636820746F206A6F696E20746865E3
:108DC000206E6574776F726B1F4F6E652D627974BC
:108DD00065207369676E65642076616C75652069CE
:108DE0006E6469636174696E6720746865205458A5
:108DF00020506F77657220746861742074686520F4
:108E0000726164696F2073686F756C64206265209D
:108E100073657420746F1F5468652050414E20495B
:108E200044206F6E20776869636820746F206A6FD2
:108E3000696E20746865206E6574776F726B1F00B1
:108E4000466F726D732061206E6574776F726B2050
:108E50006F6E206120676976656E206368616E6E53
:108E6000656C2C2077697468206120676976656E6F
:108E700020545820506F77657220616E64205041F5
:108E80004E2049442E00546865206368616E6E650B
:108E90006C206F6E20776869636820746F20666F3E
:108EA000726D20746865206E6574776F726B1F4FEA
:108EB0006E652D62797465207369676E65642076CE
:108EC000616C756520696E6469636174696E6720A1
:108ED00074686520545820506F77657220746861FB
:108EE000742074686520726164696F2073686F759F
:108EF0006C642062652073657420746F1F5468650C
:108F00002050414E204944206F6E20776869636885
:108F100020746F20666F726D20746865206E6574B2
:108F2000776F726B1F0054686973207365747320C8
:108F30007468652074686520616D6F756E74206F4C
:108F4000662074696D65206265747765656E20734F
:108F5000756273657175656E7420747275737420B3
:108F600063656E746572206C696E6B206B65792029
:108F70007570646174657320696E206D696C6C69CD
:108F80007365636F6E64732E0054686520616D6F46
:108F9000756E74206F662074696D652062657477E4
:108FA00065656E2073756273657175656E74207486
:108FB000727573742063656E746572206C696E6B74
:108FC000206B6579207570646174657320696E200B
:108FD0006D696C6C697365636F6E64731F005375A4
:108FE000627472616374732061206368616E6E6580
:108FF0006C2066726F6D2065697468657220746894
:1090000065207072696D617279206F72207365637B
:109010006F6E64617279206368616E6E656C206D3D
:1090200061736B206F6620746865206E6574776F5E
:10903000726B2D7374656572696E6720636F6D70F6
:109040006F6E656E742E00546865206368616E6E85
:10905000656C206D61736B20746F20737562747220
:1090600061637420746865206368616E6E656C204E
:1090700066726F6D1F546865206368616E6E656C03
:1090800020746F20737562747261637420746865F4
:10909000206D61736B2066726F6D1F004164647395
:1090A0002061206368616E6E656C20746F20656955
:1090B0007468657220746865207072696D61727978
:1090C000206F72207365636F6E64617279206368CC
:1090D000616E6E656C206D61736B206F66207468C5
:1090E00065206E6574776F726B2D73746565726938
:1090F0006E6720636F6D706F6E656E742E005468BE
:1091000065206368616E6E656C206D61736B2074A1
:109110006F206164642061206368616E6E656C20FD
:10912000746F1F546865206368616E6E656C20748F
:109130006F2061646420746F20746865206D6173B2
:109140006B1F0053657473206569746865722074C1
:109150006865207072696D617279206F7220736525
:10916000636F6E64617279206368616E6E656C20F6
:109170006D61736B2E00546865206368616E6E6567
:109180006C206D61736B20746F20737562747261F3
:10919000637420746865206368616E6E656C206618
:1091A000726F6D1F5468652076616C756520746FF1
:1091B0002073657420746865206368616E6E656CE9
:1091C000206D61736B20746F2E1F005365747320C4
:1091D000746865207072652D636F6E66696775725D
:1091E0006564206B657920736F20746861742074E6
:1091F0006865206A6F696E696E6720646576696369
:10920000652063616E20656E7465722074686520E8
:109210006E6574776F726B2E00536574732074687B
:109220006520707265636F6E66696775726564202C
:109230006B65791F0053746F707320746865206EBE
:109240006574776F726B207374656572696E6720E1
:1092500070726F636573732E005374617274732040
:10926000746865206E6574776F726B2073746565C2
:1092700072696E672070726F636573732E00412090
:109280006D61736B206F66206F7074696F6E7320F1
:10929000666F7220696E6469636174696E672073BA
:1092A00070656369666963206265686176696F727B
:1092B0002077697468696E20746865206E657477BC
:1092C0006F726B2D7374656572696E672070726F53
:1092D000636573732E1F00446973706C617973202A
:1092E0007468652063757272656E7420737461743E
:1092F0007573206F6620746865206E6574776F7271
:109300006B207374656572696E672070726F636538
:1093100073732E00456E61626C652F6469736162C0
:109320006C6520646562756720606C656761637950
:1093300020617070206672616D65776F726B20645A
:109340006562756760207072696E742074797065EB
:109350002E00456E61626C652F64697361626C6595
:109360001F00456E61626C652F64697361626C6594
:1093700020646562756720607A636C602070726932
:109380006E7420747970652E00456E61626C652F75
:1093900064697361626C65206465627567206061F1
:1093A000707060207072696E7420747970652E0020
:1093B000456E61626C652F64697361626C652064DF
:1093C000656275672060636F726560207072696E98
:1093D0007420747970652E00456E61626C652F642F
:1093E000697361626C65206465627567206073747F
:1093F00061636B60207072696E7420747970652E81
:109400000053656E647320612072657175657374B5
:1094100020666F72204F544120636F756E746572C1
:10942000732E0052657365747320616C6C207468D0
:10943000726573686F6C64732076616C75657320F8
:10944000746F203078464646462E0053657473206C
:1094500061207468726573686F6C642076616C75E6
:109460006520666F72206120706172746963756C2B
:1094700061722074797065206F6620636F756E74F9
:1094800065722E0054797065206F6620636F756E6B
:109490007465721F5468726573686F6C64205661DE
:1094A0006C75651F005072696E7473207468652056
:1094B0007468726573686F6C6473206F6620616C8A
:1094C0006C2074686520636F756E746572732E000E
:1094D000436C6561727320616C6C20636F756E7490
:1094E00065722076616C7565732E005072696E74BA
:1094F0007320616C6C20636F756E74657220766189
:109500006C7565732E005072696E74732074686593
:109510002076616C7565206F6620746869732070B1
:109520006172746963756C617220636F756E7465C6
:10953000722E0054686520636F756E7465722074B6
:1095400079706520746F207072696E741F0050729C
:10955000696E747320616C6C20636F756E746572D4
:109560002076616C75657320616E6420636C656143
:109570007273207468656D2E00536574204D4647E4
:1095800020746F6B656E2C2043414E4E4F54204229
:109590004520554E53455420425920434C492E00F6
:1095A0005072696E74204D464720746F6B656E2E45
:1095B000005072696E742061637469766520657607
:1095C000656E74732E0044697361626C6520746803
:1095D0006520656E64706F696E7420666F72205AC4
:1095E000434C206D657373616765732E00456E642F
:1095F000706F696E7420696E6465781F00456E61D6
:10960000626C65732074686520656E64706F696E46
:109610007420666F72205A434C206D6573736167C6
:1096200065732E005072696E742073746174757363
:10963000206F6620656E64706F696E74732E0053C0
:10964000686F7773207468652076657273696F6ED2
:10965000206F662074686520736F66747761726529
:109660002E005365742074686520636F6E666967A9
:1096700075726564203830322E31352E34204343E4
:1096800041206D6F646520696E2074686520726189
:1096900064696F2E2053656520646F63756D656E18
:1096A000746174696F6E20726567617264696E6758
:1096B000205241494C5F49454545383032313534B7
:1096C0005F4363614D6F64655F742E0041205241BA
:1096D000494C5F494545453830323135345F436345
:1096E000614D6F64655F742076616C75651F005213
:1096F000657475726E732050544920726164696F8D
:1097000020636F6E66696720696E666F726D617443
:10971000696F6E20746F2064657465726D696E6523
:1097200020746865205048592074797065206265FE
:10973000696E672075736564206279205241494CD7
:109740002E2072657475726E2076616C7565206965
:109750007320656E756D205241494C5F4945454502
:109760003830323135345F507469526164696F4307
:109770006F6E6669675F7420652E672020524149CD
:109780004C5F494545453830323135345F50544996
:109790005F524144494F5F434F4E4649475F325005
:1097A0003447485A203D20307830305520524149C6
:1097B0004C5F494545453830323135345F50544966
:1097C0005F524144494F5F434F4E4649475F3250D5
:1097D0003447485A5F414E54444956203D20307822
:1097E000303155205241494C5F494545453830326A
:1097F0003135345F5054495F524144494F5F434FC4
:109800004E4649475F32503447485A5F434F4558A8
:10981000203D203078303255205241494C5F494537
:1098200045453830323135345F5054495F524144F8
:10983000494F5F434F4E4649475F32503447485A7D
:109840005F414E544449565F434F4558203D2030B8
:10985000783033550053656E647320612072656102
:1098600064206174747220666F722074686520745D
:10987000696D65206F66207468652064657669632C
:1098800065207370656369666965642E204974207C
:1098900073657473206120666C616720736F207735
:1098A00068656E206974206765747320746865202C
:1098B000726573706F6E7365206974207772697456
:1098C0006573207468652074696D6520746F206904
:1098D0007473206F776E2074696D65206174747283
:1098E0002E0049641F737263456E64706F696E74F5
:1098F0001F64657374456E64706F696E741F0057E2
:1099000068656E2073656E64696E67207573696E35
:109910006720612062696E64696E672C20737065D0
:10992000636966696573207768657468657220612C
:10993000206D756C7469636173742062696E64690B
:109940006E672073686F756C64206265207573653F
:10995000642E007573654D756C7469636173744230
:10996000696E64696E671F0053656E6473206120C1
:109970007072652D6275666665726564206D756CC2
:10998000746963617374206D6573736167652074B6
:109990006F206120676976656E2067726F75702031
:1099A00049442066726F6D206120676976656E207C
:1099B000656E64706F696E742E0067726F757049A2
:1099C000641F7372632D656E64706F696E741F001F
:1099D000437265617465732061206D65737361679F
:1099E000652062792073706563696679696E6720A6
:1099F000746865207261772062797465732E2055D2
:109A00007365207468652073656E6420636F6D6D87
:109A1000616E6420746F2073656E642074686520C5
:109A20006D657373616765206F6E6365206974206F
:109A3000686173206265656E206372656174656438
:109A40002E2045783A2072617720307830303046C9
:109A5000207B3030203041203030203131203232F4
:109A60002033332034342035357D2073656E6473A4
:109A70002061206D65737361676520746F20636C6E
:109A80007573746572203135202830783030304657
:109A900029206F66206C656E6774682038207768AF
:109AA00069636820696E636C7564657320746865AA
:109AB000205A434C206865616465722E00436C75C2
:109AC0007374657249641F446174611F0052657349
:109AD00065747320746865206E6F64652E0057721C
:109AE000697465732061206D6573736167652E000D
:109AF000456E64706F696E741F436C757374657224
:109B00002049441F41747472696275746520494428
:109B10001F4D61736B1F4461746120747970651F00
:109B20004461746120627974651F005265616473D9
:109B30002061206D6573736167652E00456E6470EA
:109B40006F696E741F436C75737465722049441F8E
:109B50004174747269627574652049441F312069CB
:109B600066207365727665722064697265637469D4
:109B70006F6E2C203020696620636C69656E7420DE
:109B8000646972656374696F6E1F0053656E6473F8
:109B90002061206D6573736167652E004465737481
:109BA000696E6174696F6E1F536F757263652065AE
:109BB0006E64706F696E741F44657374696E61744E
:109BC000696F6E20656E64706F696E741F00536FED
:109BD0007572636520656E64706F696E741F004CEA
:109BE00069737473207768696368206F7074696F34
:109BF0006E616C206C6962726172696573206F6658
:109C00002074686520737461636B206172652069DC
:109C10006D706C656D656E746564206F6E20746820
:109C20006973206465766963652E005072696E748D
:109C30007320696E666F726D6174696F6E20616208
:109C40006F757420746865206E6574776F726B2011
:109C500073746174652C20636C7573746572732CF6
:109C600020616E6420656E64706F696E74732E007F
:109C7000536574206F7220636C6561722073746128
:109C800079206177616B65207768656E206E6F74EF
:109C9000206A6F696E656400536574206F7220637B
:109CA0006C65617220666F726365206177616B65B8
:109CB00000446973706C61792074686520736C6509
:109CC000657020737461747573000000F375030090
:109CD00034AD030000000000F875030024AD03005C
:109CE00000000000FD75030014AD0300000000003B
:109CF000FE75030004AD03000000000020DF030038
:109D0000F0AC03000000000013DF0300DCAC030034
:109D100000000000C7730300CCAC0300000000008B
:109D200003760300BCAC03000000000007760300CC
:109D3000ACAC030000000000167603009CAC0300EE
:109D400000000000337603008CAC0300000000002C
:109D50003C7603007CAC0300000000005176030059
:109D60006CAC030000000000617603005CAC0300F3
:109D700000000000697603001CAC03000000000036
:109D800014F10300E4A50300000000007076030056
:109D900024A50300000000007976030028A4030036
:109DA00000000000867603001CA3030000000000F2
:109DB00022D90300F4A10300000000008D76030007
:109DC000F4A103000100000091760300B4A1030098
:109DD000000000009676030078A003000000000059
:109DE0003DB1030078A00300010000008676030067
:109DF0001CA30300000000009D7603001CA30300C9
:109E000001000000A276030044A00300000000004F
:109E1000AC76030044A0030001000000B476030008
:109E2000749E0300000000008DC90300409E0300E3
:109E30000000000000000000000000000000000022
:109E4000509E0300B87603007FB10300FE000000BF
:109E5000D076030074A60300000000009B7103008D
:109E600064A60300000000000000000000000000E5
:109E700000000000849E0300D57603007FB103003C
:109E8000FE000000EB760300F4A7030000000000D2
:109E9000F1760300E4A7030000000000F77603005A
:109EA000D4A703000000000000770300C4A703004C
:109EB000000000000A770300B4A7030000000000C0
:109EC000DFC403007CA7030000000000F2CD030004
:109ED00068A70300000000001077030058A70300E4
:109EE00000000000CCC9030048A7030000000000E8
:109EF0001577030038A70300000000001C7703005B
:109F000028A70300000000002177030018A7030022
:109F1000000000002577030010A0030000000000EF
:109F20002C770300B89F0300000000003477030083
:109F3000849F03000000000040770300509F03004F
:109F40000000000000000000000000000000000011
:109F5000609F03004B7703007FB10300FE00000009
:109F60006C77030094A603000000000026E80300BD
:109F700084A60300000000000000000000000000B4
:109F800000000000949F0300707703007FB103007E
:109F9000FE0000006C770300B4A603000000000080
:109FA00026E80300A4A60300000000000000000053
:109FB0000000000000000000C89F0300927703002B
:109FC0007FB10300FE000000B077030004A7030088
:109FD00000000000917A0300F4A6030000000000D6
:109FE000BF770300E4A6030000000000C47703006D
:109FF000D4A6030000000000CB770300C4A6030032
:10A000000000000000000000000000000000000050
:10A0100020A00300D07703007FB10300FE00000002
:10A0200089710300A0A7030000000000ED77030082
:10A030008CA70300000000000000000000000000EA
:10A040000000000054A00300F57703007FB1030077
:10A05000FE0000001178030034A803000000000097
:10A0600022D9030024A80300000000000000000023
:10A07000000000000000000088A003001678030024
:10A080007FB10300FE0000002F780300E4A8030066
:10A090000000000038780300D4A80300000000008E
:10A0A0003F780300C4A803000000000011780300FB
:10A0B00014A80300000000004478030004A8030073
:10A0C000000000005178030074A1030000000000AC
:10A0D0005F78030040A10300000000006D780300DA
:10A0E00000A10300000000007076030024A5030017
:10A0F0000000000000000000000000000000000060
:10A1000010A10300767803007FB10300FE00000079
:10A11000FEAD0300B4A80300000000000FAE030072
:10A12000A4A80300000000009478030094A8030092
:10A13000000000000000000000000000000000001F
:10A1400050A103009C7803007FB10300FE000000D3
:10A15000C678030004A9030000000000CD780300C6
:10A16000F4A8030000000000000000000000000050
:10A170000000000084A10300D57803007FB1030034
:10A18000FE0000008DC9030038A903000000000094
:10A1900026E8030028A9030000000000917A0300CC
:10A1A00014A90300000000000000000000000000EF
:10A1B00000000000C4A10300F57803007FB1030094
:10A1C000FE0000008DC9030068A903000000000024
:10A1D0001579030058A903000000000026E80300D9
:10A1E00048A903000000000000000000000000007B
:10A1F0000000000004A203001C7903007FB10300EB
:10A20000FE000000367903009CAA03000000000055
:10A21000DEE703008CAA0300000000006979030058
:10A220007CAA0300000000000A7703006CAA030068
:10A2300000000000F9E703005CAA03000000000032
:10A240003B7903004CAA030000000000537903008F
:10A250003CAA0300000000005C7903002CAA030064
:10A2600000000000637903001CAA03000000000046
:10A270006F790300ECA9030000000000917A03004D
:10A28000DCA90300000000007E790300CCA90300D4
:10A290000000000059790300BCA903000000000081
:10A2A00083790300ACA90300000000009A79030041
:10A2B0009CA9030000000000AE79030088A90300F8
:10A2C00000000000BE79030078A903000000000030
:10A2D000CD790300E8A203000000000000000000A8
:10A2E0000000000000000000F8A20300D279030083
:10A2F0007FB10300FE000000E97903000CAA03000F
:10A3000000000000F2790300FCA903000000000037
:10A310000000000000000000000000002CA303006B
:10A320007FB103007FB10300FE000000F979030054
:10A3300024A6030000000000047A0300A8A4030080
:10A34000000000000D7A030090A30300000000004D
:10A350001E7A030068A30300000000000000000054
:10A36000000000000000000078A30300317A030021
:10A370007FB10300FE000000557A0300ACAA030081
:10A3800000000000000000000000000000000000CD
:10A39000A0A303005B7A03007FB10300FE0000006E
:10A3A00074D903001CAB030000000000B87903005F
:10A3B0000CAB030000000000C8790300FCAA0300F6
:10A3C000000000007E7A0300ECAA030000000000F9
:10A3D000BA770300E8A303000000000000000000BB
:10A3E0000000000000000000F8A30300957A0300BD
:10A3F0007FB10300FE000000917A0300DCAA030095
:10A40000000000006C770300CCAA030000000000ED
:10A41000AB7A0300BCAA03000000000000000000AB
:10A42000000000000000000038A403007FB103001A
:10A430007FB10300FE000000B47A030050A40300C3
:10A44000000000000000000000000000000000000C
:10A4500060A403007FB103007FB10300FE00000091
:10A46000C07A03006CAB030000000000B5F30300EA
:10A470005CAB030000000000C67A03004CAB030095
:10A4800000000000CA7A03003CAB0300000000009B
:10A49000CE7A03002CAB0300000000000000000097
:10A4A0000000000000000000B8A40300DE7A0300F2
:10A4B0007FB10300FE0000008DC90300ECAB030078
:10A4C00000000000F97A0300DCAB0300000000008C
:10A4D0000C7B0300CCAB03000000000026E8030067
:10A4E000BCAB030000000000197B0300ACAB030011
:10A4F000000000002A7B03009CAB0300000000006A
:10A50000387B03008CAB030000000000497B030094
:10A510007CAB030000000000000000000000000011
:10A520000000000034A50300567B03007FB1030048
:10A53000FE000000707B030064A803000000000020
:10A54000A37B030054A8030000000000DE7B03008F
:10A5500044A8030000000000F57B0300B0A5030041
:10A5600000000000FF7B03007CA50300000000004A
:10A570000000000000000000000000008CA50300A7
:10A58000037C03007FB10300FE000000FEAD03006A
:10A5900084A80300000000000FAE030074A80300AD
:10A5A00000000000000000000000000000000000AB
:10A5B000C0A50300227C03007FB10300FE00000061
:10A5C0003B7803000CAC030000000000917A03000C
:10A5D000FCAB0300000000000000000000000000D1
:10A5E00000000000F4A50300357C03007FB10300E8
:10A5F000FE0000008DC903004CAC03000000000009
:10A60000C67803003CAC030000000000CD780300D6
:10A610002CAC03000000000000000000000000005F
:10A620000000000034A60300507C03007FB103004B
:10A63000FE00000074D9030064AD030000000000B8
:10A64000827C030054AD0300000000008E7C0300F8
:10A6500044AD030000000000000000000000000006
:10A660000000000013060300A47C03007FB1030078
:10A67000FF0000000F060300B17C03007FB1030060
:10A68000FF000000CDD80000C37C03007FB10300B1
:10A69000FF00000069D80000F07C0300B8840300CC
:10A6A00001FF0000CDD80000307D03007FB1030022
:10A6B000FF00000069D800005E7D0300B88403003D
:10A6C00001FF000001D900009F7D0300C07D030051
:10A6D00000FF000001D90000C97D0300267E0300B1
:10A6E0000000FF008DD90000347E03004D7E030082
:10A6F000010001FFF9D90000727E0300B47E03005F
:10A700000102FF008DD90000CA7E0300F97E03001C
:10A7100001000102FF0000004DD700002A7F030066
:10A72000667F030007FF00006DD700006C7F030009
:10A730009F7F030001FF000081D70000A77F030077
:10A74000F77F03000100FF00A9DB00000C8003007D
:10A750005D8003000101FF00B1D700006D800300A0
:10A76000A780030001FF0000DDD70000AF800300D9
:10A77000F8800300010000010707FF0029DA00004C
:10A780004A8103009F7F030001FF000031DB0000CE
:10A7900092810300D6810300010700010700FF003A
:10A7A000710603002B820300718203000107000180
:10A7B00001FF0000B1DA0000AD820300E88203006F
:10A7C000010000FF81DA0000068303004A830300D2
:10A7D0000100FF0051DA00005D8303004A8303009B
:10A7E0000100FF0001DB00009C830300A780030041
:10A7F00001FF000071DB0000D78303000884030021
:10A800000100FF0049C500007FB10300168403006A
:10A81000000707FFE1C400007FB103002F8403009D
:10A82000000707FF39CA00007FB103003B84030023
:10A8300007FF000039CA00007FB103003B8403001A
:10A8400007FF000015CA00007FB103004084030029
:10A850000000FF00F5C900007FB1030034E20300EF
:10A8600001FF0000BDC900007FB103007884030030
:10A8700000FF0000C1C400007FB103007FB10300EE
:10A88000FF000000C1C400007FB103007FB10300DE
:10A89000FF000000C10503007FB103007FB103008A
:10A8A000FF000000C10503007FB103007FB103007A
:10A8B000FF000000C10503007FB103007FB103006A
:10A8C000FF00000091C400007FB10300AE840300CC
:10A8D0000101FF007DC400007FB10300C3840300B9
:10A8E00001FF0000BD0503007FB103007FB103003D
:10A8F000FF00000045C40000A47803007FB10300FE
:10A90000FF00000045C40000CD8403007FB10300B8
:10A91000FF000000D9C50000EE8403000585030098
:10A920000001000007FF0000B90503002B850300AC
:10A930007FB10300FF00000041C300004585030014
:10A940007FB10300FF0000000D06030073850300C4
:10A950007FB10300FF000000FF0503008D850300A9
:10A960000F84030000FF00000DCD0000B28503003E
:10A970007FB10300FF00000015C20000CC8503007A
:10A980007FB10300FF000000A9C10000EF850300B4
:10A990006C86030000000310FF00000085C2000069
:10A9A000C18603002F87030001FF000059C2000089
:10A9B000448703008787030000FF00006DC100008B
:10A9C000988703007FB10300FF000000B705030074
:10A9D000C78703007FB10300FF00000049C10000EA
:10A9E000138803000F84030000FF000015C100005E
:10A9F00054890300A989030000FF0000F9C000008A
:10AA0000C38903007FB10300FF000000DDC0000028
:10AA1000D38903007FB10300FF000000A7050300F6
:10AA2000E7890300658A030000FF0000ADC0000055
:10AA3000F08A03007FB10300FF00000069C000003E
:10AA40000D8B0300388B030007FF00002DC00000B2
:10AA5000428B03009B8B0300000500FFE5BF000055
:10AA6000468C0300598C03000002FF00C1BF0000A8
:10AA7000888C03007FB10300FF000000A7050300DE
:10AA80009A8C0300D48C030000FF000055BF000027
:10AA90005A8D0300A08D0300000301FF45BF000095
:10AAA000408E0300868E0300000301FFCF0D0300DC
:10AAB000268F0300898F030002FF0000CDE3000012
:10AAC000DE8F0300479003000000FF00CDE300008D
:10AAD0009C900300FE9003000000FF006DE4000066
:10AAE00043910300769103000002FF00C9E50000D6
:10AAF000CB9103001992030007FF0000A1E50000BD
:10AB0000359203007FB10300FF000000B5E30000B1
:10AB1000599203007E92030000FF0000C1E4000090
:10AB2000D79203007FB10300FF000000930D0300E4
:10AB3000149303005293030000FF00008D0D0300E7
:10AB4000629303005293030000FF0000870D03008F
:10AB5000899303005293030000FF0000810D03005E
:10AB6000B09303005293030000FF00007B0D03002D
:10AB7000D89303005293030000FF0000630D03000D
:10AB8000019403007FB10300FF000000690D030082
:10AB9000239403007FB10300FF000000F9E00000F0
:10ABA0004B940300849403000001FF0025E10000A2
:10ABB000A59403007FB10300FF000000650D0300B2
:10ABC000D09403007FB10300FF0000005F0D03007D
:10ABD000EB9403007FB10300FF000000B5E000002C
:10ABE000069503003395030000FF0000510D03009C
:10ABF0004E9503007FB10300FF0000008DCA0000E6
:10AC0000799503007FB10300FF0000008DCA0000AA
:10AC1000A09503007FB10300FF00000035BF0000D6
:10AC2000B19503007FB10300FF00000001BF0000E9
:10AC3000C6950300ED95030000FF000001BF000072
:10AC4000FD950300ED95030000FF000099BE000094
:10AC5000249603007FB10300FF0000009F0503005E
:10AC60003F9603007FB10300FF000000F9BA000027
:10AC700062960300CC96030000FF0000D9BA0000E2
:10AC8000EF9603007FB10300FF00000059D60000DB
:10AC900055980300E2980300010000FF49D5000029
:10ACA000FF9803005399030000FF00007DD50000CA
:10ACB00068990300BA9903000100FF00E9D400007D
:10ACC000D0990300BD9A03000107FF00A30503000C
:10ACD000CD9A03007FB10300FF000000F1CE000019
:10ACE000DE9A0300F09A0300000101000007FF0054
:10ACF000E1CD00002B9B03003C9B03000001010001
:10AD0000FF0000007DD500008B9B03009C9B03008F
:10AD1000010000FF59CD00008B9B0300CE9B030078
:10AD200000FF0000791B0100DF9B03007FB10300DF
:10AD3000FF0000002DBB00002B9C03007FB103002F
:10AD4000FF00000051E00000709C0300BF8603007C
:10AD500000FF00001DE00000989C0300BF86030078
:10AD600000FF0000CDDF0000B19C03007FB10300B5
:10AD7000FF434C4920696E7374616E63652065788A
:10AD8000616D706C6500000001000000981B0020E0
:10AD9000050000000000000000C2010000050000E6
:10ADA0000010000000000000000000005A434C208A
:10ADB000636F6D6D616E64730062617369630067D8
:10ADC0006C6F62616C006D66672D636F6465007502
:10ADD00073652D6E6578742D73657175656E636529
:10ADE00000782D64656661756C742D7265737000F2
:10ADF000746573742D726573706F6E73652D6F6EED
:10AE000000746573742D726573706F6E73652D6F4A
:10AE10006666005A434C20626173696320636C75F7
:10AE20007374657220636F6D6D616E64730072740C
:10AE3000666400436F6D6D616E6420746861742098
:10AE400072657365747320616C6C206174747269CF
:10AE5000627574652076616C75657320746F206609
:10AE60006163746F72792064656661756C742E001D
:10AE7000CA7A0300B41100200000000000000000A6
:10AE80000000000000000000B9AD0300F4AE0300B4
:10AE900000000000BFAD0300ACE5030000000000AF
:10AEA000C6AD03007CE70300000000009B710300B7
:10AEB0006CE7030000000000CFAD03005CE7030077
:10AEC00000000000E1AD03004CE7030000000000BB
:10AED000F0AD03003CE703000000000001AE0300FA
:10AEE0002CE703000000000000000000000000004C
:10AEF0000000000004AF030013AE03007FB10300A5
:10AF0000FE0000002EAE03001CAF03000000000096
:10AF100000000000000000000000000025F002001A
:10AF200033AE03007FB10300FF00000013B779FACE
:10AF3000C925DDB7ADF3CFE0F1B614B801020000CA
:10AF400000000000FFFFFFFF010000000100000003
:10AF500000000000000000000000000000000000F1
:10AF600000000000000000000000000000000000E1
:10AF70000000000000000000000000001E000003B0
:10AF800089F2020085F2020063F2020061F202001F
:10AF9000FD66000093F20200C16600002C00000074
:10AFA00002080911080001023E2000556E6B6E6F09
:10AFB000776E206572726F72004D6178696D756D84
:10AFC000206E756D626572206F6620617267756DA7
:10AFD000656E7473206578636565646564005468A4
:10AFE0006520617267756D656E74206973206E6F80
:10AFF0007420666F726D617474656420636F727221
:10B000006563746C7900496E636F72726563742056
:10B01000617267756D656E74207479706500496E34
:10B02000636F7272656374206E756D626572206FF6
:10B030006620617267756D656E7473004E6F206374
:10B040006F6D6D616E6420666F756E640000000048
:10B050007FB10300ABAF0300ABAF0300ABAF0300A6
:10B06000ABAF0300ABAF0300ABAF0300ABAF03006C
:10B07000ABAF0300ABAF0300ABAF0300ABAF03005C
:10B08000ABAF0300ABAF0300ABAF0300ABAF03004C
:10B09000ABAF0300ABAF0300ABAF0300ABAF03003C
:10B0A000ABAF0300ABAF0300ABAF0300ABAF03002C
:10B0B000ABAF0300ABAF0300ABAF0300ABAF03001C
:10B0C000ABAF0300ABAF0300B9AF0300ABAF0300FE
:10B0D000ABAF0300DEAF0300ABAF0300ABAF0300C9
:10B0E000ABAF0300ABAF030006B00300ABAF030090
:10B0F000ABAF0300ABAF0300ABAF03001EB0030068
:10B10000ABAF03003CB0030075696E743136007557
:10B11000696E743800756E6B6E6F776E0077696C50
:10B120006463617264006865786F70740073747230
:10B13000696E676F70740075696E7433326F707406
:10B140000075696E7431366F70740075696E74388D
:10B150006F70740068657800737472696E6700754B
:10B16000696E743332002A002E2E2E200068656C22
:10B1700070000A25730A25732573002573200800C3
:10B180000B0000000B000000020000000000202067
:10B1900000000000030000008C8C3C000000000058
:10B1A0000000000000000000433A2F5573657273E1
:10B1B0002F74617373696F2E73616E746F732F5385
:10B1C000696D706C696369747953747564696F2F04
:10B1D00053444B732F6765636B6F5F73646B2F70A2
:10B1E0006C6174666F726D2F736572766963652F1B
:10B1F0006C65676163795F68616C2F7372632F623E
:10B200006173652D7265706C6163656D656E742E1A
:10B2100063002573203D2025346C780052657365EA
:10B22000742063617573653A205761746368646F55
:10B230006720657870697265642C206E6F20726576
:10B240006C6961626C6520657874726120696E66F4
:10B250006F726D6174696F6E0A0052657365742058
:10B2600063617573653A205761746368646F672022
:10B27000636175676874207769746820656E6861BA
:10B280006E63656420696E666F0A00496E7374723E
:10B29000756374696F6E20616464726573733A20BC
:10B2A00025346C780A005265736574206361757388
:10B2B000653A204173736572742025733A256C6476
:10B2C0000A0052657365742063617573653A20489E
:10B2D000617264204661756C740A00484653522EB0
:10B2E0005645435454424C3A206572726F72207234
:10B2F000656164696E6720766563746F722074613E
:10B30000626C6520666F7220616E2065786365707F
:10B3100074696F6E0A00484653522E464F52434599
:10B32000443A20636F6E666967757261626C65206E
:10B330006661756C7420636F756C64206E6F742029
:10B3400061637469766174650A00484653522E44FD
:10B35000454255474556543A206661756C742072D3
:10B36000656C6174656420746F2064656275672024
:10B370002D20652E672E2C206578656375746564B5
:10B3800020424B50540A0052657365742063617506
:10B3900073653A204D656D6F7279204D616E6167FE
:10B3A000656D656E74204661756C740A00496C6C3D
:10B3B0006567616C206163636573732061646472A7
:10B3C0006573733A2025346C780A00434653522E35
:10B3D00025730A0052657365742063617573653A5D
:10B3E00020427573204661756C740A004164647272
:10B3F000657373206973206F6620616E20696E73B8
:10B400007472756374696F6E206166746572206210
:10B410007573206661756C74206F636375727265F5
:10B42000642C206E6F742074686520636175736589
:10B430002E0A00434653522E286E6F6E6529206CEB
:10B440006F6164206F722073746F72652061742065
:10B45000616E20696C6C6567616C20616464726503
:10B4600073730A0052657365742063617573653A7E
:10B47000205573616765204661756C740A005265DA
:10B480007365742063617573653A204465627567FE
:10B49000204D6F6E69746F72204661756C740A007E
:10B4A0006D61696E005468726561640048616E6424
:10B4B0006C6572002573206D6F6465207573696E0D
:10B4C0006720257320737461636B202825346C78A2
:10B4D00020746F2025346C78292C205350203D2077
:10B4E00025346C780A00257520627974657320759F
:10B4F0007365642028257525252920696E2025730C
:10B5000020737461636B20286F7574206F6620252B
:10B510007520627974657320746F74616C290A00F8
:10B520005350206973206F757473696465202573A7
:10B5300020737461636B2072616E6765210A004934
:10B540006E74657272757074732061637469766568
:10B5500020286F72207072652D656D70746564208F
:10B56000616E6420737461636B6564293A0A004EEE
:10B570006F20696E74657272757074732061637484
:10B580006976650A000D0A5B4153534552543A25CA
:10B59000733A25645D0D0A00554E4B00474F20005D
:10B5A00042544C00474F3200474F3300474F34005E
:10B5B000474F3500474F3600474F3700474F380059
:10B5C000474F3900474F4100474F4200474F430024
:10B5D000474F4400474F4500474F46004A4D5000F3
:10B5E000424452005550520042544D004D534D00BC
:10B5F00046544C00554E4B00474F200042544C00DF
:10B600004241440046544C00465243004F544100CE
:10B6100044534C00554E4B0050494E00454D3400AC
:10B62000554E4B0048562000554E4B004558500093
:10B630004C574D00554E4B005242540044534C0061
:10B64000454D3400554E4B0041535400554E4B0070
:10B6500056465900494E4800554E4B004C434B004E
:10B6600058544C004F424600554E4B00485244003F
:10B670004D454D0042555300555347004442470045
:10B68000444D410056435400554E4B005550200048
:10B6900052502000415030004150310041502000B4
:10B6A000445020004445430098B503009CB5030076
:10B6B000F4B5030014B6030020B6030028B6030057
:10B6C00034B6030044B603004CB6030058B603007A
:10B6D00068B6030088B60300554E4B004649420049
:10B6E00042544C00455854005057520057444700AC
:10B6F00020535700435253004653480042414400F0
:10B70000464C540042524F00010401030306010558
:10B71000010501090600060B0000070B050B0000E0
:10B720000000000000000000523000523100523290
:10B730000052330052340052350052360052370066
:10B7400052380052390052313000523131005231FA
:10B750003200523133284C5229004D53500050537F
:10B76000500050430078505352004D535020757391
:10B770006564005053502075736564004353544111
:10B78000434B20626F74746F6D00494353520053F2
:10B790004843535200494E545F4143544956453043
:10B7A00000494E545F414354495645310043465386
:10B7B0005200484653520044465352004D4D4152A8
:10B7C0002F424641520041465352005265743000A8
:10B7D0005265743100526574320052657433005200
:10B7E00065743400526574350044617430004461FE
:10B7F00074310000534554414D504552484F535405
:10B800005F4952516E0053454D4252585F49525163
:10B810006E0053454D4254585F4952516E00534D8E
:10B82000555F5345435552455F4952516E00534D44
:10B83000555F50524956494C454745445F4952511E
:10B840006E00454D555F4952516E0054494D455269
:10B85000315F4952516E0054494D4552325F495251
:10B86000516E0054494D4552335F4952516E00525A
:10B870005443435F4952516E005553415254305F17
:10B8800052585F4952516E005553415254305F54E3
:10B89000585F4952516E005553415254315F5258CE
:10B8A0005F4952516E005553415254315F54585FB5
:10B8B0004952516E005553415254325F52585F49BC
:10B8C00052516E005553415254325F54585F4952A1
:10B8D000516E00494341434845305F4952516E0023
:10B8E00042555254435F4952516E004C4554494DA4
:10B8F0004552305F4952516E005359534346475F9A
:10B900004952516E004C444D415F4952516E004CBA
:10B9100046584F5F4952516E00554C4652434F5F57
:10B920004952516E004750494F5F4F44445F49525E
:10B93000516E004750494F5F4556454E5F49525141
:10B940006E00493243305F4952516E0049324331F3
:10B950005F4952516E00454D5544475F4952516E03
:10B9600000454D5553455F4952516E004147435F75
:10B970004952516E00425546435F4952516E00464E
:10B9800052435F5052495F4952516E004652435FE5
:10B990004952516E004D4F44454D5F4952516E0022
:10B9A00050524F54494D45525F4952516E005241D9
:10B9B000435F52534D5F4952516E005241435F53B2
:10B9C00045515F4952516E0050524F5254435F49A6
:10B9D00052516E0053594E54485F4952516E0041C6
:10B9E000434D50305F4952516E0041434D50315FDD
:10B9F0004952516E0057444F47305F4952516E00D3
:10BA000057444F47315F4952516E004846584F30B6
:10BA1000305F4952516E00484652434F305F4952A1
:10BA2000516E00484652434F454D32335F495251A3
:10BA30006E00434D555F4952516E004145535F4979
:10BA400052516E00494144435F4952516E004D537B
:10BA5000435F4952516E0044504C4C305F49525143
:10BA60006E005357305F4952516E005357315F4952
:10BA700052516E005357325F4952516E0053573343
:10BA80005F4952516E004B45524E454C305F495212
:10BA9000516E004B45524E454C315F4952516E003C
:10BAA0004D3333435449305F4952516E004D333367
:10BAB000435449315F4952516E004941434356490D
:10BAC0004F4C3A20617474656D7074656420696EC2
:10BAD000737472756374696F6E2066657463682031
:10BAE00066726F6D2061206E6F2D65786563757469
:10BAF0006520616464726573730044414343564931
:10BB00004F4C3A20617474656D70746564206C6F7D
:10BB10006164206F722073746F726520617420619C
:10BB20006E20696C6C6567616C206164647265731A
:10BB300073004D554E53544B4552523A20756E7317
:10BB40007461636B2066726F6D20657863657074D5
:10BB5000696F6E2072657475726E206361757365AE
:10BB600064206163636573732076696F6C617469C7
:10BB70006F6E004D53544B4552523A2073746163BB
:10BB80006B696E672066726F6D206578636570748F
:10BB9000696F6E20636175736564206163636573AB
:10BBA000732076696F6C6174696F6E004D4D415200
:10BBB00056414C49443A204D4D415220636F6E74BA
:10BBC00061696E732076616C6964206661756C745E
:10BBD0002061646472657373004942555345525243
:10BBE0003A20696E737472756374696F6E20707237
:10BBF000656665746368206361757365642062754A
:10BC000073206661756C7400505245434953455228
:10BC1000523A2070726563697365206461746120B3
:10BC2000627573206661756C7400494D50524543CE
:10BC300049534552523A20696D7072656369736564
:10BC4000206461746120627573206661756C740094
:10BC5000554E53544B4552523A20756E737461637E
:10BC60006B696E67206F6E20657863657074696FAD
:10BC70006E2072657475726E2063617573656420E1
:10BC80006461746120627573206661756C74005321
:10BC9000544B4552523A20737461636B696E67204E
:10BCA0006F6E20657863657074696F6E20656E7461
:10BCB00072792063617573656420646174612062C8
:10BCC0007573206661756C74004246415256414C52
:10BCD00049443A204246415220636F6E7461696E56
:10BCE000732076616C6964206661756C7420616490
:10BCF000647265737300554E444546494E53545221
:10BD00003A20747269656420746F20657865637584
:10BD1000746520616E20756E646566696E65642069
:10BD2000696E737472756374696F6E00494E565311
:10BD3000544154453A20696E76616C6964204550DF
:10BD40005352202D20652E672E2C20747269656455
:10BD500020746F2073776974636820746F20415278
:10BD60004D206D6F646500494E5650433A2065780A
:10BD700063657074696F6E2072657475726E206988
:10BD80006E7465677269747920636865636B73208C
:10BD90006661696C6564004E4F43503A206174746B
:10BDA000656D7074656420746F2065786563757463
:10BDB00065206120636F70726F636573736F7220AB
:10BDC000696E737472756374696F6E00554E414C81
:10BDD00049474E45443A20617474656D70746564DA
:10BDE00020616E20756E616C69676E6564206D659B
:10BDF0006D6F7279206163636573730044495642C5
:10BE0000595A45524F3A20617474656D7074656477
:10BE100020746F20657865637574652053444956B6
:10BE2000206F7220554449562077697468206469F0
:10BE30007669736F72206F6620300000F4B70300DC
:10BE400006B8030012B803001EB803002EB80300A2
:10BE500042B80300EDB803004BB8030057B8030025
:10BE600063B803006FB8030079B8030088B8030013
:10BE700097B80300A6B80300B5B80300C4B8030020
:10BE8000D3B80300E0B80300EBB80300F9B803002F
:10BE900005B903000FB903001AB9030019B903006B
:10BEA00025B9030033B9030042B903004CB90300BC
:10BEB00056B9030061B903006CB9030075B90300FA
:10BEC0007FB903008CB9030095B90300A0B9030042
:10BED000AEB90300BBB90300C8B90300D4B903006D
:10BEE000DFB90300EAB90300F5B9030000BA0300A3
:10BEF0000BBA030017BA030023BA030032BA0300D7
:10BF00003BBA030044BA03004EBA030057BA030019
:10BF100062BA03006BBA030074BA03007DBA03006F
:10BF200086BA030093BA0300A0BA0300ADBA0300B7
:10BF3000BABA0300FABA03007FB1030032BB0300B0
:10BF400073BB03007FB103007FB10300ACBB0300F0
:10BF5000D9BB030008BC03002ABC030050BC03008B
:10BF60008FBC03007FB103007FB10300C9BC030095
:10BF7000F6BC03002CBD030067BD030097BD0300A2
:10BF80007FB103007FB103007FB103007FB10300E5
:10BF9000CCBD0300FCBD03000400E40C0A0000005B
:10BFA00000CA9A3B00E1F5058096980040420F00D8
:10BFB000A086010010270000E803000064000000D4
:10BFC0000A0000000104104001000000050002000A
:10BFD0000003000024C2030020C203000CC20300BF
:10BFE00008C2030004C2030000C20300EEC1030044
:10BFF000DEC10300C4C10300BCC10300B2C1030021
:10C00000B0C1030098C1030095C103008DC10300B6
:10C010007CC103006CC103005AC1030040C103008E
:10C0200038C103002CC1030028C1030026C103004E
:10C0300019C103000EC10300F5C0030099C003003D
:10C0400098C0030088C0030060C0030055C003000F
:10C0500054C003000F0000000000000000000000BA
:10C0600000000000000000000000000000000000D0
:10C0700000000000000000000000000000000000C0
:10C0800000000000000000000100000000000000AF
:10C0900000000000000000000F0000000000000091
:10C0A0000000000000000000000000000000000090
:10C0B0000000000000000000000000000000000080
:10C0C0000000000000000000000000000000000070
:10C0D0000000000000000000000000000000000060
:10C0E0000000000000000000000000000000000050
:10C0F0000000000000000000000000000000000040
:10C10000000000000000000000000000000000002F
:10C11000000000000000000000000000000000001F
:10C12000000000000000000000000000FFFFFFFF13
:10C13000FFFFFFFFFFFF0000000000000000000005
:10C1400000000000000000000000000000000000EF
:10C1500000000000000000000000000000000000DF
:10C1600000000000000000000000000000000000CF
:10C1700000000000000000000000000000000000BF
:10C1800000000000000000000000000000FFFFFFB2
:10C19000FFFFFFFFFF9C0000FF0000000000000009
:10C1A000000000000000000000000000800000000F
:10C1B0000000FFFFFFFFFFFFFFFFFFFF0000000089
:10C1C000FFFF000000000000000000000000000071
:10C1D0000000000000000000000000000000FFFF61
:10C1E000FF00000000000000000000000000000050
:10C1F000000000000000000000000000000000003F
:10C20000000000000000000000000000000000002E
:10C21000000000000000000000000000000000001E
:10C2200000000000FC030101010101010101010105
:10C23000010101010100000000000001000A0600E8
:10C2400000060101000002041104040211101A0882
:10C250000A021801081110111A080A04020D0B191C
:10C260005C0110280B01000000000000000000002D
:10C2700000000000000101010101010001010101B4
:10C2800001010000010100010001010000000000A7
:10C29000000000000000000000000001000000009D
:10C2A000000000000000000001FF010023E1010088
:10C2B00075E4010063E2010063E5010062E1010051
:10C2C00079EB010064EE010024E1010025E10100A9
:10C2D00026E1010027E1010028E1010029E1010038
:10C2E0002AE10100000001008000010000010100BE
:10C2F00080010100000201008002010020E2010033
:10C300000003010000050100800501000006010096
:10C31000800601000007010001E5010002E50100BF
:10C320000008010080080100433A2F5573657273BD
:10C330002F74617373696F2E73616E746F732F53F3
:10C34000696D706C696369747953747564696F2F72
:10C3500053444B732F6765636B6F5F73646B2F7010
:10C360006C6174666F726D2F736572766963652F89
:10C37000746F6B656E5F6D616E616765722F73724E
:10C38000632F736C5F746F6B656E5F6D616E616759
:10C3900065722E6300433A2F55736572732F746173
:10C3A0007373696F2E73616E746F732F53696D7041
:10C3B0006C696369747953747564696F2F53444B66
:10C3C000732F6765636B6F5F73646B2F706C617441
:10C3D000666F726D2F736572766963652F746F6B0C
:10C3E000656E5F6D616E616765722F7372632F7327
:10C3F0006C5F746F6B656E5F6D616E7566616374A3
:10C400007572696E672E6300FFFFFFFFFFFFFFFF7E
:10C4100034B6703260326410101043757272656EFB
:10C420007420436F6E6669673A2025307800536543
:10C430007420434341206D6F646520746F20256430
:10C440003A2025307800656E61626C65640064692D
:10C450007361626C6564006F757428636C69656EE6
:10C46000742900696E202873657276657229004D03
:10C47000464720537472696E673A202573004170F5
:10C48000704275696C646572204D464720436F6445
:10C49000653A20307825303458006E6F6465205B33
:10C4A000004164646974696F6E616C20696E7465C3
:10C4B00072666163657300202025643A2000706114
:10C4C0006765205B25645D206368616E205B256481
:10C4D0005D20707772205B25645D006E6F74206153
:10C4E0006374697665006572726F722030782532E8
:10C4F000580070616E4944205B3078253034585DB7
:10C50000206E6F64654944205B3078253034585D77
:10C5100020007870616E205B307800706172656E0B
:10C52000744944205B3078253034585D2070617246
:10C53000656E7452737369205B25645D006E6F6471
:10C540006554797065205B00536563757269747911
:10C55000206C6576656C205B25785D006E65747770
:10C560006F726B207374617465205B253032585D87
:10C57000200042756666733A202564202F202564CA
:10C5800000457020636E743A202564006570202594
:10C5900064205B656E64706F696E742025732C2057
:10C5A0006465766963652025735D20006E776B2076
:10C5B0005B25645D2070726F66696C65205B307806
:10C5C000253034585D206465764964205B307825D9
:10C5D0003034585D20766572205B307825785D00B8
:10C5E00020202020257320636C75737465723A20B7
:10C5F00030782530345820004E776B20636E743AC3
:10C60000202564006E776B202564205B25735D0018
:10C610005072696D617279202870726F2900202034
:10C620006E6F646554797065205B307825303258C0
:10C630005D002020736563757269747950726F664E
:10C64000696C65205B3078253032585D004550209C
:10C6500025643A20257320004572726F723A2020BB
:10C66000556E6B6E6F776E20656E64706F696E7459
:10C670002E00456E61626C65206576656E7420647F
:10C680006562756720696E666F20696E20436F7200
:10C690006520434C4920636F6D706F6E656E74004A
:10C6A0006F6E6C7920636F6F7264696E61746F7204
:10C6B000732063616E20666F726D0A006A6F696E27
:10C6C000203078253032580A002573203078253004
:10C6D00032580A0025732030782530327800726590
:10C6E0006A6F696E44696666446576696365547904
:10C6F00070650025732030782578006578742E20C9
:10C7000050414E2049443A20004E574B206F7065EF
:10C710006E3A20257520736563004E574B20636C7D
:10C720006F7365640066696E64206A6F696E61622A
:10C730006C653A203078253032580066696E642086
:10C74000756E757365643A20307825303258004331
:10C7500068616E67696E6720746F206368616E6ED2
:10C76000656C2025643A2030782530325800696E97
:10C7700076616C6964206E6574776F726B20696E88
:10C780006465780053686F72742049443A203078A9
:10C79000253034582C2045554936343A20002C2079
:10C7A00050616E2049443A20307825303458005387
:10C7B000746172746564206D756C74692D7068792C
:10C7C00020696E74657266616365004661696C65B7
:10C7D0006420746F20257320257320307825303233
:10C7E00058005465726D696E61746564202573200C
:10C7F000307825303258004B65657020616C697661
:10C800006520737570706F727420656E61626C65FF
:10C81000642E006661696C656420746F20736574B2
:10C82000206B65657020616C697665206D6F64654D
:10C830002E007375636365737366756C6C79207312
:10C84000657420746865206368696C642074696D20
:10C85000656F7574206F7074696F6E206D61736B96
:10C860002E006661696C656420746F2073657420A6
:10C87000746865206368696C642074696D656F75A0
:10C8800074206F7074696F6E206D61736B2E00641D
:10C890006973636F766572004D61746368202570FB
:10C8A000792066726F6D203078253034582C2065E1
:10C8B00070202564004E574B204164647265737389
:10C8C00020726573706F6E73653A2030782530344E
:10C8D0005800494545452041646472657373207270
:10C8E0006573706F6E73653A200053657276696385
:10C8F000652025737920646F6E652E0023202074D7
:10C900007970652020206E776B20206C6F6320206B
:10C910002072656D202020636C75732020206E6F5F
:10C920006465202020657569002020256420202072
:10C930002030782530345820203078253034582065
:10C940002030782530345820307825303458200075
:10C95000656D62657247657442696E64696E6720D1
:10C960004572726F723A2030782532580A00256479
:10C97000206F662025642062696E64696E6773208B
:10C980007573656400656E61626C656420707269C0
:10C990006E740064697361626C6564207072696EA4
:10C9A0007400616464206C696E6B206B657900456E
:10C9B00052523A2043616C63756C61746564204324
:10C9C000524320646F6573206E6F74206D617463D1
:10C9D00068004552523A20496E7374616C6C204372
:10C9E0006F6465206D75737420626520382C20316A
:10C9F000302C2031342C206F722031382062797431
:10CA0000657320696E206C656E67746800455252CC
:10CA10003A204145532D4D4D4F2068617368206683
:10CA200061696C65643A203078257800536574201C
:10CA30006A6F696E696E67206C696E6B206B6579D1
:10CA4000007365742062696E642025643A20307832
:10CA50002530327800454D50545900554E494341D8
:10CA6000004D324F4E45004D554C5449003F20205B
:10CA70002020000055CA03005BCA030061CA0300FE
:10CA800067CA03006DCA0300496E64657820494592
:10CA90004545204164647265737320202020202066
:10CAA0002020204E574B496E6465782020496E2027
:10CAB0004643202020202054544C28732920466CC3
:10CAC0006167202020204B657920202020002564EC
:10CAD000202020202000202025642020202020202D
:10CAE00020002020253038582020002030782530A4
:10CAF0003458202000496E6465782049454545201A
:10CB0000416464726573732020202020202020203F
:10CB1000496E204643202020202054797065202033
:10CB20004175746820204B6579002D20202020203D
:10CB300000256320202020202563202020202000A5
:10CB4000696573005741524E494E473A202052457D
:10CB50004144494E47204F46204B45592056414CB1
:10CB60005545532044495341424C454420425920A5
:10CB70004D464720544F4B454E004E574B204B657A
:10CB800079002573206F75742046433A202530388C
:10CB90005800257320736571206E756D3A203078CA
:10CBA00025780025733A20002573206F7574204680
:10CBB000433A20253038780054432025732000253F
:10CBC00073205461626C650025642F256420656EB6
:10CBD000747269657320757365642E005472616E9A
:10CBE0007369656E74204B657900256420656E74E9
:10CBF00072257320636F6E73756D696E672025648F
:10CC0000207061636B65742062756666657225735A
:10CC10002E0057494C4C0057494C4C204E4F540065
:10CC200054727573742043656E746572202570208C
:10CC3000616C6C6F772074727573742063656E74A9
:10CC400065722072656A6F696E73207573696E67AD
:10CC50002077656C6C2D6B6E6F776E206B65792E0F
:10CC6000005365742074696D656F757420666F720A
:10CC70002054727573742043656E746572207265FA
:10CC80006A6F696E73207573696E672077656C6C67
:10CC90002D6B6E6F776E206C696E6B206B657920E3
:10CCA000746F202564207365636F6E64732E004576
:10CCB00052524F523A20002570737461636B206D9D
:10CCC00075737420626520646F776E2E004E4F4E30
:10CCD000450052656164696E6720416C6C6F7765D1
:10CCE000640048617368696E67206F6E6C790045F7
:10CCF0006D6265724B657953657474696E67733ADA
:10CD0000203078253034580020205065726D6973CA
:10CD100073696F6E733A202573004572726F723AB1
:10CD2000204661696C656420746F206765742063B8
:10CD30006F6E6669672C207374617475733A203066
:10CD40007825303258004661696C65643A20307845
:10CD500025303258004D73673A20636C757320306C
:10CD600078253034582C20636D642030782530329B
:10CD7000582C206C656E20256400627566666572AD
:10CD80003A2000454D4245525F00257353454355B7
:10CD9000524954595F4C4556454C3A20253032583B
:10CDA0000025736572617365206B65792025643A8F
:10CDB0002030782530325800636D64206E6F742007
:10CDC0006275696C7400737263206570202530325F
:10CDD000782C20636C757320253034780073656E71
:10CDE00064696E6720746F206D756C74696361731C
:10CDF000742062696E640025733A2065703A2025BC
:10CE0000642C20636C3A203078253034582C206113
:10CE10007474723A20307825303458002C207376A0
:10CE2000723A2025630025733A20726561643A20C6
:10CE3000307825303278002C207376723A202563C2
:10CE40002C2064747970653A20307825303258008F
:10CE5000417267756D656E7420617420696E6465DA
:10CE6000783A202564206973206F7574206F6620DE
:10CE700072616E676500436F6D6D616E6420616CF9
:10CE80007265616479206275696C742E202043613B
:10CE90006E6E6F7420736574204D46472073706505
:10CEA000636966696320636F646520666F722063DF
:10CEB0006F6D6D616E642E004D464720436F646553
:10CEC0002053657420666F72206E65787420636FDE
:10CED0006D6D616E643A203078253034580055739A
:10CEE00065204E6578742053657175656E636520A5
:10CEF00053657420666F72206E65787420636F6D61
:10CF00006D616E643A203078253032580044697380
:10CF100061626C652044656661756C74205265734E
:10CF2000706F6E73652053657420666F72206E6536
:10CF3000787420636F6D6D616E643A2030782530AF
:10CF40003258004552523A2072656164696E67201A
:10CF50006174747269627574652025303278004599
:10CF600052523A20617474726962757465207369F3
:10CF70007A6520256420746F6F206C61726765206C
:10CF8000666F7220627566666572004572726F72B6
:10CF90003A20617474726962757465204944203066
:10CFA0007825303458207265706F727461626C65D8
:10CFB000206368616E67652069732073697A6520F4
:10CFC0002564422C206275742025644220656E74AD
:10CFD000657265640A006E6F20636D64004572724D
:10CFE0006F723A20434C492053656E642066616934
:10CFF0006C65642C207374617475733A20307825E5
:10D00000303258004572726F723A202045554936C9
:10D010003420617267756D656E7420697320656D6B
:10D0200070747920616E64206C6F6F6B7570206214
:10D0300079206E6F6465204944206661696C65647F
:10D040002E0047726F757000556E696361737400CE
:10D05000556E62696E6420257020257030782558E1
:10D0600000526571756573743A20005A444F2073FD
:10D07000696D706C6520646573632072657120252D
:10D08000303278005A444F206E6F646520646573B7
:10D0900063207265712025303278005573696E67A0
:10D0A000206D79206C6F63616C20455549363420C2
:10D0B000666F722064657374204555493634206963
:10D0C0006E2062696E64696E67005A444F2062691F
:10D0D0006E6420726571202530327800636C757340
:10D0E000746572206C696D6974207265616368652E
:10D0F0006400696E76616C696420706167653A20CE
:10D100002564206F72206368616E6E656C3A20251D
:10D1100064004368616E6765206368616E6E656C6C
:10D12000207374617475733A20307825303278003A
:10D130006475726174696F6E206D757374206265B9
:10D1400020696E2072616E67652030202D203500C9
:10D15000636F756E74206D75737420626520696EDF
:10D160002072616E67652031202D20380073636165
:10D170006E207374617475732030782578006E6545
:10D1800074776F726B207570646174652073657459
:10D19000207374617475732030782578004163744E
:10D1A00069766520455020726571756573742073CA
:10D1B00074617475733A2030782558004C514920B9
:10D1C0005461626C6520726571756573743A2030C4
:10D1D0007825580042696E64696E67205461626CFC
:10D1E0006520726571756573743A20307825580032
:10D1F0004C656176652025703078255800506F7732
:10D2000065722044657363726970746F7220257053
:10D2100030782558005573696E67206D79206C6FE2
:10D2200063616C20455549363420666F7220646511
:10D23000737420455549363420696E20756E6269D5
:10D240006E64696E6700526F757465205461626C1C
:10D250006520257030782558005A444F206D617440
:10D26000636820646573632072657120257800000F
:10D2700000000000000000433A2F55736572732FC1
:10D2800074617373696F2E73616E746F732F53695A
:10D290006D706C696369747953747564696F2F5329
:10D2A000444B732F6765636B6F5F73646B2F707292
:10D2B0006F746F636F6C2F7A69676265652F617039
:10D2C000702F6672616D65776F726B2F636F6D6D16
:10D2D0006F6E2F7A69676265655F6170705F6672F5
:10D2E000616D65776F726B5F636F6D6D6F6E2E63CF
:10D2F00000457874656E64656420526573657420BA
:10D30000696E666F3A2030782532582028257329B7
:10D3100000433A2F55736572732F74617373696F8D
:10D320002E73616E746F732F53696D706C696369CE
:10D33000747953747564696F2F53444B732F676509
:10D34000636B6F5F73646B2F70726F746F636F6C5E
:10D350002F7A69676265652F6170702F6672616DE3
:10D3600065776F726B2F636F6D6D6F6E2F7A696764
:10D370006265655F6170705F6672616D65776F721F
:10D380006B5F736C6565702E6300796573006E6FFB
:10D390000053746179206177616B65207768656EF1
:10D3A000206E6F74206A6F696E65643A2025730081
:10D3B000466F726365642073746179206177616B75
:10D3C000653A2020202020202020202025730046A0
:10D3D0006F7263696E672064657669636520746F38
:10D3E0002073746179206177616B6500416C6C6FAB
:10D3F00077696E672064657669636520746F20675E
:10D400006F20746F20736C65657000257529202569
:10D41000703A2025750053657474696E67205468EE
:10D42000726573686F6C6420636F6D6D616E64000C
:10D430003F3F3F004D616320527820426361737427
:10D44000004D6163205478204263617374004D6124
:10D4500063205278205563617374004D61632054DA
:10D4600078205563617374004D61632054782055B2
:10D4700063617374205265747279004D6163205446
:10D4800078205563617374204661696C0041505384
:10D4900020527820426361737400415053205478C5
:10D4A00020426361737400415053205278205563C9
:10D4B0006173740041505320547820556361737434
:10D4C0002053756363657373004150532054782073
:10D4D0005563617374205265747279004150532012
:10D4E0005478205563617374204661696C00526FF3
:10D4F000757465204469736320496E697469617449
:10D500006564004E65696768626F72204164646596
:10D5100064004E65696768626F722052656D6F7650
:10D520006564004E65696768626F72205374616C50
:10D5300065004A6F696E20496E6469636174696F42
:10D540006E004368696C64204D6F766564004153DA
:10D5500048204F766572666C6F77004153482046CD
:10D5600072616D65204572726F7200415348204FA1
:10D5700076657272756E204572726F72004E574BEF
:10D58000204643204661696C757265004150532006
:10D590004643204661696C757265004153482058C6
:10D5A0004F66660041505320556E617574686F7206
:10D5B000697A6564204B6579004E574B204465635A
:10D5C00072797074204661696C75726573004150A0
:10D5D000532044656372797074204661696C75727A
:10D5E0006573005061636B65742042756666657291
:10D5F00020416C6C6F63617465204661696C757263
:10D6000065730052656C617965642055636173745C
:10D610000050687920746F204D4143207175657505
:10D6200065206C696D69742072656163686564006A
:10D630005061636B65742056616C69646174652028
:10D6400064726F7020636F756E74004E574B20725A
:10D6500065747279206F766572666C6F77004343EC
:10D6600041204661696C757265730042726F616436
:10D6700063617374207461626C652066756C6C0004
:10D68000505441204C6F20507269205265710050F7
:10D6900054412048692050726920526571005054ED
:10D6A00041204C6F205072692044656E69656400AA
:10D6B000505441204869205072692044656E696564
:10D6C0006400505441204C6F2050726920547820DF
:10D6D00041627274005054412048692050726920A0
:10D6E00054782041627274004164647265737320DF
:10D6F000436F6E666C6963742053656E74000D0031
:10D700004465627567207072696E742067726F7508
:10D71000702025730A0057726F6E67207061726106
:10D720006D657465720A004368616E6E656C206E8B
:10D730006F742076616C69643A20256400507269C8
:10D740006D617279002570206D61736B206E6F774B
:10D75000203078253458005365636F6E64617279A8
:10D76000004D61736B206E6F742076616C69643A52
:10D77000202564007072696D617279007365636F52
:10D780006E646172790025703A20536574202570AB
:10D79000206D61736B20746F2030782534580053EE
:10D7A00074617475730025703A2025703A004368DF
:10D7B000616E6E656C206D61736B3A0020202020D5
:10D7C000283129203078253458205B002020202063
:10D7D000283229203078253458205B005374617436
:10D7E000653A203078255820282573290043757222
:10D7F00072656E74206368616E6E656C3A20256494
:10D8000000546F74616C20626561636F6E733A20BF
:10D810002564004A6F696E20617474656D7074735D
:10D820003A202564004E6574776F726B20737461C3
:10D8300074653A20307825580053746F7000257352
:10D840003A2025733A203078255800556E7375704C
:10D85000706F727465642066656174757265207797
:10D8600068656E207573696E67206F7074696D6985
:10D870007A6564207363616E732E20546F20757314
:10D8800065206120636F6E66696775726564206BE1
:10D890006579207768656E206A6F696E696E672C9E
:10D8A0002061646420746865206B657920746F2042
:10D8B000746865207472616E7369656E74206B653F
:10D8C00079207461626C65207573696E6720746875
:10D8D000652077696C64636172642045554920282E
:10D8E000616C6C20464673292E0025702053746F9E
:10D8F000702E2020436C65616E696E672075702EF6
:10D90000004B657920766572696669636174696F39
:10D910006E206661696C65642E204C656176696E67
:10D9200067206E6574776F726B0025703A202570E2
:10D930000042726F616463617374696E6720706521
:10D94000726D6974206A6F696E0025703A202570C7
:10D950003A20307825580054727573742063656ED0
:10D96000746572206C696E6B206B657920757064CC
:10D97000617465207374617475730025733A205760
:10D9800041524E494E473A20656D62657253657447
:10D99000496E697469616C53656375726974795312
:10D9A00074617465206661696C65642E20436F6ED6
:10D9B00074696E75696E6720776974686F75742015
:10D9C000696E7374616C6C20636F64652E004572C0
:10D9D000726F723A20696E7374616C6C20636F644D
:10D9E00065207365747570206661696C65642E20AE
:10D9F000497320616E20696E7374616C6C20636F73
:10DA0000646520666C6173686564206F6E746F2056
:10DA1000746865206465766963653F00D0D1D2D3B0
:10DA2000D4D5D6D7D8D9DADBDCDDDEDF005A69679A
:10DA3000426565416C6C69616E6365303900FFFF5A
:10DA4000FFFFFFFFFFFF0025733A206973737569BD
:10DA50006E67207363616E206F6E2025732063688C
:10DA6000616E6E656C7320286D61736B2030782554
:10DA700034582900257320697320616C72656164D4
:10DA80007920696E2070726F6772657373005374CA
:10DA9000617274004578616D696E696E67206265B8
:10DAA00061636F6E206F6E206368616E6E656C20BF
:10DAB000256420776974682070616E49642030782D
:10DAC000253258005468697320626561636F6E2067
:10DAD0006973206E6F742070617274206F66207499
:10DAE00068652063757272656E74206368616E6E1E
:10DAF000656C206D61736B20283078253458292E91
:10DB00002047657474696E67206E6578742062655D
:10DB100061636F6E2077686F7365206368616E6EF6
:10DB2000656C206269746D61736B20697320736525
:10DB3000742E004572726F723A20257020636F75E3
:10DB40006C64206E6F7420617474656D7074206AEB
:10DB50006F696E3A2030782558004E6F20626561FB
:10DB6000636F6E73206C656674206F6E20637572D0
:10DB700072656E74206D61736B2E204D6F76696EC9
:10DB80006720746F206E657874207374617465000B
:10DB90002570206A6F696E696E672030782532784B
:10DBA000206F6E206368616E6E656C2025640025B1
:10DBB000702053746174653A202570004572726F4D
:10DBC000723A20257020636F756C64206E6F74202C
:10DBD00073657475702073656375726974793A2022
:10DBE00030782558004572726F723A205363616E27
:10DBF00020636F6D706C6574652068616E646C6520
:10DC0000722072657475726E6564203078255800D4
:10DC10002573207363616E20636F6D706C6574652E
:10DC20002E20426561636F6E732068656172643A8D
:10DC300020256400257320737461636B2073746105
:10DC40007475732030782558002570206E657477C0
:10DC50006F726B206A6F696E65642E002570207488
:10DC60007279696E67206E657874206E6574776F5F
:10DC7000726B2E005A6967426565416C6C69616E12
:10DC8000636530394E574B205374656572696E6712
:10DC9000004E6F6E65005363616E205072696D6156
:10DCA0007279204368616E6E656C7320616E6420CA
:10DCB00075736520496E7374616C6C20436F646585
:10DCC000005363616E205072696D61727920436800
:10DCD000616E6E656C7320616E64205573652043C0
:10DCE000656E7472616C697A6564204B6579005366
:10DCF00063616E205072696D617279204368616E54
:10DD00006E656C7320616E64205573652044697381
:10DD10007472696275746564204B65790053636140
:10DD20006E205365636F6E64617279204368616E23
:10DD30006E656C7320616E642075736520496E7327
:10DD400074616C6C20436F6465005363616E205393
:10DD500065636F6E64617279204368616E6E656C95
:10DD60007320616E64205573652043656E74726123
:10DD70006C697A6564204B6579005363616E20534A
:10DD800065636F6E64617279204368616E6E656C65
:10DD90007320616E642055736520446973747269E1
:10DDA0006275746564204B6579005363616E205021
:10DDB00072696D617279204368616E6E656C732063
:10DDC000616E642055736520416C6C204B657973DE
:10DDD0002028696E7374616C6C20636F64652C20FD
:10DDE00063656E7472616C697A65642C2064697312
:10DDF000747269627574656429005363616E20539F
:10DE000065636F6E64617279204368616E6E656CE4
:10DE10007320616E642055736520416C6C204B65E6
:10DE200079732028696E7374616C6C20636F64650C
:10DE30002C2063656E7472616C697A65642C206451
:10DE400069737472696275746564290053746172D0
:10DE500074696E672075706461746520747275737F
:10DE6000742063656E746572206C696E6B206B65DF
:10DE7000792070726F6365737300557064617465A7
:10DE8000205443204C696E6B204B657900204E6511
:10DE900077206B65792065737461626C697368655E
:10DEA000643A00204572726F723A00506172746E6B
:10DEB00065723A20005A434C20676C6F62616C2097
:10DEC000636C757374657220636F6D6D616E6473DE
:10DED00000646972656374696F6E00646973632DB1
:10DEE000636F6D2D67656E00646973632D636F6D7D
:10DEF0002D726563006578706563742D7265706F4F
:10DF000072742D66726F6D2D6D6500757772697410
:10DF100065006E7772697465007265706F72742D3A
:10DF2000726561640073656E642D6D652D612D727F
:10DF300065706F727400437265617465732061204F
:10DF4000676C6F62616C20646973636F76657220C1
:10DF5000636F6D6D616E6420666F722074686520FA
:10DF60006173736F6369617465642076616C756554
:10DF7000732E00636C757374657249641F617474E9
:10DF800072696275746549641F6D61784E756D6262
:10DF90006572546F5265706F72741F0043726561D1
:10DFA000746573206120676C6F62616C2073656EAD
:10DFB00064206D652061207265706F727420636FDC
:10DFC0006D6D616E6420666F722074686520617388
:10DFD000736F6369617465642076616C7565732E17
:10DFE00000636C757374657249641F61747472693F
:10DFF0006275746549641F64617461547970651F4A
:10E000006D696E5265706F727454696D651F6D61D4
:10E01000785265706F727454696D651F7265706FA8
:10E02000727461626C654368616E67651F0043725C
:10E030006561746573206120676C6F62616C20722A
:10E04000656164207265706F7274696E6720636FBA
:10E050006D6D616E6420666F7220746865206173F7
:10E06000736F63696174656420636C757374657242
:10E070002C2061747472696275746520616E64200D
:10E080007365727665722F636C69656E742064695E
:10E0900072656374696F6E2E00636C75737465725C
:10E0A00049641F61747472696275746549641F64A0
:10E0B0006972656374696F6E1F00476C6F62616C93
:10E0C000207265706F7274696E6720636F6D6D6129
:10E0D0006E6400656E64706F696E741F636C757337
:10E0E00074657249641F61747472696275746549FC
:10E0F000641F6D61736B1F004372656174657320EB
:10E100006120676C6F62616C207265616420636F6F
:10E110006D6D616E64206D65737361676520746FEA
:10E1200020726561642066726F6D2074686520637B
:10E130006C757374657220616E64206174747269A9
:10E1400062757465207370656369666965642E0025
:10E15000636C757374657249641F6174747269626B
:10E1600075746549641F004372656174657320614D
:10E1700020676C6F62616C20777269746520636FD1
:10E180006D6D616E64206D65737361676520746F7A
:10E1900020777269746520746F2074686520636CE1
:10E1A000757374657220616E642061747472696243
:10E1B0007574652073706563696669656400636C76
:10E1C000757374657249641F6174747269627574E1
:10E1D0006549641F747970651F646174611F004331
:10E1E00072656174652061206578706563742D7255
:10E1F00065706F72742D66726F6D2D6D65206D6523
:10E2000073736167652077697468206173736F63E6
:10E2100069617465642076616C7565732E00636C4A
:10E22000757374657249641F617474726962757480
:10E230006549641F74696D656F75741F004372656D
:10E24000617465206120446973636F766572204351
:10E250006F6D6D616E64732047656E657261746584
:10E260006420636F6D6D616E6420776974682061EE
:10E2700073736F6369617465642076616C7565732F
:10E280002E00636C757374657249641F73746172D8
:10E2900074436F6D6D616E6449641F6D6178436F87
:10E2A0006D6D616E6449641F0053657473207468FA
:10E2B0006520646972656374696F6E20666F722091
:10E2C000676C6F62616C20636F6D6D616E64732C3F
:10E2D0002065697468657220636C69656E7420746A
:10E2E0006F20736572766572206F72207365727627
:10E2F000657220746F20636C69656E742E005365BF
:10E300007473206120666C616720736F207468618C
:10E310007420746865206170706C69636174696FE2
:10E320006E206672616D65776F726B2057494C4C39
:10E33000204E4F5420726573706F6E6420746F208E
:10E34000746865206E657874205A434C206D65733F
:10E3500073616765207468617420636F6D657320F5
:10E36000696E206F76657220746865206169722E0F
:10E370000053657473206120666C616720736F20A1
:10E380007468617420746865206170706C69636181
:10E3900074696F6E206672616D65776F726B20575E
:10E3A000494C4C20726573706F6E6420746F2074DA
:10E3B0006865206E657874205A434C206D657373D0
:10E3C000616765207468617420636F6D657320698F
:10E3D0006E206F76657220746865206169722E0008
:10E3E00053657473207468652044697361626C6559
:10E3F0002044656661756C7420526573706F6E732E
:10E4000065204672616D6520436F6E74726F6C207B
:10E4100062697420746F2075736520666F72207452
:10E420006865206E65787420636F6D6D616E642021
:10E4300069662074686520636F6D6D616E64206924
:10E4400073206E6F7420616C7265616479206275EF
:10E45000696C742E0064697361626C654465666101
:10E46000756C74526573706F6E73651F00536574BD
:10E47000732074686520666C616720746F20757303
:10E48000652074686520696E6372656D656E74657C
:10E49000642073657175656E6365206E756D626568
:10E4A000722066726F6D20746865206672616D659A
:10E4B000776F726B20666F7220746865206E657866
:10E4C000742072617720636F6D6D616E642E0075CC
:10E4D00073654E65787453657175656E63651F006D
:10E4E000436C6920636F6D6D616E6420746F20638F
:10E4F000616C6C20656D6265724166536574546928
:10E500006D652066756E6374696F6E20646F6375E8
:10E510006D656E74656420696E2061662E68007595
:10E52000746354696D651F00536574732074686566
:10E530002074776F2062797465206D616E756661F5
:10E5400063747572657220737065636966696320B0
:10E550006964656E74696669657220746F2075738D
:10E560006520666F7220746865206E65787420631C
:10E570006F6D6D616E642069662074686520636FDD
:10E580006D6D616E64206973206E6F7420616C72B2
:10E5900065616479206275696C742E006D666753DD
:10E5A0007065636966696349641F0000BCE5030028
:10E5B000B5DE03007FB10300FE000000D1DE0300E2
:10E5C0001CE7030000000000DBDE03000CE7030093
:10E5D00000000000E8DE0300FCE60300000000008D
:10E5E000F5DE0300ECE603000000000013DF03008B
:10E5F000D8E60300000000000BDF0300C4E60300C0
:10E600000000000012DF0300B0E60300000000007D
:10E6100020DF0300A0E60300000000002FDF03005E
:10E620008CE603000000000019DF03007CE6030015
:10E630000000000025DF030068E603000000000082
:10E640008FC8030058E6030000000000000000002F
:10E6500000000000000000004D06030036DF03004C
:10E6600073DF0300010100FF2DD400009CDF0300D5
:10E67000E1DF0300010100010107FF00E9D3000011
:10E680002EE0030099E00300010100FF29D3000000
:10E69000BAE00300D3E0030000010100FF00000026
:10E6A0005F060300F8E0030050E103000101FF00F2
:10E6B0004706030067E10300BEE103000101020712
:10E6C000FF0000004106030067E10300BEE1030014
:10E6D00001010207FF0000003B06030067E10300A1
:10E6E000BEE1030001010207FF000000DDD20000CF
:10E6F000DFE103001EE20300010101FF7DD2000003
:10E700003DE2030082E20300010000FF39D2000075
:10E710003DE2030082E20300010000FFC1D20000DD
:10E72000A9E20300AFE0030000FF0000350603008C
:10E73000FEE20300BF860300FF0000002F06030077
:10E7400071E30300BF860300FF00000019D2000040
:10E75000E0E3030055E4030000FF0000F1D10000F6
:10E760006DE40300CFE4030000FF00002106030076
:10E77000E0E403001FE5030002FF0000B9D1000040
:10E7800028E503009CE5030001FF547275737420B3
:10E7900043656E746572204A6F696E2048616E64CD
:10E7A0006C65723A20737461747573203D20257016
:10E7B0002C206465636973696F6E203D202570208D
:10E7C000282578292C2073686F727469642030784A
:10E7D00025327800554E73656375726564206A6FE3
:10E7E000696E00646576696365206C6566740055C2
:10E7F0004E736563757265642072656A6F696E0039
:10E8000075736520707265636F6E66696775726592
:10E8100064206B65790073656E64206B657920698F
:10E820006E2074686520636C6561720064656E7942
:10E83000206A6F696E006E6F20616374696F6E008D
:10E84000616C6C6F772072656A6F696E73206F6E92
:10E850006C790000F1E70300D4E70300E3E703006D
:10E86000EFE7030000E8030016E803002CE80300CC
:10E8700036E8030040E803006E6F7420004E4554F4
:10E88000574F524B5F00257025705550203078252A
:10E8900032580054727573742043656E746572202B
:10E8A000455549206861732025736368616E67650B
:10E8B000642E0025702570444F574E005F46414935
:10E8C0004C45440025704A4F494E257000454D4245
:10E8D00045525F4E4554574F524B5F4F50454E4542
:10E8E000443A2025642073656300454D4245525FDC
:10E8F0004E4554574F524B5F434C4F5345440025B0
:10E90000703A2025703A2030782578006469737455
:10E91000726962757465640063656E7472616C69B6
:10E920007A656400466F726D002570696E67206FAE
:10E930006E2063682025642C2070616E496420304D
:10E9400078253258004572726F723A2044657669B4
:10E95000636520646F6573206E6F742073757070CB
:10E960006F7274202573206E6574776F726B2066EA
:10E970006F726D6174696F6E00496E76616C696467
:10E980002053656375726974792050726F66696C83
:10E99000653A203078255800704A6F696E20666F9E
:10E9A00072202564207365633A2030782578004C06
:10E9B000696D6974696E67206475726174696F6EE0
:10E9C000206F66207065726D6974206A6F696E20B1
:10E9D00066726F6D20666F726576657220283235BB
:10E9E000352920746F203235340052583A205A4469
:10E9F0004F2C20636F6D6D616E6420307825327806
:10EA00002C207374617475733A2030782558005344
:10EA1000696D706C650052583A202570204465730A
:10EA2000632052657370004D61746368002C204D43
:10EA30006174636865733A20256400446576696390
:10EA40006520416E6E6F756E63653A2030782532B1
:10EA5000780052583A204945454520416464726522
:10EA6000737320526573706F6E73650052583A204D
:10EA700041637469766520455020526573706F6EEE
:10EA800073652C20436F756E743A202564004E6FB9
:10EA90006465002C204D6174636865733A2030789A
:10EAA00025327800737461636B207665722E205B6B
:10EAB00025642E25642E256400202570206275694A
:10EAC0006C642025645D005A444F00534500484162
:10EAD00000436C757374657200476C6F62616C0003
:10EAE000257074782025782C200050726F66696C30
:10EAF000653A20257020283078253258292C20436B
:10EB00006C75737465723A2030782532582C202544
:10EB1000642062797465732C00205A434C20257060
:10EB200020436D642049443A202564005072652DCD
:10EB300052656C6561736500416C706861203100DD
:10EB4000416C706861203200416C70686120330054
:10EB50004265746120310042657461203200426573
:10EB60007461203300474100000000002CEB0300DB
:10EB70001100000038EB03001200000040EB03001E
:10EB80001300000048EB03002100000050EB0300DD
:10EB90002200000057EB0300230000005EEB03009F
:10EBA000AA00000065EB0300FF0000000000000069
:10EBB000000001526573657420696E666F3A2030FB
:10EBC00078257820282570290064656C6574652097
:10EBD00062696E64696E673A20257820257800089E
:10EBE0000109020A030B040C050D060E070F08109D
:10EBF00001180119021A031B041C051D061E071F1C
:10EC000008200121022203230424052506260727C4
:10EC100008280129022A032B042C052D062E072F74
:10EC20000830013102380239043A08E004E104E214
:10EC300004E802E902EA04F008F110000000000014
:10EC4000000002054CEC0300010000000000000081
:10EC500060EC030003000000400000000000000022
:10EC60000000200120000000080000000700300123
:10EC70002000000000000000FDFF21022000000035
:10EC8000030000005752495445204552523A200093
:10EC90002570657020257820636C75732025327887
:10ECA000206174747220253278206E6F7420737521
:10ECB00070706F72746564002570696E76616C693E
:10ECC00064206461746120747970650025706174DA
:10ECD0007472206E6F74207772697461626C650063
:10ECE00057524954453A206E6F2077726974652CEB
:10ECF000206A7573742061207465737400524541F5
:10ED0000443A206174747269627574652073697A1B
:10ED10006520746F6F206C6172676520666F72206A
:10ED200063616C6C657200636C6E740073727672F2
:10ED300000525700524F00202052414D2020002009
:10ED4000746F6B656E200065787465726E20004587
:10ED50004E44504F494E5420257800636C75732003
:10ED60002F2073696465202F2061747472202F2016
:10ED70006D666720202F74797065286C656E292F69
:10ED8000207277202F2073746F72616765202F20A7
:10ED90006461746120287261772900253278202F00
:10EDA000202570202F20253278202F20002D2D2D7A
:10EDB0002D00202F2025782028257829202F202578
:10EDC00070202F202570202F2000556E73757070D5
:10EDD0006F72746564004F544120524541443A209B
:10EDE00065703A2578206369643A25327820617429
:10EDF0007469643A253278206D736B3A2578206DFA
:10EE000066636F64653A25327800524541443A2082
:10EE1000636C7573202532782C2061747472202500
:10EE20003278206661696C6564202578005245411E
:10EE3000443A20636C7573202532782C20617474F9
:10EE400072202532782C20646174614C656E3A2002
:10EE500025782C204F4B0025782000282563292574
:10EE600058255825582558255825582558255800DF
:10EE70002570642C2064726F7070696E67206570F5
:10EE8000203078257820636C7573203078253278AF
:10EE900020636D6420307825780047656E65726167
:10EEA00074656400526563656976656400446973DE
:10EEB000636F76657220436F6D6D616E647320724F
:10EEC0006573706F6E73652028636F6D706C657409
:10EED000653A202563292C202573204944733A2064
:10EEE00000307825582000524541445F4154545227
:10EEF0000057524954453A20636C75732025327887
:10EF000020617474722025327820004641494C20DB
:10EF100025780057524954453A20746F6F20736822
:10EF20006F727400444953435F415454520025703A
:10EF300025703A20636C757320253278005F455840
:10EF4000540053766320446973633A200025705758
:10EF5000616974696E672025642073656320666F3C
:10EF60007220646973636F7665727920746F2063B1
:10EF70006F6D706C65746500537461746520636FA8
:10EF800072726573706F6E64696E6720746F20743F
:10EF90006865207468652072657175657374206E8C
:10EFA0006F7420666F756E640A002570636F6D70F4
:10EFB0006C6574652E0A0025705365727669636509
:10EFC00020446973636F7665727920537461746548
:10EFD000206C696D69747320726561636865640A89
:10EFE000002570496C6C6567616C2062726F6164AA
:10EFF0006361737420616464726573732C2072653D
:10F000006D617070696E6720746F2076616C6964E1
:10F01000206F6E652E0025704661696C65642074F2
:10F020006F2073656E64206D61746368206469731A
:10F03000636F766572793A203078257800257053B1
:10F0400074617274696E6720646973636F76657248
:10F050007920666F7220636C7573746572203078E6
:10F060002532780025704661696C656420746F20D4
:10F0700073656E642049454545206164647265731B
:10F080007320726571756573743A20307825780045
:10F0900025704661696C656420746F2073656E64C9
:10F0A000204E574B206164647265737320726571E2
:10F0B000756573743A2030782578004572726F72E6
:10F0C0003A202570206261642073696D706C652040
:10F0D00064657363726970746F72206C656E6774B7
:10F0E000682E0025704D65737361676520746F6FBE
:10F0F0002073686F72740025704D65737361676566
:10F1000020746F6F2073686F727420666F72206E48
:10F11000756D2E20656E64706F696E747300257056
:10F120004D61746368257020666F756E6420667229
:10F130006F6D2030782532782E004572726F723AEA
:10F1400020257020696E76616C6964206C656E673D
:10F1500074682028256420213D2025642920666FBD
:10F16000722041637469766520456E64706F696EC4
:10F170007420726573706F6E7365002570676F74AD
:10F180002061637469766520455020726573706FE5
:10F190006E7365005554432074696D653A2025648B
:10F1A0002F25642F25642025643A25643A256420A0
:10F1B0002825347829001F1C1F1E1F1E1F1F1E1FFD
:10F1C0001E1F28556E6B6E6F776E20636C75732EE5
:10F1D000205B30782532785D29000D0A542534787B
:10F1E0003A005258206C656E2025642C20657020F2
:10F1F00025782C20636C75732030782532782000B8
:10F20000206D66674964202532780020464320251A
:10F21000782073657120257820636D64202578201F
:10F220007061796C6F61645B0007021F012F00370A
:10F23000013F005701DF02E700FF0200000000006D
:10F2400000000000000000000000000000000000BE
:10F25000000000000000000000000000426173692F
:10F2600063000000000000005CF20300FFFF0000EC
:10F27000000000002570525820706B7420746F6F6E
:10F280002073686F72743A202564203C2025640046
:10F290002570525820706B74206D616C666F726DB2
:10F2A00065643A202564203C202564002020456EBA
:10F2B00061626C656400202044697361626C6564FE
:10F2C000004572726F722072657472696576696E3C
:10F2D0006720696E666F20666F72206C696272616A
:10F2E0007279204944202564002573206C6962727C
:10F2F00061727925732070726573656E74002020C9
:10F300004861766520526F75746572205375707010
:10F310006F7274002020456E6420446576696365D1
:10F32000204F6E6C79005A69676265652050726F74
:10F330000042696E64696E67005365637572697433
:10F340007920436F72650053656375726974792023
:10F350004C696E6B204B6579730043424B452031FD
:10F3600036334B310043424B4520445341205369CF
:10F37000676E004543430043424B452044534120C0
:10F38000566572696679005061636B6574205661D9
:10F390006C6964617465005A4C4C0043424B4520D3
:10F3A0003238334B3100454343203238334B310040
:10F3B00043424B4520636F7265004E4350004D75CC
:10F3C0006C7469206E6574776F726B00456E68614E
:10F3D0006E63656420426561636F6E2052657100E3
:10F3E00043424B45203238334B3120445341205661
:10F3F0006572696679004D756C74692D50414E00D7
:10F4000026F3030031F303007FB1030039F3030057
:10F4100047F303007FB103005AF3030065F30300D1
:10F4200073F3030077F3030087F303003DDD03006C
:10F4300097F303009BF30300A6F30300B0F303006C
:10F44000BAF30300BEF30300CCF30300E0F30300C0
:10F45000F6F30300600900000080000000000000D7
:10F46000000000433A2F55736572732F74617373F4
:10F47000696F2E73616E746F732F53696D706C6951
:10F480006369747953747564696F2F53444B732F98
:10F490006765636B6F5F73646B2F70726F746F63FC
:10F4A0006F6C2F7A69676265652F737461636B2F68
:10F4B00073656375726974792F7A69676265652D02
:10F4C00073656375726974792D6D616E61676572BC
:10F4D0002D6E6F2D7661756C742E63000000666E64
:10F4E000692B00666E69006E616E00666E692D00A4
:10F4F000000000000000F03F000000000000244079
:10F5000000000000000059400000000000408F4053
:10F51000000000000088C34000000000006AF840BE
:10F520000000000080842E4100000000D0126341E2
:10F530000000000084D797410000000065CDCD4158
:10F540000202030000000000000801B4F0F503000F
:10F550000008015AACF503000008014068F50300FB
:10F56000AFDBBCE2E40C00000000FCFEFFFF00008B
:10F5700000000000FFFF000000000000FFFF00008F
:10F5800000000000FFFF000000000000400018061F
:10F59000F4D200002C00B0023DBE00001700F200C3
:10F5A0000C7C00000C0041009E4200006400FCFE48
:10F5B000FFFF000000000000FFFF0000000000004F
:10F5C0005A00F306A554FEFF2100A301A1FEFFFF90
:10F5D0001100A600832700000A006100DC2600005D
:10F5E00006003B00F820000003001500AD130000EA
:10F5F000C800FCFEB4008B087BC0FBFF4D00E4029A
:10F60000E756FFFF2C00A20183EBFFFF1A00030166
:10F61000B31A00001100A300552900000A005E0083
:10F620005A28000006003A002122000004001800B9
:10F630007316000000000000880100004819002037
:10F640000000020800000000FFFFFFFFFFFFFFFFB8
:10F65000FFFFFFFF000000000000000000000000AE
:10F660000000000000000000000000005241494C72
:10F6700000000000A0000000554A010050000000FA
:10F68000354B0100000000010000010100010101F3
:10F690000000000000000000FFFFFFFFFFFFFFFF72
:10F6A000FFFFFFFFFFFFFFFFFFFFFFFFFFFFFFFF6A
:10F6B000FFFFFFFFFFFFFFFF00010202030304053E
:10F6C00006080C0C0C00010203040707C8C8C8C8D0
:10F6D000C8C8C8C8C8C8C8C80304040808080808B7
:10F6E00000B801B802B800B0FC16040014170400FA
:10F6F00003040408080500000000000000000000EA
:10F7000000000000020700004870AC0F44706E0E4D
:10F710003070D8130298F8173870940F3470BA0FFD
:10F720003070A2102C70A21028702A12247042127D
:10F7300020709E0F1C70EA121870661314709A0FD6
:10F74000B110086001D80A7104B87F78020C7E7885
:10F75000641000C6881F00A01DB8707803B0186040
:10F760000F3027B30F330111C0480698780229B033
:10F77000086001D8087109DD047109BB1110166019
:10F78000A048086004100112FF3221500860D048E0
:10F79000086000880698921400C42C1F00A000BACC
:10F7A00003DF107109DF0672029832031DB850782A
:10F7B00000A04413281441158110086002D8147168
:10F7C000108806987E1900C014C000B80698E41B83
:10F7D000009106988E020160B83020D806711EBCD8
:10F7E000637C084D5412F03240DE0472404804DB62
:10F7F00008720DDD0C72044BEF3014480698FA04C1
:10F8000000C4E04000544412086201322140087CE8
:10F81000811140D91C72B1123032CF4A013AB1DAAB
:10F82000107208D8067104D80871804C237C44708B
:10F83000684C4412FF328722047580B8E84C81D8A6
:10F84000367140D90472237C084B0698FA0404BA36
:10F850001CB9767900C1204001B835797F2161213A
:10F86000007906B906A901D806710298FE01804CFC
:10F87000307C0298600208D86A7100C1544000B818
:10F88000141110D95E71584C441280BDA26DFF2531
:10F89000784C4412FC22513A2814104C00C20CC17E
:10F8A00001B8241228140862281408622814086277
:10F8B0002814304C304C00C11C4000B814111814EE
:10F8C000086100C5284001B85415FF35047110497E
:10F8D0001814B04C441208620132067102980401F7
:10F8E000804C08D80C7107BA24D8047106BA187075
:10F8F00004D80C7101BA40D80E7102BA0A7005BA68
:10F9000020D8047203BA204C4411C04C181408616A
:10F910001814911191150088069836050090DF3172
:10F920005141383111429111186110D90472EF32EE
:10F9300000C1084001B8141110311E611142281491
:10F94000A111086118140698CA1B181400C10840B8
:10F9500001B814111861FF31181400C1448001B8B6
:10F96000141118140861181430880248069890037E
:10F97000009308DB047101F800A027B00F3000A04D
:10F980001088B111186180D90A7100C1884000B88F
:10F990000811009100A000C4684000B8441000A005
:10F9A00000C0884000500411826104108260105031
:10F9B000F07200A054155045127106980A05069879
:10F9C0009A0407B8707802B841781EBA5B7A5C7AFC
:10F9D0005D7A00C220C001B824120698881900C5BB
:10F9E000301F00A05415511400C3FF010000313D29
:10F9F00009647F340698980201585128047501580B
:10FA000041280E758111086102D90472FF0FCC7074
:10FA100007B8727800F8EBBD00C02C1F00A00411DD
:10FA2000113D10D91271FF33186300C1781002B86C
:10FA3000381107B97479581000A006988E020D305D
:10FA40000472044809DC0472084800C11CC101B8F2
:10FA5000141100C3B81E00A0911504351A721813B2
:10FA60001CBB08D804716C7B04D804716A7B1DBB75
:10FA70002F7C5B7B1670044B18131CBB08D80471D9
:10FA80006F7B04D804716D7B217C0C30026006987A
:10FA900086040698240C00B8B111186140D906728A
:10FAA0000298600401BC00C2084001B800DC0A7181
:10FAB00024150265604A0A702C4A241508654C4AD0
:10FAC000043508D90471202400C1241F00A0141299
:10FAD000008800DC327120D8067101B80C70F0DAB1
:10FAE0000C720CDB087102B806988E04482400C31F
:10FAF000384101B834138F7B0E7102B9911308DBC2
:10FB0000047203B928700C4914111110FD300DDC7A
:10FB10001C7200C08C1E00A0041080D8107100C0A0
:10FB2000448001B80410E5200475804900C3884072
:10FB300000B8FFB8012011410871014118130824D1
:10FB4000014200C1284000B8141101411C65514117
:10FB50009115009000DC06710698360520351E656B
:10FB6000514118132813481300C3844000B83410BF
:10FB700003D81671073005DC1071B1108F780A7246
:10FB800000C384C40350217B1DB8507800B800C165
:10FB9000241F00A014121C602150F03001522811C3
:10FBA00000A04024076400C0FFFF0100013C17B023
:10FBB000022001584028067518AC01EC00A02088EE
:10FBC00000C020C001B8041217B42113041230522F
:10FBD000F8711964402400C35C1F00A03410141194
:10FBE0000698560E1961009211592129067600BB1C
:10FBF00011590698360E8762313B0472215A412A08
:10FC000000A000C2686000B8B8B91F610D491812A1
:10FC100000A0308801B9116100C30000C0FF31109D
:10FC2000312800BC002D0C75115418AC01EC312D9D
:10FC3000F470196451134155312C009300A05110F8
:10FC400010D80C720698AC1701D804710E6500A08C
:10FC500000C3C00FFEFF50B2313A014250AA00A0CB
:10FC600006986C07FFB0867808715CB86B786E7880
:10FC700000C2548001B800C0D81F00A004100812B0
:10FC8000B822217A237A52B8417801B80C6021A8B1
:10FC900009B819604CA800C0FFD1C1FF4FB2013AAA
:10FCA00000C0002E300001424FAA24B86E78ACB9D3
:10FCB000FFB004D804714CB923A90698C20500C04E
:10FCC000139001000698480500A000C0401F00A046
:10FCD00017B1181006980A0519B81460FFB28C62A3
:10FCE0000F32826A21400698480549BC21B952B8B2
:10FCF00049B207DE2A7105DE0871627C607C1D0C4A
:10FD00006179677864786B78627865786378607811
:10FD1000617C010C010C6878020C69786C78020C2B
:10FD200000C22C8001B8277A287A267A6A78050CD6
:10FD300041790A0CB11040D806710298DE06784A63
:10FD40002B7A327A584A247A00C400011100404AC2
:10FD500000C0108400000812508800C58410010003
:10FD6000FBAD10BD01BB8A6B21B9FAA9C44A1812B8
:10FD7000217A227A00C01C1F00A00410FCA8826413
:10FD8000411030300129F9A9F8ADFBB08260FBA821
:10FD90000330A0652110044820EC237A0410037A74
:10FDA000184A2411DC4A01580029241004753150E6
:10FDB000F8B1115081632A71514031400812FCB1F1
:10FDC0008461FCA90F310E7117B0112817B11159B8
:10FDD0001028FA76C44AF9B11812217A227AA07052
:10FDE00000950812F8A800C20C8001B8207A844A55
:10FDF00000B80812020CA44A087A020C21B8417813
:10FE0000784A0B7A127A00C2C81F00A0FFB008D847
:10FE10000472184A241000DC0A7140A8042224103D
:10FE200041A80698980200C2301F00A0241001517A
:10FE300000C4FF01000041391150081200A00698CB
:10FE40006C0700BC00C20C8001B8217A52B8497816
:10FE5000020C4878020C49B8417852AC21AC204AD7
:10FE6000087A067A077A49AC00C0481F00A017B18B
:10FE7000181000A059B840785AB101D9FC724278E4
:10FE800057B8407858B101D9FC72427800A000C23E
:10FE90000C8001B8217A227A21B8547852B8BC4A31
:10FEA00024119979127107B915614CA9617800BBC9
:10FEB00003BC0C64147009B919614CA9417801BBE9
:10FEC000126300C4002E300000C0FFD1C1FF4FB14B
:10FED000013941414FA9E44AC8B8081224AB4CB8D3
:10FEE00023A80698C20500C0541F00A017B118101F
:10FEF00000C004900100FFB186790471084806989B
:10FF0000480500C08009004040A809B8FFB108D9E1
:10FF1000047103B853A8B11004D80C7156BB607BB0
:10FF200057BA627A607A02D80C7156BB607B59BAB4
:10FF3000627A607A04B86E783DB8607800C056384E
:10FF4000000000C1B08001B814119979087200C096
:10FF5000D604000000C124C000B814119F790472B7
:10FF600008484CA82EB8FFB108D906714AA80470F9
:10FF70004BA80FB834A800C00C5E000046B2014286
:10FF800046AA00C12C4001B814110861063108715D
:10FF900000B90698AA1106989814B11101D90E71EA
:10FFA0000698F01B02D906720698000D0698921466
:10FFB000511406989A0400C0501F00A017B11810E1
:10FFC000069884110698C21700A00698AC1701D8AD
:10FFD0000A711CB85B7807B8757800B84CA84AA8B5
:10FFE0004BA800C0F321FFFF46B1013946A904B870
:10FFF0006F7800A000C0441F00A017B11810FABC11
:020000024000BC
:100000001964415C512C00C0581F00A00410012C41
:10001000067506989A040698D80FB110186005D88E
:10002000327140BA0698681404B86578911004D803
:1000300016711CB86E7800C0684000B82178069828
:10004000D21101400A721DB842780698A414029891
:10005000BE0B1DB8717804B86C7841B842786378EB
:100060004478FFB104D906720298160A00C00490C1
:100070000100FFB18679047108480698480500C35D
:10008000141F00A000C274C000B82414481300BCA0
:1000900048120C4B1C4A2414481300BC4812384B1D
:1000A000584A2414481301BC48124ABA447A427A86
:1000B0004BBA447A427AFFB086780472617A4CBABD
:1000C000647A657A3DBA607A4DB942B83FBB5B79D4
:1000D00066796179020C6479050C63796079050CA5
:1000E000627965795A7900C2340102B8241305B8DF
:1000F00019603140081242B86A78020C4A78020C42
:1001000040BCFFB208DA06714ABA06704BBA627A8E
:10011000657A677A667A6A79667B0298F00A00C324
:10012000141F00A000C274C000B8241448130C4B64
:100130001C4A241448133FBC48121C4A00BC4812F5
:10014000384B444A2414481301BC48124ABA647A12
:10015000627A4BBA647A627AFFB3867B0472617A00
:100160004CBA647A657A3DBA607A01D94E71647886
:1001700000C1708001B800C0800008000811069816
:10018000E60B42B861784DB97F797E796A786878F4
:100190006278020C7B790F0C7A79140C74794178AF
:1001A00060787579050CFFB208DA06714AB80470F8
:1001B0004BB8657801BC1664407002D93C71069852
:1001C000E60B42B84DB96878407841787F797E79FE
:1001D0007B790F0C7A79140CFFB208DA0871717907
:1001E0004ABA067070794BBA7279657A6A78020CED
:1001F0004A78050C01BC1664020C417940790C0C5C
:1002000000C04C0102B848100698FA0400C47840B7
:1002100000B8007C00C08C1E00A0041180D932718F
:10022000911104D92C727F201D200411FD310DDDA8
:10023000207200C0448001B80411E521147600C08A
:10024000244001B804118A790871207C104C207C6C
:100250002AB86278511400C0581F00A00410012C65
:1002600017B001118768015841280E76052187696A
:10027000415C412D112D067006989A0400C0541F50
:1002800000A017B1181042B84DBB7C7B6478020CFB
:1002900029B8687851144044067506989A0442B803
:1002A00044782AB84278FFB101D90C7100C154805A
:1002B00001B8CBB8081100C04C1F00A017B118102E
:1002C000911004D8147100C08C1E00A0041080D8B6
:1002D000067107B8537800F807B800C1B41E00A033
:1002E00000C220C001B824122811777800F8B1109C
:1002F0009478387106989802E4B911591128067655
:1003000000B80C70A0B9115901290475A0B8826019
:1003100000C3C01F00A03413012B341000C3FFFF23
:1003200000FF42B13139114042A800A01DB09178C0
:10033000FA7142B86478020C00BA29AA00C4548049
:1003400001B842B84DB900C3C04001B83413977B1F
:10035000047240EC020C44785C7953AA0A0C28140D
:1003600042B84DB9FFB301DB2671244C00C3FF0F27
:10037000FF0138145479407841785579020C5B7943
:100380005A79140C5F795E794A784278347002DBCE
:100390001471527951795079020C5B795A795F79ED
:1003A0005E791E7004DB1A7100C4FF07000000C3F1
:1003B000342102B848133FBB467B020C5B795A7963
:1003C0003DBB407B4CBB447B457B00C3181F00A05A
:1003D0003414403C207100C068C000B84810281395
:1003E0000C4B1C48341448102813344B4448341424
:1003F000481028134AAA4BAA04B86D781DB8517842
:100400005CB84B784E7800A000C074C000B80411EE
:10041000108800B9181068480411108801B90B61E0
:1004200018102C4804111088008800C1231C0000FB
:1004300018104AB864784BB86478260C28B000C10C
:10044000FFFF0FF0113871B90B61114028A828B9CE
:100450007379747900C21010303045AA54790E0CAB
:1004600000C0E84001B8041100C23030101045AAA5
:100470000E0C0410008810880698C20D00910090A0
:1004800020888F618F600698C20D0090886A214095
:100490000112906A035800C13F3F00001138FFBCB1
:1004A000022441281138014245AA28B953794AB893
:1004B00044784BB8447800900091181000912C4873
:1004C000181000916848181000A091684360916965
:1004D0004361115B012B112841603128315B00BA67
:1004E000302806763128204A4163302806763128A4
:1004F000104A4163302806763128084A4163302883
:1005000006763128044A4163302806763128024AAB
:10051000416330280476014A00A0115910D90671B0
:100520000860086008D90471086004D90471046087
:1005300002D90471026001D90471016000A000BAFF
:1005400001D806710148112A1F61016001D8F672B5
:100550000138F67200A000C220C001B8241211595F
:100560002129127300210E7100C238C001B8241273
:100570000121212900A002B020D8147100C0981ECA
:1005800000A0041002B945790698D013EA7003B0B0
:100590009F78087200B806A800F806986C0700C596
:1005A000641F00A05088044D1CBC00C09C1E00A00D
:1005B000811101D91E71407C009501153C4D508878
:1005C000044DFFBB1863315B041106984E0E3129B0
:1005D000F8750698C61A54150698F01B01D90872CA
:1005E00006988607067006982C081CBB547B069854
:1005F000AC1701D8067202987A0FFFB901211038A2
:10060000F67281129B7AF07100C2448001B8241402
:1006100000C0A81E00A004100113002004104050C8
:100620000C7200B90698880F18B90A7018B90698A4
:10063000880F00B900B806987E0F704A08B806986F
:100640007E0F00C2284000B814B806987E0F00C282
:10065000EC4001B80CB806987E0F202210B806981E
:100660007E0F1088308806988607009300910698C0
:10067000880F00C0AC1E00A00412FFB90121214167
:100680001810009500F8312811280410081200A055
:1006900004B831281128F8B1181000A00698C20833
:1006A0000E700698240C0698C2080698CC1206987C
:1006B00036079112211900C02C4001B80A78097838
:1006C00000F810B901BA06985E14069884110698CD
:1006D000C21700C5641F00A081109D78FC7200F84D
:1006E000911203321CB900C38C1E00A0341300C445
:1006F000B04000541DB84278707903DE067144782A
:100700003A707179A11020D806710298AE1080DB82
:100710001C7102D8187205B80814A11010300248D4
:10072000081400B808149110086008141DB8627805
:10073000A11000DC0676517900BA911120311D61BB
:10074000911004D80E7200C1381F00A0141101D9F5
:100750000A7120880698AA11009200C1204000B8B2
:100760000533054B1872084C03DE0471904C441499
:1007700000C3FF1F0000413BFF233811944900C311
:10078000384101B83413086380DB0C7103BA186276
:100790000698961008701862069896100C49087909
:1007A000097914102140081100A000BD06987202BA
:1007B00010B903DC047100B901BA06985E1402D9BD
:1007C000067100404E7203B118610F310698D211C4
:1007D000FFD82872811008D8187106DD0A710698B2
:1007E000720203DC0C72069816120698A4140C70A0
:1007F00006DD107106981C12487020B804A806DDAA
:1008000010720698C2080698360701F840B804A886
:1008100000F800C08C1E00A00413086301DB2271E5
:1008200091100111186111381DB910D8087144795F
:100830000298AE1002DBFA72A11328DBF47203BD3A
:10084000069878110698C2081DBA7F7A0698FA04AD
:1008500000C5681F00A00698720200BA03DC167279
:10086000044DA11002D804711C4D00C10CC101B887
:100870000698B6045415212D069858050298EC08E0
:100880009110015503355150011900A000C1341FCA
:1008900000A0141001D8427101480860FE200E75B6
:1008A000811020D8087100C1381F00A0141101D98F
:1008B000287100C02C4001B80412215108610F3189
:1008C00018611152281000C0084001B8041191129B
:1008D000215120311152211900A0811380DB0672B1
:1008E00001B800A000C314C001B8341006302E7245
:1008F0006C4B34121C4B3410186002302072811083
:1009000080D8DE713410014A0862046080302150C2
:100910008C480A717F234D233410013000A000BDA4
:10092000069878111CB847784578437802B844781F
:1009300000A00698C2080698161200C5741F00A0F1
:100940005415069858050298EC08B1138F7B0A726B
:1009500000C384C40350017B0698981400C1384139
:1009600001B814118F790E7100C1B84000B800BAF7
:100970000698961050BA069868140698D211FFD8B7
:100980004A71911004D84872811008601CD84072D6
:1009900020D938721112FF32215134718021802107
:1009A000111400C0C01E00A00413FFBA3151113A47
:1009B000215111531DB938107B7940440E7200B992
:1009C00000C2941E00A01812067004B86078069841
:1009D000921400F800B900C2A44000541812644AEE
:1009E0000AB918121CBA507A517A1DB942795F7946
:1009F00000A00698720207DC1072911000200A75A0
:100A00000698CC120298C60F0698360701B99110C5
:100A100004D8047100B910BA06985E1400BA0040F8
:100A2000347100C08C1E00A00411086101D912713C
:100A300004D9E2728110086001D8DA711DB86478B7
:100A400000C11CC101B80698B60401B81160002AA3
:100A5000047600BA0698CC1200C5781F00A0541581
:100A6000212D0698860700C57C1F00A000F800BC59
:100A7000811108D9167280D9207201B910BA06986E
:100A80005E1400400E7101BC107006981612069894
:100A9000A41420B804A800F80698CC1281110231E1
:100AA000127100B900C2144000541812244A02B94D
:100AB00018120698161200C5801F00A0541506983B
:100AC0004E1B0298EC080411012114711CBA737AB0
:100AD000042004122811042004110121F47200A042
:100AE0000698FA0401F80698AC1701D81671FFB9F8
:100AF000012110380E7281109B78087104B9677952
:100B000000F8911010D8287100C51CC101B854110B
:100B100006984E0E00C5B01E00A054155129EA7566
:100B200007B876781DB8447801B804A800F8B11069
:100B3000186010D82E7100C05040005400C3084007
:100B400000B83114984C44113411086101D9FA717C
:100B50004412281008622810086228100862281021
:100B6000E8700298AC0206988E02113804721E6278
:100B700002BB00C1C01E00A0141120390C729112DA
:100B800010DA0672417B00A00698981400C28C1EF1
:100B900000A0241220DA0472617B1CBA527A00A0F1
:100BA0001CBA727A811204DAFC7200A01CB86B784D
:100BB00000C0684000B82F7800A00698BE110698C3
:100BC000AC1701D83A7100C22C4001B82410036060
:100BD000911120310151383111501D6008121DB999
:100BE000537900C2448001B8241200C0A81E00A09E
:100BF0000410182000200410205004717379106331
:100C00001EB9637900B902EC00CD114502EC00CCAD
:100C100001DB087100BB0298301903B8411107319C
:100C2000FA211C760621911210DA087102DD107289
:100C30001E7020B80698120E3038147208B8069844
:100C4000860400C02C4000B82978207800F80560A0
:100C500020D8067102986A1602EC00CA05B823DA99
:100C6000187104DBDA7120DAD67110DAD2721EB88C
:100C7000617800B801DA067202EC00C8911110D94F
:100C8000267100C1A01E00A014111150FF300C727B
:100C90000761A110115002300A7180DB0A720AB894
:100CA0009E701DB97C791860911111402111C031DD
:100CB000114001191EB8411108D90471667820D974
:100CC00004726578A11002D80672C0DA1E711EB8CF
:100CD000273123DD087210DB1072607825DD0A7180
:100CE00021DD087208DB0471627803B84111073115
:100CF0000872A1152035AA7102DD2072A11120D938
:100D0000A07102D91672CCDA9872411140D9927250
:100D100006B8054D5A7202980C1521114049C0D9E8
:100D20004C71A031411540350265514104610863A1
:100D300008DA1E7204DA36721049A11502350671FE
:100D400010DB0E7201340A7108DB22711EB867785D
:100D5000CC3211101A300ADC0872CCDE0471FD317D
:100D600000C00D0F0C0D216001D85C7207B802980D
:100D7000361500BA411108D90C7102EC00CA05B849
:100D800030DAEC720734F031036101DA04710149A1
:100D900000C0F300A3E3216001D8D27100C0981411
:100DA000406821604030014440DA0471204C043234
:100DB0000262204A111006301F60014218311D6185
:100DC000114202985415204A00C0051708502160AE
:100DD000113001422088FFBB0DDA507100C1DE1BCB
:100DE000250180BC04DA107208DA0A7200C120847E
:100DF0001000E024A02408634143026401DA067174
:100E00001E49024B00C0081F00A008633810BC2018
:100E100002DA127101B91159A11380DB087100C106
:100E200000FCFF0118100298BC1800C48C1E00A022
:100E3000441080D87C710092D0DA06710DDA0C7102
:100E40001EBD437DEFBD0698100304620DDA867265
:100E5000A11105D95C7100C2404000542412102435
:100E6000281401D9067202D9327140D91E7102ECE0
:100E700000CA211018320471FA2220D80472082204
:100E8000FE22087502EC00C8F87001D90E7102EC60
:100E900000C802D9067204DC187200C08C1E00A0C3
:100EA00004101D6001D806711EB8647807B8737805
:100EB0000298301900C08C1E00A0041080300A7106
:100EC00000C0AC1E00A0041000A00698AC1701D80A
:100ED0002E71911010D828728110A0D8227203B000
:100EE00084781C7200C12C4001B814100DBA487AE5
:100EF000697A6B7A08111CB87B7807B8757800A0FE
:100F0000641000C6881F00A0C3B80698780200C409
:100F10002C1F00A014BA281400B8011AB1108F7841
:100F20000A7200C084C40350017891101030011976
:100F300005BA0698681402D9067101B804A800C061
:100F40008C1E00A0041380DB06710298B2141DBA37
:100F50007C7A01DB6A7100C20C1F00A024111114FD
:100F6000FF3402EC00C8FF24FA7608610698220ECE
:100F7000046111380F3004611114011141100698F9
:100F8000220E01D8087203B8029836151C4A02DBFB
:100F900022712410112811280412023004711062E9
:100FA00000C0FFFF0000213800C2204000B8FF2031
:100FB0000812411008600698220E01D87C7120BCEE
:100FC0001033767100BB00C1081F00A01415C021AA
:100FD000112C511218620F320E714088511406986C
:100FE000581941430094511208651C620F320E716A
:100FF00041115114069858191C6441430865513B2E
:1010000000C1C41E00A01411111231100F30127152
:1010100000BA056101D80471114201600FD8F47261
:10102000311003601E30047201B8003A087204B82F
:10103000029836150298221700C0384101B80411F1
:101040008F7914717F20692004110861303110DD1F
:1010500006711DBA637A0698BE1106980E0300F851
:1010600030885088FF34087102ECFF24F87002ECDD
:1010700000CD1410595001440421FF22F2720F4C8C
:101080000095009300A000C1901E00A0141100A0C4
:1010900030880698A01B8111086102D90672029857
:1010A000641A1CBB557B086120D906710298541A3A
:1010B0000088A110186006987E1908211415FC25D7
:1010C0001EBB5C7B5D7B00C1084001B81411073179
:1010D000FE21307608D82A725113FC23341304DB26
:1010E00020711863FF33315B00C110C000B81411C8
:1010F000086180490C71FF31302954751EBB7B7B20
:1011000010707B7B7C7B00DD04717D7B01BB38151F
:10111000EC25541300DF5471042505DF5471541578
:101120002111208806984E0E009251293E7500C16B
:10113000084001B8141102DB0C710731315B312911
:101140002A760C7004DF0872016180D91E7206983D
:101150007E1900C010C000B80698E41B06987E19DE
:101160001411FFD960720298AA1A0090009300A08F
:101170005415A111186110D9A672082508D8A071BC
:10118000082510D89A712088211106984E0EFC254A
:101190005412112AF82554110C2520D80871F02575
:1011A000541110252029047621591815009202980F
:1011B000161A07B97179811010D80A711CB84478D1
:1011C00002B841781CB9747904B9677900F88110C4
:1011D000A0D808711CB9497900A0086002D8FA713A
:1011E00006987E19108806989814106210DA087113
:1011F00008211415F025541100C20020FEFF2029FB
:1012000012750698F01B01D90A720698C208069852
:10121000360700941CBB41100C200698BE134111E8
:10122000082114100698BE133128441111120861C8
:10123000FF31FF3201221052107218611814042479
:101240004413042438140C70186121411814082424
:101250000814029892144044147100C1941E00A016
:10126000141551131C630FDB0C72196506980A05DF
:10127000411500A000C3784000B83413807B06728B
:10128000069836070698981408BB511406980E1B4A
:101290004415FC25541500C3784000B83413807BF6
:1012A000047100A0029858051CB900C38C1E00A050
:1012B0003413086308DB1A718113A0DB06714979C6
:1012C00010706979086302DB087204B9677900F865
:1012D00000A08111086102D910711CB975790698B6
:1012E0007E191411FF3100A0FFB900A004100821DD
:1012F0001411F421081100A08111106110310E7138
:1013000006987E1908211411F821141100A000007C
:1013100019550100D1540100DD540100B1550100FF
:10132000F7380300194003001D4003002940030063
:1013300021400300254003006C6F7765722D6D61BD
:10134000632D7261696C2D3830322E31352E342E7A
:1013500063006C69627261696C2E610000010304B4
:10136000756E636C61696D65640062756666657251
:101370002D6D616E6167656D656E742E63006C65C1
:10138000676163792D7061636B65742D6275666644
:1013900065722E63006576656E742D717565756571
:1013A0002E6300000700100008001A00060011005C
:1013B00002001100040004000100040009000800FC
:1013C0000A000A000B00020000000000C215040021
:1013D0005915040000000000C3150400DCF40300EC
:1013E000000000005DF403005FF403000000000053
:1013F00061F4030031150400D8150400DDF4030086
:101400005EF403000000000062F4030020140400F6
:101410005AF403005CF4030060F403005BF403007F
:10142000000203040508090A0B0001020304051D5C
:101430002000000007050000AA000000EDA0020047
:1014400089C30100A1F20100E1D1020091F5010080
:10145000BF4A0300C14A0300C54A0300C74A03004C
:10146000C34A0300316A02004D4102008D88020028
:1014700045C1010079E20100BB4A0300B945020001
:1014800095BF02001DD80100BD4A03001B290300BF
:1014900051CD02003D080300000000007A69676238
:1014A00065652D75707065722D6D61632E63006EBC
:1014B00065696768626F722E63006173736F636939
:1014C0006174696F6E2E630000130000000000005D
:1014D000000000000000000001000000914902002F
:1014E00002000000FF5B030003000000E948020067
:1014F00004000000795B0300050000008948020039
:1015000000000000000000000023001B2200FF007C
:10151000000000000C090202000000001C1A0B036E
:1015200003FF06080402020204020A0B030302037B
:101530000480FF0204FF0101010108000000000017
:101540000000003138323173005A696742656541E5
:101550006C6C69616E6365303980313131310031D5
:1015600034323231003132310032730031323231B3
:1015700031320031323231310032383100383131DC
:1015800000313832313100313231313132313232A1
:101590003231730031323200313231313232310086
:1015A000323238000000183810300000000000000F
:1015B0008F8E8C80726F7574652D7461626C652E70
:1015C000630081815A6967426565416C6C69616E2F
:1015D0006365303906080C10806D61632D6D756C84
:1015E00074692D6E6574776F726B2E630000FFFF58
:1015F000FFFFFFFFFFFFFFFF002020202020202013
:1016000020202828282828202020202020202020B2
:1016100020202020202020202088101010101010C2
:10162000101010101010101010040404040404040E
:1016300004040410101010101010414141414141A8
:10164000010101010101010101010101010101018A
:10165000010101011010101010104242424242429A
:10166000020202020202020202020202020202025A
:101670000202020210101010200000000000000002
:10168000000000000000000000000000000000005A
:10169000000000000000000000000000000000004A
:1016A000000000000000000000000000000000003A
:1016B000000000000000000000000000000000002A
:1016C000000000000000000000000000000000001A
:1016D000000000000000000000000000000000000A
:1016E00000000000000000000000000000000000FA
:1016F0000000000000000000000000008419040049
:10170000000000002C1704000200000091A5C36730
:1017100000F049028419040000000000741704005E
:1017200002000000A7A960E100F04902BC17040014
:101730004063598F404B4C000B000B001900C80050
:10174000D81500200000000000000000000000008C
:10175000BC1704004063598F404B4C000B001A002B
:101760001A007300D81500200000000000000000DF
:1017700000000000A01804004063598F404B4C004B
:101780000B000B001900C800D81500200000000055
:101790000000000000000000A01804004063598F02
:1017A000404B4C000B001A001A007300D8150020A3
:1017B000000000000000000000000000FC1F01030A
:1017C000A81B04001CC0011000F807001CC0013059
:1017D000F502080050C001008741300C244002018E
:1017E00007C0520000000000344002010000000069
:1017F00000000000584001016402FF008040010128
:101800004B01A0088C400201000000000000000015
:10181000E040010133000000F04001010000000041
:10182000FC4001019C200A00284101010310000036
:101830003C410B010000000000000000000000001F
:101840000000000000000000000000000100000097
:101850000000000000000000000000000000000088
:101860003C42010100000000A080020170780300EA
:10187000D5C00000A8800111F0010000A88001314E
:101880000542CB01AC800111F0010000AC800131B8
:1018900005228D00B080010100030002FFFFFFFF61
:1018A000FC1F0103F81B04001CC0011000F8070016
:1018B0001CC001301402080050C0010087413004F0
:1018C0002440020107006200387000003440020129
:1018D0000068010F40B8244058400101FC00690035
:1018E000804001012363E0118C400201038000006D
:1018F000BE0A0000E040010133000000F040010199
:10190000590B0000FC40010190200A002841010110
:10191000001E00003C410B0100148C00141A212809
:101920002E343B42495043557698BA0C2869000042
:10193000010000000721286414171A002004C86958
:10194000A1203A093C42010129000000A0800201C7
:1019500070780300D5C00000A8800111F0010000DC
:10196000A88001310542CB01AC800111F0010000DB
:10197000AC80013105228D00B0800101000300021E
:10198000FFFFFFFF0C400200018014007F400000B9
:10199000204002000000000000000000304007006E
:1019A0000000000000000000000000000000000037
:1019B0000000000000000000A007000050400100EF
:1019C000000000005C400200000000000000000079
:1019D000A840010007000000B440040000400000DF
:1019E000FF4C000000410000FF4D000008C0010056
:1019F0000000000020C00110FF00000020C00130E6
:101A00000043000024C00400EC80B3034375A80227
:101A1000000000002E02000054C003000E2D09E655
:101A200054060708D1B6020064C008000430000064
:101A300040201006C8F248181FE8F600BD4B72158A
:101A400011A3180510325476980A000088C00100CE
:101A50000000000008000101040700001800010157
:101A60000000000020000101088400001C40020169
:101A70001000000020F913042C40020100000000B7
:101A8000000000035C400501410800000100000067
:101A9000B0070800A7000000000000008440020119
:101AA0009BC34A74F0030000944007010101103009
:101AB00050707F7F00000000000000000000000068
:101AC0000000000000000000E440010100000000F0
:101AD000EC4001017DA8D98BF44002016404830726
:101AE0008813C83A0041020100612000B756351240
:101AF0000C410301F95412002030042988BB400036
:101B00002441010100000000304103016406660C1D
:101B10000C010000E853FA006841030164048307E4
:101B20008813820000000000304203010000000022
:101B30000000000E0000000044420101000000000F
:101B400010800101030000003880020111491000DB
:101B50000100000088800101000000009C8001015C
:101B6000EB400200B480010137000001880002024E
:101B7000000C00044C00000094000102000400006E
:101B8000D00002020E00000090029608E40001025C
:101B90003D094204F40001020000000018010102A6
:101BA00060005102FFFFFFFF100000006666660044
:101BB00000000000541C0400481C0400000C00003D
:101BC000001A9A00005A620280841E00042000005D
:101BD0001149500200000000000000000000000059
:101BE0000000000000000000B0841E0000000000A3
:101BF00000000000000000001000000066666600A3
:101C000000000000541C0400481C040000000000F8
:101C1000001A9A00005A620280841E000420FE000E
:101C20001149500200000000000000000000000008
:101C30000000000000000000B0841E000000000052
:101C40000000000000000000E1190000E1190000A0
:101C500000000000193F0106041001000001010608
:101C60000010270000090000000000000000000034
:081C7000842DFC7F010000003F
:0C1C7800841C040098100020EA01000009
:101C84009C1000200000000000000000A8100020AC
:101C9400837103006C750300000000008F71030062
:101CA4003C75030000000000967103009874030063
:101CB4000000000000000000000000000000000020
:101CC400BB7103002875030000000000C871030005
:101CD4001875030000000000D171030008750300AB
:101CE40000000000DA710300F87403000000000033
:101CF400E7710300E874030000000000F4710300BE
:101D0400D874030000000000FD710300C8740300D0
:101D14000000000006720300B87403000000000015
:101D240013720300A8740300000000000000000008
:101D34000000000000000000C07303005C75030095
:101D440000000000C77303004C750300000000008E
:101D54000000000000000000000000006B7403009D
:101D64007C7503000000000000000000000000007B
:101D7400000000000000000000000000CC9C0300F4
:101D8400981B0020A41E0020F2000000655B0000E8
:101D9400000000000000000070AE030088AE0300E5
:101DA400ACAD03007FB10300FE000000C0EA2101D6
:101DB400C0EA21010080000000F04902FFFFFFFF9C
:101DC400E8450020E011002000600F0000800000C2
:101DD4006C200020C8000000FE000000000000008D
:101DE40080AF03004018002098BF030033000000B8
:101DF40035DE000030D4030034D4030041D40300A2
:101E04004ED403005BD4030068D403007BD40300E6
:101E14008DD403009AD40300A7D40300B4D40300E0
:101E2400C9D40300DCD40300EED4030003D50300BB
:101E340012D5030023D5030032D5030042D5030095
:101E44004ED503005BD503006BD503007DD503009D
:101E54008CD503009BD50300A4D50300B9D503009A
:101E6400CED50300E3D5030003D6030011D6030047
:101E740030D603004BD603005ED603006BD60300B6
:101E840080D603008FD603009ED60300B0D603008D
:101E9400C2D60300D5D60300E8D603000000000034
:101EA4000F0000000030E70400C8180391DC0300B1
:101EB40096DC0300C1DC0300EFDC03001DDD03003E
:101EC4004ADD03007ADD0300AADD0300FADD030026
:101ED400005C2605F135030034F60300FFFFFFFF25
:101EE4004B38030047380300FFFFFFFF4F38030060
:101EF400FFFFFFFFFD7F0100FFFFFFFFFFFFFFFF6D
:101F0400FFFFFFFFFFFFFFFF6400000020A10700A9
:101F14000000000031AC01000000000083450020F7
:101F240000000000AC3B0020ADA90100C9D50100B0
:101F34007FB103000000000000000000000000006A
:101F440000000000AC3B002005B7010000000000C9
:101F54007FB103000000000000000000000000004A
:101F64000000000025450300AC3B0020ADC101008A
:101F7400C9D501007FB1030000000000000000008B
:101F84000000000000000000AC3B002095CA0100E6
:101F9400C9D501007FB1030000000000000000006B
:101FA400000000000000000060130400AC3B0020AF
:101FB400FDEB0100000000007FB103000000000001
:101FC400000000000000000000000000AC3B002006
:101FD4006DF10100000000007FB10300000000006B
:101FE400000000000000000000000000AC3B0020E6
:101FF4004D050200000000007FB103000000000056
:10200400000000000000000000000000B80B000009
:10201400AC3B0020390A0200000000007FB103003D
:1020240000000000000000000000000000000000AC
:10203400AC3B0020A1150200000000007FB10300AA
:10204400000000000000000000000000000000008C
:10205400AC3B002059170200000000007FB10300D0
:10206400000000000000000000000000000000006C
:10207400AC3B002019190200000000007FB10300EE
:10208400000000000000000000000000000000004C
:10209400AC3B00204D1D0200000000007FB1030096
:1020A400000000000000000000000000000000002C
:1020B400AC3B00206D230200000000007FB1030050
:1020C400000000000000000000000000000000000C
:1020D400AC3B0020235E0300000000007FB103003E
:1020E40000000000000000000000000000000000EC
:1020F400AC3B00203D880200000000007FB10300DB
:1021040000000000000000000000000000000000CB
:10211400AC3B002011A00200000000007FB10300CE
:1021240000000000000000000000000000000000AB
:10213400AC3B0020B1C90200000000007FB10300E5
:10214400000000000000000000000000000000008B
:10215400AC3B0020B1D20200000000007FB10300BC
:10216400000000000000000000000000000000006B
:102174008C15002000000000003C0020683C00207A
:10218400D03C00200000000000000000000000001F
:10219400000000000000000000000000000000003B
:1021A400000000000000000000000000000000002B
:1021B400000000000000000000000000000000001B
:1021C400FFFFFFFFFFFFFFFFFFFFCEFAEFBEFDFFA4
:1021D4002C01001E2C0140061027FFFF04F8FFFF0E
:1021E4000E0000000000FDFF2C019C000000FFFF1A
:1021F400FDFFFFFFFFFF60EA8000800010C1CDAB50
:102204000000400001FFFFFFFFFFFFFFFFFFFFFF94
:10221400FFFFFFFFFFFFFFFFFFFFFFFFFFFFFFFFCA
:10222400FFFFFFFFFF0101FFFF0201FF0F01020893
:10223400031E0605021601010A0C050A0705101003
:10224400010F08041001060101040301010FFF0E30
:1022540001FF405AB47F0150403000FFFFFF0B03E1
:10226400FF64FF01FF050B0101FF030103050202E7
:1022740001FFFFFFFFFFFFFFFF010102FFFFFF4020
:10228400FF010000F0B5114A114C124E00F0010597
:10229400E3695F0713D40DB9334213D103EA00078E
:1022A4008F4207D10B4A1A40002A0CBF00206FF05E
:1022B4000100F0BD013AEBD16FF00200F9E74FF0F5
:1022C400FF30F6E76FF00100F3E700BF8096980057
:1022D40000000350020001000B4B70B5D96911F4E2
:1022E40080310DD101244FF48072084E084DF46002
:1022F40020462C641A61FFF7C5FF3464EC6070BD9E
:102304006FF00100FBE700BF000003500010035012
:102314000020035038B541F6713301220C4C0021E2
:10232400E569E3630B4B05F48035DA6002236061F1
:1023340021202361FFF7A6FF10B92120FFF7A2FF98
:102344000122054BDA600DB10023E36338BD00BF01
:1023540000000350001003500020035070B5134CCC
:102364006061E3695B071ED40E4656F8043B8D1882
:10237400A361AE420BD10423002121202361FFF786
:1023840081FF58B9BDE870402120FFF77BBF0821C9
:102394000846FFF777FF10B10423236170BD56F898
:1023A400043BA361E5E74FF0FF30F7E7000003507B
:1023B4002DE9F843154641F67132164B8946DF691B
:1023C400DA630122064603F58053DFF8508007F4F0
:1023D4008037DA6055B9284601220F4BDA601FB105
:1023E4000022A3F50053DA63BDE8F88306F5005430
:1023F40004EA0804A41BAC4228BF2C4649462246E2
:102404003046FFF7ABFF0028E6D12644A1442D1B3C
:10241400E0E700BF000003500020035000E0FFFF8E
:08242400D1490000A9490000A4
:0400000300005C3568
:00000001FF
